blind_id,source_group,camera_type,t,direct_label,is_front_camera,is_overhead_camera,face_seen,gaze_side,gaze_down,bad_posture,eye_closed,blink,long_eye_closure,head_down,head_tilt,drowsy,page_turn,pen_fidget,restless_hand,unknown
B00d73b7c9a92,Sb97749af3711,front,0.0,unknown,1.0,0.0,0.0,0.0,0.0,0.0,0.0,0.0,0.0,0.0,0.0,0.0,0.0,0.0,0.0,0.0
B00d73b7c9a92,Sb97749af3711,front,1.0,unknown,1.0,0.0,0.0,0.0,0.0,0.0,0.0,0.0,0.0,0.0,0.0,0.0,0.0,0.0,0.0,0.0
B00d73b7c9a92,Sb97749af3711,front,2.0,unknown,1.0,0.0,0.0,0.0,0.0,0.0,0.0,0.0,0.0,0.0,0.0,0.0,0.0,0.0,0.0,0.0
B00d73b7c9a92,Sb97749af3711,front,3.0,unknown,1.0,0.0,0.0,0.0,0.0,0.0,0.0,0.0,0.0,0.0,0.0,0.0,0.0,0.0,0.0,0.0
B00d73b7c9a92,Sb97749af3711,front,4.0,unknown,1.0,0.0,0.0,0.0,0.0,0.0,0.0,0.0,0.0,0.0,0.0,0.0,0.0,0.0,0.0,0.0
B00d73b7c9a92,Sb97749af3711,front,5.0,unknown,1.0,0.0,0.0,0.0,0.0,0.0,0.0,0.0,0.0,0.0,0.0,0.0,0.0,0.0,0.0,0.0
B00d73b7c9a92,Sb97749af3711,front,6.0,unknown,1.0,0.0,0.0,0.0,0.0,0.0,0.0,0.0,0.0,0.0,0.0,0.0,0.0,0.0,0.0,0.0
B00d73b7c9a92,Sb97749af3711,front,7.0,unknown,1.0,0.0,0.0,0.0,0.0,0.0,0.0,0.0,0.0,0.0,0.0,0.0,0.0,0.0,0.0,0.0
B00d73b7c9a92,Sb97749af3711,front,8.0,unknown,1.0,0.0,0.0,0.0,0.0,0.0,0.0,0.0,0.0,0.0,0.0,0.0,0.0,0.0,0.0,0.0
B00d73b7c9a92,Sb97749af3711,front,9.0,unknown,1.0,0.0,0.0,0.0,0.0,0.0,0.0,0.0,0.0,0.0,0.0,0.0,0.0,0.0,0.0,0.0
B00d73b7c9a92,Sb97749af3711,overhead,0.0,unknown,0.0,1.0,0.0,0.0,0.0,0.0,0.0,0.0,0.0,0.0,0.0,0.0,0.0,0.0,0.0,0.0
B00d73b7c9a92,Sb97749af3711,overhead,1.0,unknown,0.0,1.0,0.0,0.0,0.0,0.0,0.0,0.0,0.0,0.0,0.0,0.0,0.0,0.0,0.0,0.0
B00d73b7c9a92,Sb97749af3711,overhead,2.0,unknown,0.0,1.0,0.0,0.0,0.0,0.0,0.0,0.0,0.0,0.0,0.0,0.0,0.0,0.0,0.0,0.0
B00d73b7c9a92,Sb97749af3711,overhead,3.0,unknown,0.0,1.0,0.0,0.0,0.0,0.0,0.0,0.0,0.0,0.0,0.0,0.0,0.0,0.0,0.0,0.0
B00d73b7c9a92,Sb97749af3711,overhead,4.0,unknown,0.0,1.0,0.0,0.0,0.0,0.0,0.0,0.0,0.0,0.0,0.0,0.0,0.0,0.0,0.0,0.0
B00d73b7c9a92,Sb97749af3711,overhead,5.0,unknown,0.0,1.0,0.0,0.0,0.0,0.0,0.0,0.0,0.0,0.0,0.0,0.0,0.0,0.0,0.0,0.0
B00d73b7c9a92,Sb97749af3711,overhead,6.0,unknown,0.0,1.0,0.0,0.0,0.0,0.0,0.0,0.0,0.0,0.0,0.0,0.0,0.0,0.0,0.0,0.0
B00d73b7c9a92,Sb97749af3711,overhead,7.0,unknown,0.0,1.0,0.0,0.0,0.0,0.0,0.0,0.0,0.0,0.0,0.0,0.0,0.0,0.0,0.0,0.0
B00d73b7c9a92,Sb97749af3711,overhead,8.0,unknown,0.0,1.0,0.0,0.0,0.0,0.0,0.0,0.0,0.0,0.0,0.0,0.0,0.0,0.0,0.0,0.0
B00d73b7c9a92,Sb97749af3711,overhead,9.0,unknown,0.0,1.0,0.0,0.0,0.0,0.0,0.0,0.0,0.0,0.0,0.0,0.0,0.0,0.0,0.0,0.0
B014284ec7a27,Sc17507c06476,front,0.0,focus,1.0,0.0,1.0,0.0,0.0,1.0,0.0,0.0,0.0,0.0,1.0,0.0,0.0,0.0,0.0,0.0
B014284ec7a27,Sc17507c06476,front,1.0,focus,1.0,0.0,1.0,0.0,0.0,1.0,0.0,0.0,0.0,0.0,1.0,0.0,0.0,0.0,0.0,0.0
B014284ec7a27,Sc17507c06476,front,2.0,focus,1.0,0.0,1.0,0.0,0.0,1.0,0.0,0.0,0.0,0.0,1.0,0.0,0.0,0.0,0.0,0.0
B014284ec7a27,Sc17507c06476,front,3.0,focus,1.0,0.0,1.0,0.0,0.0,1.0,0.0,0.0,0.0,0.0,1.0,0.0,0.0,0.0,0.0,0.0
B014284ec7a27,Sc17507c06476,front,4.0,focus,1.0,0.0,0.0,0.0,0.0,1.0,0.0,0.0,0.0,0.0,1.0,0.0,0.0,0.0,0.0,0.0
B014284ec7a27,Sc17507c06476,front,5.0,focus,1.0,0.0,1.0,0.0,0.0,0.0,0.0,0.0,0.0,0.0,0.0,0.0,0.0,0.0,0.0,0.0
B014284ec7a27,Sc17507c06476,front,6.0,focus,1.0,0.0,0.0,0.0,0.0,0.0,0.0,0.0,0.0,0.0,1.0,0.0,0.0,0.0,0.0,1.0
B014284ec7a27,Sc17507c06476,front,7.0,focus,1.0,0.0,0.0,0.0,0.0,0.0,0.0,0.0,0.0,0.0,0.0,0.0,0.0,0.0,0.0,1.0
B014284ec7a27,Sc17507c06476,front,8.0,focus,1.0,0.0,0.0,0.0,0.0,0.0,0.0,0.0,0.0,0.0,0.0,0.0,0.0,0.0,0.0,1.0
B014284ec7a27,Sc17507c06476,front,9.0,focus,1.0,0.0,0.0,0.0,0.0,0.0,0.0,0.0,0.0,0.0,0.0,0.0,0.0,0.0,0.0,1.0
B014284ec7a27,Sc17507c06476,overhead,0.0,focus,0.0,1.0,0.0,0.0,0.0,0.0,0.0,0.0,0.0,0.0,0.0,0.0,0.0,0.0,0.0,0.0
B014284ec7a27,Sc17507c06476,overhead,1.0,focus,0.0,1.0,0.0,0.0,0.0,0.0,0.0,0.0,0.0,0.0,0.0,0.0,0.0,0.0,0.0,0.0
B014284ec7a27,Sc17507c06476,overhead,2.0,focus,0.0,1.0,0.0,0.0,0.0,0.0,0.0,0.0,0.0,0.0,0.0,0.0,0.0,0.0,0.0,0.0
B014284ec7a27,Sc17507c06476,overhead,3.0,focus,0.0,1.0,0.0,0.0,0.0,0.0,0.0,0.0,0.0,0.0,0.0,0.0,0.0,0.0,0.0,0.0
B014284ec7a27,Sc17507c06476,overhead,4.0,focus,0.0,1.0,0.0,0.0,0.0,0.0,0.0,0.0,0.0,0.0,0.0,0.0,0.0,0.0,0.0,0.0
B014284ec7a27,Sc17507c06476,overhead,5.0,focus,0.0,1.0,0.0,0.0,0.0,0.0,0.0,0.0,0.0,0.0,0.0,0.0,0.0,0.0,0.0,0.0
B014284ec7a27,Sc17507c06476,overhead,6.0,focus,0.0,1.0,0.0,0.0,0.0,0.0,0.0,0.0,0.0,0.0,0.0,0.0,0.0,0.0,0.0,0.0
B014284ec7a27,Sc17507c06476,overhead,7.0,focus,0.0,1.0,0.0,0.0,0.0,0.0,0.0,0.0,0.0,0.0,0.0,0.0,0.0,0.0,0.0,0.0
B014284ec7a27,Sc17507c06476,overhead,8.0,focus,0.0,1.0,0.0,0.0,0.0,0.0,0.0,0.0,0.0,0.0,0.0,0.0,0.0,0.0,0.0,0.0
B014284ec7a27,Sc17507c06476,overhead,9.0,focus,0.0,1.0,0.0,0.0,0.0,0.0,0.0,0.0,0.0,0.0,0.0,0.0,0.0,0.0,0.0,0.0
B01908eed1d30,S38533928bb7e,front,1523.0,gaze_side,1.0,0.0,1.0,1.0,0.0,0.0,0.0,0.0,0.0,0.0,1.0,0.0,0.0,0.0,0.0,0.0
B01908eed1d30,S38533928bb7e,front,1524.0,gaze_side,1.0,0.0,1.0,1.0,0.0,0.0,0.0,0.0,0.0,0.0,1.0,0.0,0.0,0.0,0.0,0.0
B01908eed1d30,S38533928bb7e,front,1525.0,gaze_side,1.0,0.0,1.0,1.0,0.0,0.0,0.0,0.0,0.0,0.0,1.0,0.0,0.0,0.0,0.0,0.0
B01908eed1d30,S38533928bb7e,front,1526.0,gaze_side,1.0,0.0,1.0,1.0,0.0,0.0,0.0,0.0,0.0,0.0,1.0,0.0,0.0,0.0,0.0,0.0
B01908eed1d30,S38533928bb7e,front,1527.0,gaze_side,1.0,0.0,1.0,1.0,0.0,0.0,0.0,0.0,0.0,0.0,1.0,0.0,0.0,0.0,0.0,0.0
B01908eed1d30,S38533928bb7e,front,1528.0,gaze_side,1.0,0.0,1.0,1.0,0.0,0.0,0.0,0.0,0.0,0.0,1.0,0.0,0.0,0.0,0.0,0.0
B01908eed1d30,S38533928bb7e,front,1529.0,gaze_side,1.0,0.0,1.0,1.0,0.0,0.0,0.0,0.0,0.0,0.0,1.0,0.0,0.0,0.0,0.0,0.0
B01908eed1d30,S38533928bb7e,overhead,1523.0,gaze_side,0.0,1.0,0.0,0.0,0.0,0.0,0.0,0.0,0.0,0.0,0.0,0.0,0.0,0.0,0.0,0.0
B01908eed1d30,S38533928bb7e,overhead,1524.0,gaze_side,0.0,1.0,0.0,0.0,0.0,0.0,0.0,0.0,0.0,0.0,0.0,0.0,0.0,0.0,0.0,0.0
B01908eed1d30,S38533928bb7e,overhead,1525.0,gaze_side,0.0,1.0,0.0,0.0,0.0,0.0,0.0,0.0,0.0,0.0,0.0,0.0,0.0,0.0,0.0,0.0
B01908eed1d30,S38533928bb7e,overhead,1526.0,gaze_side,0.0,1.0,0.0,0.0,0.0,0.0,0.0,0.0,0.0,0.0,0.0,0.0,0.0,0.0,0.0,0.0
B01908eed1d30,S38533928bb7e,overhead,1527.0,gaze_side,0.0,1.0,0.0,0.0,0.0,0.0,0.0,0.0,0.0,0.0,0.0,0.0,0.0,0.0,0.0,0.0
B01908eed1d30,S38533928bb7e,overhead,1528.0,gaze_side,0.0,1.0,0.0,0.0,0.0,0.0,0.0,0.0,0.0,0.0,0.0,0.0,0.0,0.0,0.0,0.0
B01908eed1d30,S38533928bb7e,overhead,1529.0,gaze_side,0.0,1.0,0.0,0.0,0.0,0.0,0.0,0.0,0.0,0.0,0.0,0.0,0.0,0.0,0.0,0.0
B019b84ce925f,Sc17507c06476,front,0.0,focus,1.0,0.0,1.0,0.0,0.0,1.0,0.0,0.0,0.0,0.0,1.0,0.0,0.0,0.0,0.0,0.0
B019b84ce925f,Sc17507c06476,front,1.0,focus,1.0,0.0,1.0,0.0,0.0,1.0,1.0,1.0,0.0,0.0,0.0,0.0,0.0,0.0,0.0,0.0
B019b84ce925f,Sc17507c06476,front,2.0,focus,1.0,0.0,1.0,0.0,0.0,1.0,0.0,0.0,0.0,0.0,0.0,0.0,0.0,0.0,0.0,0.0
B019b84ce925f,Sc17507c06476,front,3.0,focus,1.0,0.0,1.0,0.0,0.0,1.0,0.0,0.0,0.0,0.0,0.0,0.0,0.0,0.0,0.0,0.0
B019b84ce925f,Sc17507c06476,front,4.0,focus,1.0,0.0,1.0,0.0,0.0,0.0,0.0,0.0,0.0,0.0,0.0,0.0,0.0,0.0,0.0,0.0
B019b84ce925f,Sc17507c06476,front,5.0,focus,1.0,0.0,1.0,0.0,0.0,0.0,0.0,0.0,0.0,0.0,0.0,0.0,0.0,0.0,0.0,0.0
B019b84ce925f,Sc17507c06476,front,6.0,focus,1.0,0.0,1.0,0.0,0.0,0.0,1.0,0.0,0.0,0.0,0.0,0.0,0.0,0.0,0.0,0.0
B019b84ce925f,Sc17507c06476,front,7.0,focus,1.0,0.0,1.0,0.0,0.0,0.0,1.0,0.0,0.0,0.0,0.0,0.0,0.0,0.0,0.0,0.0
B019b84ce925f,Sc17507c06476,front,8.0,focus,1.0,0.0,1.0,0.0,0.0,0.0,1.0,0.0,0.0,0.0,0.0,0.0,0.0,0.0,0.0,0.0
B019b84ce925f,Sc17507c06476,front,9.0,focus,1.0,0.0,1.0,0.0,0.0,0.0,0.0,0.0,0.0,0.0,0.0,0.0,0.0,0.0,0.0,0.0
B019b84ce925f,Sc17507c06476,overhead,0.0,focus,0.0,1.0,0.0,0.0,0.0,0.0,0.0,0.0,0.0,0.0,0.0,0.0,0.0,0.0,0.0,0.0
B019b84ce925f,Sc17507c06476,overhead,1.0,focus,0.0,1.0,0.0,0.0,0.0,0.0,0.0,0.0,0.0,0.0,1.0,0.0,0.0,0.0,0.0,0.0
B019b84ce925f,Sc17507c06476,overhead,2.0,focus,0.0,1.0,0.0,0.0,0.0,0.0,0.0,0.0,0.0,0.0,0.0,0.0,0.0,0.0,0.0,0.0
B019b84ce925f,Sc17507c06476,overhead,3.0,focus,0.0,1.0,0.0,0.0,0.0,0.0,0.0,0.0,0.0,0.0,0.0,0.0,0.0,0.0,0.0,0.0
B019b84ce925f,Sc17507c06476,overhead,4.0,focus,0.0,1.0,0.0,0.0,0.0,0.0,0.0,0.0,0.0,0.0,0.0,0.0,0.0,0.0,0.0,0.0
B019b84ce925f,Sc17507c06476,overhead,5.0,focus,0.0,1.0,0.0,0.0,0.0,0.0,0.0,0.0,0.0,0.0,0.0,0.0,0.0,0.0,0.0,0.0
B019b84ce925f,Sc17507c06476,overhead,6.0,focus,0.0,1.0,0.0,0.0,0.0,0.0,0.0,0.0,0.0,0.0,0.0,0.0,0.0,0.0,0.0,0.0
B019b84ce925f,Sc17507c06476,overhead,7.0,focus,0.0,1.0,0.0,0.0,0.0,0.0,0.0,0.0,0.0,0.0,0.0,0.0,0.0,0.0,0.0,0.0
B019b84ce925f,Sc17507c06476,overhead,8.0,focus,0.0,1.0,0.0,0.0,0.0,0.0,0.0,0.0,0.0,0.0,0.0,0.0,0.0,0.0,0.0,0.0
B019b84ce925f,Sc17507c06476,overhead,9.0,focus,0.0,1.0,0.0,0.0,0.0,0.0,0.0,0.0,0.0,0.0,0.0,0.0,0.0,0.0,0.0,0.0
B01e68bebb4d7,S08ea3e793bb0,front,0.0,focus,1.0,0.0,0.0,0.0,0.0,1.0,0.0,0.0,0.0,0.0,1.0,0.0,0.0,0.0,0.0,0.0
B01e68bebb4d7,S08ea3e793bb0,front,1.0,focus,1.0,0.0,0.0,0.0,0.0,1.0,0.0,0.0,0.0,0.0,1.0,0.0,0.0,0.0,0.0,0.0
B01e68bebb4d7,S08ea3e793bb0,front,2.0,focus,1.0,0.0,0.0,0.0,0.0,1.0,0.0,0.0,0.0,0.0,1.0,0.0,0.0,0.0,0.0,0.0
B01e68bebb4d7,S08ea3e793bb0,front,3.0,focus,1.0,0.0,0.0,0.0,0.0,1.0,0.0,0.0,0.0,0.0,1.0,0.0,0.0,0.0,0.0,0.0
B01e68bebb4d7,S08ea3e793bb0,front,4.0,focus,1.0,0.0,0.0,0.0,0.0,1.0,0.0,0.0,0.0,0.0,1.0,0.0,0.0,0.0,0.0,0.0
B01e68bebb4d7,S08ea3e793bb0,front,5.0,focus,1.0,0.0,1.0,0.0,0.0,1.0,0.0,0.0,0.0,0.0,0.0,0.0,0.0,0.0,0.0,0.0
B01e68bebb4d7,S08ea3e793bb0,front,6.0,focus,1.0,0.0,0.0,0.0,0.0,1.0,0.0,0.0,0.0,0.0,1.0,0.0,0.0,0.0,0.0,0.0
B01e68bebb4d7,S08ea3e793bb0,front,7.0,focus,1.0,0.0,1.0,0.0,0.0,0.0,0.0,0.0,0.0,0.0,1.0,0.0,0.0,0.0,0.0,0.0
B01e68bebb4d7,S08ea3e793bb0,front,8.0,focus,1.0,0.0,1.0,0.0,0.0,0.0,1.0,0.0,0.0,0.0,1.0,0.0,0.0,0.0,0.0,0.0
B01e68bebb4d7,S08ea3e793bb0,front,9.0,focus,1.0,0.0,1.0,0.0,0.0,0.0,1.0,0.0,0.0,1.0,1.0,0.0,0.0,0.0,0.0,0.0
B01e68bebb4d7,S08ea3e793bb0,overhead,0.0,focus,0.0,1.0,0.0,0.0,0.0,0.0,0.0,0.0,0.0,0.0,0.0,0.0,0.0,0.0,0.0,0.0
B01e68bebb4d7,S08ea3e793bb0,overhead,1.0,focus,0.0,1.0,0.0,0.0,0.0,0.0,0.0,0.0,0.0,0.0,0.0,0.0,0.0,0.0,0.0,0.0
B01e68bebb4d7,S08ea3e793bb0,overhead,2.0,focus,0.0,1.0,0.0,0.0,0.0,0.0,0.0,0.0,0.0,0.0,0.0,0.0,0.0,0.0,0.0,0.0
B01e68bebb4d7,S08ea3e793bb0,overhead,3.0,focus,0.0,1.0,0.0,0.0,0.0,0.0,0.0,0.0,0.0,0.0,0.0,0.0,0.0,0.0,0.0,0.0
B01e68bebb4d7,S08ea3e793bb0,overhead,4.0,focus,0.0,1.0,0.0,0.0,0.0,0.0,0.0,0.0,0.0,0.0,0.0,0.0,0.0,0.0,0.0,0.0
B01e68bebb4d7,S08ea3e793bb0,overhead,5.0,focus,0.0,1.0,0.0,0.0,0.0,0.0,0.0,0.0,0.0,0.0,0.0,0.0,0.0,0.0,0.0,0.0
B01e68bebb4d7,S08ea3e793bb0,overhead,6.0,focus,0.0,1.0,0.0,0.0,0.0,0.0,0.0,0.0,0.0,0.0,0.0,0.0,0.0,0.0,0.0,0.0
B01e68bebb4d7,S08ea3e793bb0,overhead,7.0,focus,0.0,1.0,0.0,0.0,0.0,0.0,0.0,0.0,0.0,0.0,0.0,0.0,0.0,0.0,0.0,0.0
B01e68bebb4d7,S08ea3e793bb0,overhead,8.0,focus,0.0,1.0,1.0,0.0,0.0,0.0,0.0,0.0,0.0,0.0,1.0,0.0,0.0,0.0,0.0,0.0
B01e68bebb4d7,S08ea3e793bb0,overhead,9.0,focus,0.0,1.0,1.0,0.0,0.0,0.0,0.0,0.0,0.0,0.0,1.0,0.0,0.0,0.0,0.0,0.0
B025115d6b980,Sb97749af3711,front,0.0,unknown,1.0,0.0,0.0,0.0,0.0,0.0,0.0,0.0,0.0,0.0,0.0,0.0,0.0,0.0,0.0,0.0
B025115d6b980,Sb97749af3711,front,1.0,unknown,1.0,0.0,0.0,0.0,0.0,0.0,0.0,0.0,0.0,0.0,0.0,0.0,0.0,0.0,0.0,0.0
B025115d6b980,Sb97749af3711,front,2.0,unknown,1.0,0.0,0.0,0.0,0.0,0.0,0.0,0.0,0.0,0.0,0.0,0.0,0.0,0.0,0.0,0.0
B025115d6b980,Sb97749af3711,front,3.0,unknown,1.0,0.0,0.0,0.0,0.0,0.0,0.0,0.0,0.0,0.0,0.0,0.0,0.0,0.0,0.0,0.0
B025115d6b980,Sb97749af3711,front,4.0,unknown,1.0,0.0,0.0,0.0,0.0,0.0,0.0,0.0,0.0,0.0,0.0,0.0,0.0,0.0,0.0,0.0
B025115d6b980,Sb97749af3711,front,5.0,unknown,1.0,0.0,0.0,0.0,0.0,0.0,0.0,0.0,0.0,0.0,0.0,0.0,0.0,0.0,0.0,0.0
B025115d6b980,Sb97749af3711,front,6.0,unknown,1.0,0.0,0.0,0.0,0.0,0.0,0.0,0.0,0.0,0.0,0.0,0.0,0.0,0.0,0.0,0.0
B025115d6b980,Sb97749af3711,front,7.0,unknown,1.0,0.0,0.0,0.0,0.0,0.0,0.0,0.0,0.0,0.0,0.0,0.0,0.0,0.0,0.0,0.0
B025115d6b980,Sb97749af3711,front,8.0,unknown,1.0,0.0,0.0,0.0,0.0,0.0,0.0,0.0,0.0,0.0,0.0,0.0,0.0,0.0,0.0,0.0
B025115d6b980,Sb97749af3711,front,9.0,unknown,1.0,0.0,0.0,0.0,0.0,0.0,0.0,0.0,0.0,0.0,0.0,0.0,0.0,0.0,0.0,0.0
B025115d6b980,Sb97749af3711,overhead,0.0,unknown,0.0,1.0,0.0,0.0,0.0,0.0,0.0,0.0,0.0,0.0,0.0,0.0,0.0,0.0,0.0,0.0
B025115d6b980,Sb97749af3711,overhead,1.0,unknown,0.0,1.0,0.0,0.0,0.0,0.0,0.0,0.0,0.0,0.0,0.0,0.0,0.0,0.0,0.0,0.0
B025115d6b980,Sb97749af3711,overhead,2.0,unknown,0.0,1.0,0.0,0.0,0.0,0.0,0.0,0.0,0.0,0.0,0.0,0.0,0.0,0.0,0.0,0.0
B025115d6b980,Sb97749af3711,overhead,3.0,unknown,0.0,1.0,0.0,0.0,0.0,0.0,0.0,0.0,0.0,0.0,0.0,0.0,0.0,0.0,0.0,0.0
B025115d6b980,Sb97749af3711,overhead,4.0,unknown,0.0,1.0,0.0,0.0,0.0,0.0,0.0,0.0,0.0,0.0,0.0,0.0,0.0,0.0,0.0,0.0
B025115d6b980,Sb97749af3711,overhead,5.0,unknown,0.0,1.0,0.0,0.0,0.0,0.0,0.0,0.0,0.0,0.0,0.0,0.0,0.0,0.0,0.0,0.0
B025115d6b980,Sb97749af3711,overhead,6.0,unknown,0.0,1.0,0.0,0.0,0.0,0.0,0.0,0.0,0.0,0.0,0.0,0.0,0.0,0.0,0.0,0.0
B025115d6b980,Sb97749af3711,overhead,7.0,unknown,0.0,1.0,0.0,0.0,0.0,0.0,0.0,0.0,0.0,0.0,0.0,0.0,0.0,0.0,0.0,0.0
B025115d6b980,Sb97749af3711,overhead,8.0,unknown,0.0,1.0,0.0,0.0,0.0,0.0,0.0,0.0,0.0,0.0,0.0,0.0,0.0,0.0,0.0,0.0
B025115d6b980,Sb97749af3711,overhead,9.0,unknown,0.0,1.0,0.0,0.0,0.0,0.0,0.0,0.0,0.0,0.0,0.0,0.0,0.0,0.0,0.0,0.0
B04879fb55140,Sb97749af3711,front,0.0,unknown,1.0,0.0,0.0,0.0,0.0,0.0,0.0,0.0,0.0,0.0,0.0,0.0,0.0,0.0,0.0,0.0
B04879fb55140,Sb97749af3711,front,1.0,unknown,1.0,0.0,0.0,0.0,0.0,0.0,0.0,0.0,0.0,0.0,0.0,0.0,0.0,0.0,0.0,0.0
B04879fb55140,Sb97749af3711,front,2.0,unknown,1.0,0.0,0.0,0.0,0.0,0.0,0.0,0.0,0.0,0.0,0.0,0.0,0.0,0.0,0.0,0.0
B04879fb55140,Sb97749af3711,front,3.0,unknown,1.0,0.0,0.0,0.0,0.0,0.0,0.0,0.0,0.0,0.0,0.0,0.0,0.0,0.0,0.0,0.0
B04879fb55140,Sb97749af3711,front,4.0,unknown,1.0,0.0,0.0,0.0,0.0,0.0,0.0,0.0,0.0,0.0,0.0,0.0,0.0,0.0,0.0,0.0
B04879fb55140,Sb97749af3711,front,5.0,unknown,1.0,0.0,0.0,0.0,0.0,0.0,0.0,0.0,0.0,0.0,0.0,0.0,0.0,0.0,0.0,0.0
B04879fb55140,Sb97749af3711,front,6.0,unknown,1.0,0.0,0.0,0.0,0.0,0.0,0.0,0.0,0.0,0.0,0.0,0.0,0.0,0.0,0.0,0.0
B04879fb55140,Sb97749af3711,front,7.0,unknown,1.0,0.0,0.0,0.0,0.0,0.0,0.0,0.0,0.0,0.0,0.0,0.0,0.0,0.0,0.0,0.0
B04879fb55140,Sb97749af3711,front,8.0,unknown,1.0,0.0,0.0,0.0,0.0,0.0,0.0,0.0,0.0,0.0,0.0,0.0,0.0,0.0,0.0,0.0
B04879fb55140,Sb97749af3711,front,9.0,unknown,1.0,0.0,0.0,0.0,0.0,0.0,0.0,0.0,0.0,0.0,0.0,0.0,0.0,0.0,0.0,0.0
B04879fb55140,Sb97749af3711,overhead,0.0,unknown,0.0,1.0,0.0,0.0,0.0,0.0,0.0,0.0,0.0,0.0,0.0,0.0,0.0,0.0,0.0,0.0
B04879fb55140,Sb97749af3711,overhead,1.0,unknown,0.0,1.0,0.0,0.0,0.0,0.0,0.0,0.0,0.0,0.0,0.0,0.0,0.0,0.0,0.0,0.0
B04879fb55140,Sb97749af3711,overhead,2.0,unknown,0.0,1.0,0.0,0.0,0.0,0.0,0.0,0.0,0.0,0.0,0.0,0.0,0.0,0.0,0.0,0.0
B04879fb55140,Sb97749af3711,overhead,3.0,unknown,0.0,1.0,0.0,0.0,0.0,0.0,0.0,0.0,0.0,0.0,0.0,0.0,0.0,0.0,0.0,0.0
B04879fb55140,Sb97749af3711,overhead,4.0,unknown,0.0,1.0,0.0,0.0,0.0,0.0,0.0,0.0,0.0,0.0,0.0,0.0,0.0,0.0,0.0,0.0
B04879fb55140,Sb97749af3711,overhead,5.0,unknown,0.0,1.0,0.0,0.0,0.0,0.0,0.0,0.0,0.0,0.0,0.0,0.0,0.0,0.0,0.0,0.0
B04879fb55140,Sb97749af3711,overhead,6.0,unknown,0.0,1.0,0.0,0.0,0.0,0.0,0.0,0.0,0.0,0.0,0.0,0.0,0.0,0.0,0.0,0.0
B04879fb55140,Sb97749af3711,overhead,7.0,unknown,0.0,1.0,0.0,0.0,0.0,0.0,0.0,0.0,0.0,0.0,0.0,0.0,0.0,0.0,0.0,0.0
B04879fb55140,Sb97749af3711,overhead,8.0,unknown,0.0,1.0,0.0,0.0,0.0,0.0,0.0,0.0,0.0,0.0,0.0,0.0,0.0,0.0,0.0,0.0
B04879fb55140,Sb97749af3711,overhead,9.0,unknown,0.0,1.0,0.0,0.0,0.0,0.0,0.0,0.0,0.0,0.0,0.0,0.0,0.0,0.0,0.0,0.0
B077af2f5cb82,Sf8cdbc0a93cc,front,0.0,focus,1.0,0.0,1.0,0.0,0.0,0.0,0.0,0.0,0.0,0.0,1.0,0.0,0.0,0.0,0.0,0.0
B077af2f5cb82,Sf8cdbc0a93cc,front,1.0,focus,1.0,0.0,1.0,0.0,0.0,0.0,1.0,0.0,0.0,1.0,1.0,0.0,0.0,0.0,0.0,0.0
B077af2f5cb82,Sf8cdbc0a93cc,front,2.0,focus,1.0,0.0,1.0,0.0,0.0,0.0,1.0,0.0,0.0,1.0,1.0,0.0,0.0,0.0,0.0,0.0
B077af2f5cb82,Sf8cdbc0a93cc,front,3.0,focus,1.0,0.0,1.0,0.0,0.0,0.0,1.0,0.0,0.0,1.0,1.0,0.0,0.0,0.0,0.0,0.0
B077af2f5cb82,Sf8cdbc0a93cc,front,4.0,focus,1.0,0.0,1.0,0.0,0.0,0.0,0.0,0.0,0.0,0.0,1.0,0.0,0.0,0.0,0.0,0.0
B077af2f5cb82,Sf8cdbc0a93cc,front,5.0,focus,1.0,0.0,1.0,0.0,0.0,0.0,0.0,0.0,0.0,0.0,1.0,0.0,0.0,0.0,0.0,0.0
B077af2f5cb82,Sf8cdbc0a93cc,front,6.0,focus,1.0,0.0,1.0,0.0,0.0,0.0,0.0,0.0,0.0,0.0,1.0,0.0,0.0,0.0,0.0,0.0
B077af2f5cb82,Sf8cdbc0a93cc,front,7.0,focus,1.0,0.0,1.0,0.0,0.0,0.0,0.0,0.0,0.0,0.0,1.0,0.0,0.0,0.0,0.0,0.0
B077af2f5cb82,Sf8cdbc0a93cc,front,8.0,focus,1.0,0.0,1.0,0.0,0.0,0.0,0.0,0.0,0.0,0.0,1.0,0.0,0.0,0.0,0.0,0.0
B077af2f5cb82,Sf8cdbc0a93cc,front,9.0,focus,1.0,0.0,1.0,0.0,0.0,0.0,0.0,0.0,0.0,0.0,1.0,0.0,0.0,0.0,0.0,0.0
B077af2f5cb82,Sf8cdbc0a93cc,overhead,0.0,focus,0.0,1.0,0.0,0.0,0.0,0.0,0.0,0.0,0.0,0.0,0.0,0.0,0.0,0.0,0.0,0.0
B077af2f5cb82,Sf8cdbc0a93cc,overhead,1.0,focus,0.0,1.0,0.0,0.0,0.0,0.0,0.0,0.0,0.0,0.0,0.0,0.0,0.0,0.0,0.0,0.0
B077af2f5cb82,Sf8cdbc0a93cc,overhead,2.0,focus,0.0,1.0,0.0,0.0,0.0,0.0,0.0,0.0,0.0,0.0,0.0,0.0,0.0,0.0,0.0,0.0
B077af2f5cb82,Sf8cdbc0a93cc,overhead,3.0,focus,0.0,1.0,0.0,0.0,0.0,0.0,0.0,0.0,0.0,0.0,0.0,0.0,0.0,0.0,0.0,0.0
B077af2f5cb82,Sf8cdbc0a93cc,overhead,4.0,focus,0.0,1.0,0.0,0.0,0.0,0.0,0.0,0.0,0.0,0.0,0.0,0.0,0.0,0.0,0.0,0.0
B077af2f5cb82,Sf8cdbc0a93cc,overhead,5.0,focus,0.0,1.0,0.0,0.0,0.0,0.0,0.0,0.0,0.0,0.0,0.0,0.0,0.0,0.0,0.0,0.0
B077af2f5cb82,Sf8cdbc0a93cc,overhead,6.0,focus,0.0,1.0,0.0,0.0,0.0,0.0,0.0,0.0,0.0,0.0,0.0,0.0,0.0,0.0,0.0,0.0
B077af2f5cb82,Sf8cdbc0a93cc,overhead,7.0,focus,0.0,1.0,0.0,0.0,0.0,0.0,0.0,0.0,0.0,0.0,0.0,0.0,0.0,0.0,0.0,0.0
B077af2f5cb82,Sf8cdbc0a93cc,overhead,8.0,focus,0.0,1.0,0.0,0.0,0.0,0.0,0.0,0.0,0.0,0.0,0.0,0.0,0.0,0.0,0.0,0.0
B077af2f5cb82,Sf8cdbc0a93cc,overhead,9.0,focus,0.0,1.0,0.0,0.0,0.0,0.0,0.0,0.0,0.0,0.0,0.0,0.0,0.0,0.0,0.0,0.0
B0983d0ab8f3b,S8bb31e565816,front,0.0,gaze_side,1.0,0.0,0.0,0.0,0.0,1.0,0.0,0.0,0.0,0.0,1.0,0.0,0.0,0.0,0.0,0.0
B0983d0ab8f3b,S8bb31e565816,front,1.0,gaze_side,1.0,0.0,0.0,0.0,0.0,1.0,0.0,0.0,0.0,0.0,1.0,0.0,0.0,0.0,0.0,0.0
B0983d0ab8f3b,S8bb31e565816,front,2.0,gaze_side,1.0,0.0,0.0,0.0,0.0,1.0,0.0,0.0,0.0,0.0,1.0,0.0,0.0,0.0,0.0,0.0
B0983d0ab8f3b,S8bb31e565816,front,3.0,gaze_side,1.0,0.0,0.0,0.0,0.0,1.0,0.0,0.0,0.0,0.0,1.0,0.0,0.0,0.0,0.0,0.0
B0983d0ab8f3b,S8bb31e565816,front,4.0,gaze_side,1.0,0.0,0.0,0.0,0.0,1.0,0.0,0.0,0.0,0.0,1.0,0.0,0.0,0.0,0.0,0.0
B0983d0ab8f3b,S8bb31e565816,front,5.0,gaze_side,1.0,0.0,1.0,0.0,0.0,1.0,0.0,0.0,0.0,0.0,1.0,0.0,0.0,0.0,0.0,0.0
B0983d0ab8f3b,S8bb31e565816,front,6.0,gaze_side,1.0,0.0,1.0,0.0,0.0,1.0,0.0,0.0,0.0,0.0,1.0,0.0,0.0,0.0,0.0,0.0
B0983d0ab8f3b,S8bb31e565816,front,7.0,gaze_side,1.0,0.0,0.0,0.0,0.0,1.0,0.0,0.0,0.0,0.0,1.0,0.0,0.0,0.0,0.0,0.0
B0983d0ab8f3b,S8bb31e565816,front,8.0,gaze_side,1.0,0.0,0.0,0.0,0.0,1.0,0.0,0.0,0.0,0.0,1.0,0.0,0.0,0.0,0.0,0.0
B0983d0ab8f3b,S8bb31e565816,front,9.0,gaze_side,1.0,0.0,1.0,0.0,0.0,1.0,0.0,0.0,0.0,0.0,1.0,0.0,0.0,0.0,0.0,0.0
B0983d0ab8f3b,S8bb31e565816,overhead,0.0,gaze_side,0.0,1.0,0.0,0.0,0.0,0.0,0.0,0.0,0.0,0.0,0.0,0.0,0.0,0.0,0.0,0.0
B0983d0ab8f3b,S8bb31e565816,overhead,1.0,gaze_side,0.0,1.0,0.0,0.0,0.0,0.0,0.0,0.0,0.0,0.0,0.0,0.0,0.0,0.0,0.0,0.0
B0983d0ab8f3b,S8bb31e565816,overhead,2.0,gaze_side,0.0,1.0,0.0,0.0,0.0,0.0,0.0,0.0,0.0,0.0,0.0,0.0,0.0,0.0,0.0,0.0
B0983d0ab8f3b,S8bb31e565816,overhead,3.0,gaze_side,0.0,1.0,0.0,0.0,0.0,0.0,0.0,0.0,0.0,0.0,0.0,0.0,0.0,0.0,0.0,0.0
B0983d0ab8f3b,S8bb31e565816,overhead,4.0,gaze_side,0.0,1.0,0.0,0.0,0.0,0.0,0.0,0.0,0.0,0.0,0.0,0.0,0.0,0.0,0.0,0.0
B0983d0ab8f3b,S8bb31e565816,overhead,5.0,gaze_side,0.0,1.0,0.0,0.0,0.0,0.0,0.0,0.0,0.0,0.0,0.0,0.0,0.0,0.0,0.0,0.0
B0983d0ab8f3b,S8bb31e565816,overhead,6.0,gaze_side,0.0,1.0,0.0,0.0,0.0,0.0,0.0,0.0,0.0,0.0,0.0,0.0,0.0,0.0,0.0,0.0
B0983d0ab8f3b,S8bb31e565816,overhead,7.0,gaze_side,0.0,1.0,0.0,0.0,0.0,0.0,0.0,0.0,0.0,0.0,0.0,0.0,0.0,0.0,0.0,0.0
B0983d0ab8f3b,S8bb31e565816,overhead,8.0,gaze_side,0.0,1.0,0.0,0.0,0.0,0.0,0.0,0.0,0.0,0.0,0.0,0.0,0.0,0.0,0.0,0.0
B0983d0ab8f3b,S8bb31e565816,overhead,9.0,gaze_side,0.0,1.0,0.0,0.0,0.0,0.0,0.0,0.0,0.0,0.0,0.0,0.0,0.0,0.0,0.0,0.0
B09b6c7625578,S08ea3e793bb0,front,0.0,focus,1.0,0.0,1.0,0.0,0.0,0.0,0.0,0.0,0.0,0.0,1.0,0.0,0.0,0.0,0.0,0.0
B09b6c7625578,S08ea3e793bb0,front,1.0,focus,1.0,0.0,1.0,0.0,0.0,0.0,0.0,0.0,0.0,0.0,0.0,0.0,0.0,0.0,0.0,0.0
B09b6c7625578,S08ea3e793bb0,front,2.0,focus,1.0,0.0,1.0,0.0,0.0,0.0,0.0,0.0,0.0,0.0,0.0,0.0,0.0,0.0,0.0,0.0
B09b6c7625578,S08ea3e793bb0,front,3.0,focus,1.0,0.0,1.0,0.0,0.0,0.0,1.0,0.0,0.0,1.0,0.0,0.0,0.0,0.0,0.0,0.0
B09b6c7625578,S08ea3e793bb0,front,4.0,focus,1.0,0.0,1.0,0.0,0.0,0.0,1.0,0.0,0.0,1.0,0.0,0.0,0.0,0.0,0.0,0.0
B09b6c7625578,S08ea3e793bb0,front,5.0,focus,1.0,0.0,1.0,0.0,0.0,0.0,1.0,0.0,0.0,1.0,0.0,0.0,0.0,0.0,0.0,0.0
B09b6c7625578,S08ea3e793bb0,front,6.0,focus,1.0,0.0,1.0,0.0,0.0,0.0,1.0,0.0,0.0,1.0,0.0,0.0,0.0,0.0,0.0,0.0
B09b6c7625578,S08ea3e793bb0,front,7.0,focus,1.0,0.0,1.0,0.0,0.0,0.0,1.0,0.0,0.0,1.0,0.0,0.0,0.0,0.0,0.0,0.0
B09b6c7625578,S08ea3e793bb0,front,8.0,focus,1.0,0.0,1.0,0.0,0.0,0.0,0.0,0.0,0.0,0.0,0.0,0.0,0.0,0.0,0.0,0.0
B09b6c7625578,S08ea3e793bb0,front,9.0,focus,1.0,0.0,1.0,0.0,0.0,0.0,0.0,0.0,0.0,0.0,0.0,0.0,0.0,0.0,0.0,0.0
B09b6c7625578,S08ea3e793bb0,overhead,0.0,focus,0.0,1.0,0.0,0.0,0.0,0.0,0.0,0.0,0.0,0.0,0.0,0.0,0.0,0.0,0.0,0.0
B09b6c7625578,S08ea3e793bb0,overhead,1.0,focus,0.0,1.0,0.0,0.0,0.0,0.0,0.0,0.0,0.0,0.0,0.0,0.0,0.0,0.0,0.0,0.0
B09b6c7625578,S08ea3e793bb0,overhead,2.0,focus,0.0,1.0,0.0,0.0,0.0,0.0,0.0,0.0,0.0,0.0,0.0,0.0,0.0,0.0,0.0,0.0
B09b6c7625578,S08ea3e793bb0,overhead,3.0,focus,0.0,1.0,0.0,0.0,0.0,0.0,0.0,0.0,0.0,0.0,0.0,0.0,0.0,0.0,0.0,0.0
B09b6c7625578,S08ea3e793bb0,overhead,4.0,focus,0.0,1.0,0.0,0.0,0.0,0.0,0.0,0.0,0.0,0.0,0.0,0.0,0.0,0.0,0.0,0.0
B09b6c7625578,S08ea3e793bb0,overhead,5.0,focus,0.0,1.0,0.0,0.0,0.0,0.0,0.0,0.0,0.0,0.0,0.0,0.0,0.0,0.0,0.0,0.0
B09b6c7625578,S08ea3e793bb0,overhead,6.0,focus,0.0,1.0,0.0,0.0,0.0,1.0,0.0,0.0,0.0,0.0,1.0,0.0,0.0,0.0,0.0,0.0
B09b6c7625578,S08ea3e793bb0,overhead,7.0,focus,0.0,1.0,0.0,0.0,0.0,1.0,0.0,0.0,0.0,0.0,1.0,0.0,0.0,0.0,0.0,0.0
B09b6c7625578,S08ea3e793bb0,overhead,8.0,focus,0.0,1.0,0.0,0.0,0.0,1.0,0.0,0.0,0.0,0.0,1.0,0.0,0.0,0.0,0.0,0.0
B09b6c7625578,S08ea3e793bb0,overhead,9.0,focus,0.0,1.0,0.0,0.0,0.0,1.0,0.0,0.0,0.0,0.0,1.0,0.0,0.0,0.0,0.0,0.0
B0afcd57d47ce,S38533928bb7e,front,3242.0,gaze_down,1.0,0.0,1.0,0.0,0.0,1.0,0.0,0.0,0.0,0.0,1.0,0.0,0.0,0.0,0.0,0.0
B0afcd57d47ce,S38533928bb7e,front,3243.0,gaze_down,1.0,0.0,1.0,0.0,0.0,1.0,0.0,0.0,0.0,0.0,1.0,0.0,0.0,0.0,0.0,0.0
B0afcd57d47ce,S38533928bb7e,front,3244.0,gaze_down,1.0,0.0,1.0,0.0,1.0,1.0,0.0,0.0,0.0,0.0,1.0,0.0,0.0,0.0,0.0,0.0
B0afcd57d47ce,S38533928bb7e,front,3245.0,gaze_down,1.0,0.0,1.0,0.0,1.0,1.0,1.0,0.0,0.0,1.0,1.0,0.0,0.0,0.0,0.0,0.0
B0afcd57d47ce,S38533928bb7e,front,3246.0,gaze_down,1.0,0.0,1.0,0.0,0.0,0.0,1.0,0.0,0.0,1.0,1.0,0.0,0.0,0.0,0.0,0.0
B0afcd57d47ce,S38533928bb7e,front,3247.0,gaze_down,1.0,0.0,1.0,0.0,0.0,0.0,1.0,0.0,0.0,1.0,1.0,0.0,0.0,0.0,0.0,0.0
B0afcd57d47ce,S38533928bb7e,overhead,3242.0,gaze_down,0.0,1.0,0.0,0.0,0.0,0.0,0.0,0.0,0.0,0.0,0.0,0.0,0.0,0.0,0.0,0.0
B0afcd57d47ce,S38533928bb7e,overhead,3243.0,gaze_down,0.0,1.0,0.0,0.0,0.0,0.0,0.0,0.0,0.0,0.0,0.0,0.0,0.0,0.0,0.0,0.0
B0afcd57d47ce,S38533928bb7e,overhead,3244.0,gaze_down,0.0,1.0,0.0,0.0,0.0,0.0,0.0,0.0,0.0,0.0,0.0,0.0,0.0,0.0,0.0,0.0
B0afcd57d47ce,S38533928bb7e,overhead,3245.0,gaze_down,0.0,1.0,0.0,0.0,0.0,0.0,0.0,0.0,0.0,0.0,0.0,0.0,0.0,0.0,0.0,0.0
B0afcd57d47ce,S38533928bb7e,overhead,3246.0,gaze_down,0.0,1.0,0.0,0.0,0.0,0.0,0.0,0.0,0.0,0.0,0.0,0.0,0.0,0.0,0.0,0.0
B0afcd57d47ce,S38533928bb7e,overhead,3247.0,gaze_down,0.0,1.0,0.0,0.0,0.0,0.0,0.0,0.0,0.0,0.0,0.0,0.0,0.0,0.0,0.0,0.0
B0b8008554b6f,S08ea3e793bb0,front,0.0,focus,1.0,0.0,1.0,0.0,0.0,1.0,0.0,0.0,0.0,0.0,1.0,0.0,0.0,0.0,0.0,0.0
B0b8008554b6f,S08ea3e793bb0,front,1.0,focus,1.0,0.0,1.0,0.0,0.0,1.0,0.0,0.0,0.0,0.0,1.0,0.0,0.0,0.0,0.0,0.0
B0b8008554b6f,S08ea3e793bb0,front,2.0,focus,1.0,0.0,1.0,0.0,0.0,1.0,0.0,0.0,0.0,0.0,1.0,0.0,0.0,0.0,0.0,0.0
B0b8008554b6f,S08ea3e793bb0,front,3.0,focus,1.0,0.0,1.0,0.0,0.0,1.0,0.0,0.0,0.0,0.0,1.0,0.0,0.0,0.0,0.0,0.0
B0b8008554b6f,S08ea3e793bb0,front,4.0,focus,1.0,0.0,1.0,0.0,0.0,1.0,0.0,0.0,0.0,0.0,1.0,0.0,0.0,0.0,0.0,0.0
B0b8008554b6f,S08ea3e793bb0,front,5.0,focus,1.0,0.0,1.0,0.0,0.0,1.0,1.0,1.0,0.0,1.0,1.0,0.0,0.0,0.0,0.0,0.0
B0b8008554b6f,S08ea3e793bb0,front,6.0,focus,1.0,0.0,1.0,0.0,0.0,1.0,0.0,0.0,0.0,0.0,1.0,0.0,0.0,0.0,0.0,0.0
B0b8008554b6f,S08ea3e793bb0,front,7.0,focus,1.0,0.0,1.0,0.0,0.0,1.0,0.0,0.0,0.0,0.0,1.0,0.0,0.0,0.0,0.0,0.0
B0b8008554b6f,S08ea3e793bb0,front,8.0,focus,1.0,0.0,1.0,0.0,0.0,1.0,0.0,0.0,0.0,0.0,1.0,0.0,0.0,0.0,0.0,0.0
B0b8008554b6f,S08ea3e793bb0,front,9.0,focus,1.0,0.0,1.0,0.0,0.0,1.0,0.0,0.0,0.0,0.0,1.0,0.0,0.0,0.0,0.0,0.0
B0b8008554b6f,S08ea3e793bb0,overhead,0.0,focus,0.0,1.0,0.0,0.0,0.0,0.0,0.0,0.0,0.0,0.0,0.0,0.0,0.0,0.0,0.0,0.0
B0b8008554b6f,S08ea3e793bb0,overhead,1.0,focus,0.0,1.0,0.0,0.0,0.0,0.0,0.0,0.0,0.0,0.0,0.0,0.0,0.0,0.0,0.0,0.0
B0b8008554b6f,S08ea3e793bb0,overhead,2.0,focus,0.0,1.0,0.0,0.0,0.0,0.0,0.0,0.0,0.0,0.0,0.0,0.0,0.0,0.0,0.0,0.0
B0b8008554b6f,S08ea3e793bb0,overhead,3.0,focus,0.0,1.0,0.0,0.0,0.0,0.0,0.0,0.0,0.0,0.0,0.0,0.0,0.0,0.0,0.0,0.0
B0b8008554b6f,S08ea3e793bb0,overhead,4.0,focus,0.0,1.0,0.0,0.0,0.0,0.0,0.0,0.0,0.0,0.0,0.0,0.0,0.0,0.0,0.0,0.0
B0b8008554b6f,S08ea3e793bb0,overhead,5.0,focus,0.0,1.0,0.0,0.0,0.0,0.0,0.0,0.0,0.0,0.0,0.0,0.0,0.0,0.0,0.0,0.0
B0b8008554b6f,S08ea3e793bb0,overhead,6.0,focus,0.0,1.0,0.0,0.0,0.0,0.0,0.0,0.0,0.0,0.0,0.0,0.0,0.0,0.0,0.0,0.0
B0b8008554b6f,S08ea3e793bb0,overhead,7.0,focus,0.0,1.0,0.0,0.0,0.0,0.0,0.0,0.0,0.0,0.0,0.0,0.0,0.0,0.0,0.0,0.0
B0b8008554b6f,S08ea3e793bb0,overhead,8.0,focus,0.0,1.0,0.0,0.0,0.0,0.0,0.0,0.0,0.0,0.0,0.0,0.0,0.0,0.0,0.0,0.0
B0b8008554b6f,S08ea3e793bb0,overhead,9.0,focus,0.0,1.0,0.0,0.0,0.0,0.0,0.0,0.0,0.0,0.0,0.0,0.0,0.0,0.0,0.0,0.0
B0bdae1fe045b,S38533928bb7e,front,1138.0,gaze_side,1.0,0.0,1.0,1.0,0.0,1.0,0.0,0.0,0.0,0.0,1.0,0.0,0.0,0.0,0.0,0.0
B0bdae1fe045b,S38533928bb7e,front,1139.0,gaze_side,1.0,0.0,1.0,1.0,0.0,1.0,0.0,0.0,0.0,0.0,1.0,0.0,0.0,0.0,0.0,0.0
B0bdae1fe045b,S38533928bb7e,front,1140.0,gaze_side,1.0,0.0,1.0,1.0,0.0,1.0,0.0,0.0,0.0,0.0,1.0,0.0,0.0,0.0,0.0,0.0
B0bdae1fe045b,S38533928bb7e,front,1141.0,gaze_side,1.0,0.0,1.0,1.0,0.0,1.0,0.0,0.0,0.0,0.0,1.0,0.0,0.0,0.0,0.0,0.0
B0bdae1fe045b,S38533928bb7e,front,1142.0,gaze_side,1.0,0.0,1.0,1.0,0.0,1.0,0.0,0.0,0.0,0.0,1.0,0.0,0.0,0.0,0.0,0.0
B0bdae1fe045b,S38533928bb7e,front,1143.0,gaze_side,1.0,0.0,1.0,1.0,0.0,1.0,0.0,0.0,0.0,0.0,1.0,0.0,0.0,0.0,0.0,0.0
B0bdae1fe045b,S38533928bb7e,front,1144.0,gaze_side,1.0,0.0,1.0,1.0,0.0,1.0,0.0,0.0,0.0,0.0,1.0,0.0,0.0,0.0,0.0,0.0
B0bdae1fe045b,S38533928bb7e,front,1145.0,gaze_side,1.0,0.0,1.0,1.0,0.0,0.0,0.0,0.0,0.0,0.0,1.0,0.0,0.0,0.0,0.0,0.0
B0bdae1fe045b,S38533928bb7e,front,1146.0,gaze_side,1.0,0.0,1.0,1.0,0.0,1.0,0.0,0.0,0.0,0.0,1.0,0.0,0.0,0.0,0.0,0.0
B0bdae1fe045b,S38533928bb7e,front,1147.0,gaze_side,1.0,0.0,1.0,1.0,0.0,1.0,0.0,0.0,0.0,0.0,1.0,0.0,0.0,0.0,0.0,0.0
B0bdae1fe045b,S38533928bb7e,overhead,1138.0,gaze_side,0.0,1.0,0.0,0.0,0.0,0.0,0.0,0.0,0.0,0.0,0.0,0.0,0.0,0.0,0.0,0.0
B0bdae1fe045b,S38533928bb7e,overhead,1139.0,gaze_side,0.0,1.0,0.0,0.0,0.0,0.0,0.0,0.0,0.0,0.0,0.0,0.0,0.0,0.0,0.0,0.0
B0bdae1fe045b,S38533928bb7e,overhead,1140.0,gaze_side,0.0,1.0,0.0,0.0,0.0,0.0,0.0,0.0,0.0,0.0,0.0,0.0,0.0,0.0,0.0,0.0
B0bdae1fe045b,S38533928bb7e,overhead,1141.0,gaze_side,0.0,1.0,0.0,0.0,0.0,0.0,0.0,0.0,0.0,0.0,0.0,0.0,0.0,0.0,0.0,0.0
B0bdae1fe045b,S38533928bb7e,overhead,1142.0,gaze_side,0.0,1.0,0.0,0.0,0.0,0.0,0.0,0.0,0.0,0.0,0.0,0.0,0.0,0.0,0.0,0.0
B0bdae1fe045b,S38533928bb7e,overhead,1143.0,gaze_side,0.0,1.0,0.0,0.0,0.0,0.0,0.0,0.0,0.0,0.0,0.0,0.0,0.0,0.0,0.0,0.0
B0bdae1fe045b,S38533928bb7e,overhead,1144.0,gaze_side,0.0,1.0,0.0,0.0,0.0,0.0,0.0,0.0,0.0,0.0,0.0,0.0,0.0,0.0,0.0,0.0
B0bdae1fe045b,S38533928bb7e,overhead,1145.0,gaze_side,0.0,1.0,0.0,0.0,0.0,0.0,0.0,0.0,0.0,0.0,0.0,0.0,0.0,0.0,0.0,0.0
B0bdae1fe045b,S38533928bb7e,overhead,1146.0,gaze_side,0.0,1.0,0.0,0.0,0.0,0.0,0.0,0.0,0.0,0.0,0.0,0.0,0.0,0.0,0.0,0.0
B0bdae1fe045b,S38533928bb7e,overhead,1147.0,gaze_side,0.0,1.0,0.0,0.0,0.0,0.0,0.0,0.0,0.0,0.0,0.0,0.0,0.0,0.0,0.0,0.0
B0d68604fa75d,Sf8cdbc0a93cc,front,0.0,focus,1.0,0.0,1.0,0.0,0.0,0.0,0.0,0.0,0.0,0.0,0.0,0.0,0.0,0.0,0.0,0.0
B0d68604fa75d,Sf8cdbc0a93cc,front,1.0,focus,1.0,0.0,1.0,0.0,0.0,0.0,0.0,0.0,0.0,0.0,0.0,0.0,0.0,0.0,0.0,0.0
B0d68604fa75d,Sf8cdbc0a93cc,front,2.0,focus,1.0,0.0,1.0,0.0,0.0,0.0,0.0,0.0,0.0,0.0,1.0,0.0,0.0,0.0,0.0,0.0
B0d68604fa75d,Sf8cdbc0a93cc,front,3.0,focus,1.0,0.0,1.0,0.0,0.0,0.0,1.0,1.0,0.0,1.0,0.0,0.0,0.0,0.0,0.0,0.0
B0d68604fa75d,Sf8cdbc0a93cc,front,4.0,focus,1.0,0.0,1.0,0.0,0.0,0.0,0.0,0.0,0.0,0.0,0.0,0.0,0.0,0.0,0.0,0.0
B0d68604fa75d,Sf8cdbc0a93cc,front,5.0,focus,1.0,0.0,1.0,0.0,0.0,0.0,0.0,0.0,0.0,0.0,0.0,0.0,0.0,0.0,0.0,0.0
B0d68604fa75d,Sf8cdbc0a93cc,front,6.0,focus,1.0,0.0,1.0,0.0,0.0,0.0,1.0,0.0,0.0,1.0,0.0,0.0,0.0,0.0,0.0,0.0
B0d68604fa75d,Sf8cdbc0a93cc,front,7.0,focus,1.0,0.0,1.0,0.0,0.0,0.0,1.0,0.0,0.0,1.0,1.0,0.0,0.0,0.0,0.0,0.0
B0d68604fa75d,Sf8cdbc0a93cc,front,8.0,focus,1.0,0.0,1.0,0.0,0.0,0.0,0.0,0.0,0.0,0.0,0.0,0.0,0.0,0.0,0.0,0.0
B0d68604fa75d,Sf8cdbc0a93cc,front,9.0,focus,1.0,0.0,1.0,0.0,0.0,0.0,1.0,1.0,0.0,1.0,0.0,0.0,0.0,0.0,0.0,0.0
B0d68604fa75d,Sf8cdbc0a93cc,overhead,0.0,focus,0.0,1.0,0.0,0.0,0.0,0.0,0.0,0.0,0.0,0.0,0.0,0.0,0.0,0.0,0.0,0.0
B0d68604fa75d,Sf8cdbc0a93cc,overhead,1.0,focus,0.0,1.0,0.0,0.0,0.0,0.0,0.0,0.0,0.0,0.0,0.0,0.0,0.0,0.0,0.0,0.0
B0d68604fa75d,Sf8cdbc0a93cc,overhead,2.0,focus,0.0,1.0,0.0,0.0,0.0,0.0,0.0,0.0,0.0,0.0,0.0,0.0,0.0,0.0,0.0,0.0
B0d68604fa75d,Sf8cdbc0a93cc,overhead,3.0,focus,0.0,1.0,0.0,0.0,0.0,0.0,0.0,0.0,0.0,0.0,0.0,0.0,0.0,0.0,0.0,0.0
B0d68604fa75d,Sf8cdbc0a93cc,overhead,4.0,focus,0.0,1.0,0.0,0.0,0.0,0.0,0.0,0.0,0.0,0.0,0.0,0.0,0.0,0.0,0.0,0.0
B0d68604fa75d,Sf8cdbc0a93cc,overhead,5.0,focus,0.0,1.0,0.0,0.0,0.0,0.0,0.0,0.0,0.0,0.0,0.0,0.0,0.0,0.0,0.0,0.0
B0d68604fa75d,Sf8cdbc0a93cc,overhead,6.0,focus,0.0,1.0,0.0,0.0,0.0,0.0,0.0,0.0,0.0,0.0,0.0,0.0,0.0,0.0,0.0,0.0
B0d68604fa75d,Sf8cdbc0a93cc,overhead,7.0,focus,0.0,1.0,0.0,0.0,0.0,0.0,0.0,0.0,0.0,0.0,0.0,0.0,0.0,0.0,0.0,0.0
B0d68604fa75d,Sf8cdbc0a93cc,overhead,8.0,focus,0.0,1.0,0.0,0.0,0.0,0.0,0.0,0.0,0.0,0.0,0.0,0.0,0.0,0.0,0.0,0.0
B0d68604fa75d,Sf8cdbc0a93cc,overhead,9.0,focus,0.0,1.0,0.0,0.0,0.0,0.0,0.0,0.0,0.0,0.0,0.0,0.0,0.0,0.0,0.0,0.0
B0e6df4ece148,Sb97749af3711,front,0.0,unknown,1.0,0.0,0.0,0.0,0.0,0.0,0.0,0.0,0.0,0.0,0.0,0.0,0.0,0.0,0.0,0.0
B0e6df4ece148,Sb97749af3711,front,1.0,unknown,1.0,0.0,0.0,0.0,0.0,0.0,0.0,0.0,0.0,0.0,0.0,0.0,0.0,0.0,0.0,0.0
B0e6df4ece148,Sb97749af3711,front,2.0,unknown,1.0,0.0,0.0,0.0,0.0,0.0,0.0,0.0,0.0,0.0,0.0,0.0,0.0,0.0,0.0,0.0
B0e6df4ece148,Sb97749af3711,front,3.0,unknown,1.0,0.0,0.0,0.0,0.0,0.0,0.0,0.0,0.0,0.0,0.0,0.0,0.0,0.0,0.0,0.0
B0e6df4ece148,Sb97749af3711,front,4.0,unknown,1.0,0.0,0.0,0.0,0.0,0.0,0.0,0.0,0.0,0.0,0.0,0.0,0.0,0.0,0.0,0.0
B0e6df4ece148,Sb97749af3711,front,5.0,unknown,1.0,0.0,0.0,0.0,0.0,0.0,0.0,0.0,0.0,0.0,0.0,0.0,0.0,0.0,0.0,0.0
B0e6df4ece148,Sb97749af3711,front,6.0,unknown,1.0,0.0,0.0,0.0,0.0,0.0,0.0,0.0,0.0,0.0,0.0,0.0,0.0,0.0,0.0,0.0
B0e6df4ece148,Sb97749af3711,front,7.0,unknown,1.0,0.0,0.0,0.0,0.0,0.0,0.0,0.0,0.0,0.0,0.0,0.0,0.0,0.0,0.0,0.0
B0e6df4ece148,Sb97749af3711,front,8.0,unknown,1.0,0.0,0.0,0.0,0.0,0.0,0.0,0.0,0.0,0.0,0.0,0.0,0.0,0.0,0.0,0.0
B0e6df4ece148,Sb97749af3711,front,9.0,unknown,1.0,0.0,0.0,0.0,0.0,0.0,0.0,0.0,0.0,0.0,0.0,0.0,0.0,0.0,0.0,0.0
B0e6df4ece148,Sb97749af3711,overhead,0.0,unknown,0.0,1.0,0.0,0.0,0.0,0.0,0.0,0.0,0.0,0.0,0.0,0.0,0.0,0.0,0.0,0.0
B0e6df4ece148,Sb97749af3711,overhead,1.0,unknown,0.0,1.0,0.0,0.0,0.0,0.0,0.0,0.0,0.0,0.0,0.0,0.0,0.0,0.0,0.0,0.0
B0e6df4ece148,Sb97749af3711,overhead,2.0,unknown,0.0,1.0,0.0,0.0,0.0,0.0,0.0,0.0,0.0,0.0,0.0,0.0,0.0,0.0,0.0,0.0
B0e6df4ece148,Sb97749af3711,overhead,3.0,unknown,0.0,1.0,0.0,0.0,0.0,0.0,0.0,0.0,0.0,0.0,0.0,0.0,0.0,0.0,0.0,0.0
B0e6df4ece148,Sb97749af3711,overhead,4.0,unknown,0.0,1.0,0.0,0.0,0.0,0.0,0.0,0.0,0.0,0.0,0.0,0.0,0.0,0.0,0.0,0.0
B0e6df4ece148,Sb97749af3711,overhead,5.0,unknown,0.0,1.0,0.0,0.0,0.0,0.0,0.0,0.0,0.0,0.0,0.0,0.0,0.0,0.0,0.0,0.0
B0e6df4ece148,Sb97749af3711,overhead,6.0,unknown,0.0,1.0,0.0,0.0,0.0,0.0,0.0,0.0,0.0,0.0,0.0,0.0,0.0,0.0,0.0,0.0
B0e6df4ece148,Sb97749af3711,overhead,7.0,unknown,0.0,1.0,0.0,0.0,0.0,0.0,0.0,0.0,0.0,0.0,0.0,0.0,0.0,0.0,0.0,0.0
B0e6df4ece148,Sb97749af3711,overhead,8.0,unknown,0.0,1.0,0.0,0.0,0.0,0.0,0.0,0.0,0.0,0.0,0.0,0.0,0.0,0.0,0.0,0.0
B0e6df4ece148,Sb97749af3711,overhead,9.0,unknown,0.0,1.0,0.0,0.0,0.0,0.0,0.0,0.0,0.0,0.0,0.0,0.0,0.0,0.0,0.0,0.0
B10c01407ef00,S38533928bb7e,front,9057.0,gaze_side,1.0,0.0,1.0,0.0,0.0,0.0,1.0,0.0,0.0,1.0,0.0,0.0,0.0,0.0,0.0,0.0
B10c01407ef00,S38533928bb7e,front,9058.0,gaze_side,1.0,0.0,1.0,0.0,0.0,0.0,1.0,0.0,0.0,0.0,1.0,0.0,0.0,0.0,0.0,0.0
B10c01407ef00,S38533928bb7e,front,9059.0,gaze_side,1.0,0.0,0.0,0.0,0.0,1.0,0.0,0.0,0.0,0.0,1.0,1.0,0.0,0.0,0.0,0.0
B10c01407ef00,S38533928bb7e,front,9060.0,gaze_side,1.0,0.0,0.0,0.0,0.0,1.0,0.0,0.0,0.0,0.0,1.0,1.0,0.0,0.0,0.0,0.0
B10c01407ef00,S38533928bb7e,front,9061.0,gaze_side,1.0,0.0,0.0,0.0,0.0,1.0,0.0,0.0,0.0,0.0,1.0,1.0,0.0,0.0,0.0,0.0
B10c01407ef00,S38533928bb7e,front,9062.0,gaze_side,1.0,0.0,0.0,0.0,0.0,1.0,0.0,0.0,0.0,0.0,1.0,1.0,0.0,0.0,0.0,0.0
B10c01407ef00,S38533928bb7e,front,9063.0,gaze_side,1.0,0.0,0.0,0.0,0.0,1.0,0.0,0.0,0.0,0.0,1.0,1.0,0.0,0.0,0.0,0.0
B10c01407ef00,S38533928bb7e,front,9064.0,gaze_side,1.0,0.0,0.0,0.0,0.0,1.0,0.0,0.0,0.0,0.0,1.0,1.0,0.0,0.0,0.0,0.0
B10c01407ef00,S38533928bb7e,front,9065.0,gaze_side,1.0,0.0,0.0,0.0,0.0,1.0,0.0,0.0,0.0,0.0,1.0,1.0,0.0,0.0,0.0,0.0
B10c01407ef00,S38533928bb7e,overhead,9057.0,gaze_side,0.0,1.0,0.0,0.0,0.0,0.0,0.0,0.0,0.0,0.0,0.0,0.0,0.0,0.0,0.0,0.0
B10c01407ef00,S38533928bb7e,overhead,9058.0,gaze_side,0.0,1.0,0.0,0.0,0.0,0.0,0.0,0.0,0.0,0.0,0.0,0.0,0.0,0.0,0.0,0.0
B10c01407ef00,S38533928bb7e,overhead,9059.0,gaze_side,0.0,1.0,0.0,0.0,0.0,0.0,0.0,0.0,0.0,0.0,0.0,0.0,0.0,0.0,0.0,0.0
B10c01407ef00,S38533928bb7e,overhead,9060.0,gaze_side,0.0,1.0,0.0,0.0,0.0,0.0,0.0,0.0,0.0,0.0,0.0,0.0,0.0,0.0,0.0,0.0
B10c01407ef00,S38533928bb7e,overhead,9061.0,gaze_side,0.0,1.0,0.0,0.0,0.0,0.0,0.0,0.0,0.0,0.0,0.0,0.0,0.0,0.0,0.0,0.0
B10c01407ef00,S38533928bb7e,overhead,9062.0,gaze_side,0.0,1.0,0.0,0.0,0.0,0.0,0.0,0.0,0.0,0.0,0.0,0.0,0.0,0.0,0.0,0.0
B10c01407ef00,S38533928bb7e,overhead,9063.0,gaze_side,0.0,1.0,0.0,0.0,0.0,0.0,0.0,0.0,0.0,0.0,0.0,0.0,0.0,0.0,0.0,0.0
B10c01407ef00,S38533928bb7e,overhead,9064.0,gaze_side,0.0,1.0,0.0,0.0,0.0,0.0,0.0,0.0,0.0,0.0,0.0,0.0,0.0,0.0,0.0,0.0
B10c01407ef00,S38533928bb7e,overhead,9065.0,gaze_side,0.0,1.0,0.0,0.0,0.0,0.0,0.0,0.0,0.0,0.0,0.0,0.0,0.0,0.0,0.0,0.0
B1152effdbf5f,Sf8cdbc0a93cc,front,0.0,focus,1.0,0.0,1.0,0.0,0.0,0.0,1.0,1.0,0.0,1.0,0.0,0.0,0.0,0.0,0.0,0.0
B1152effdbf5f,Sf8cdbc0a93cc,front,1.0,focus,1.0,0.0,1.0,0.0,0.0,0.0,0.0,0.0,0.0,0.0,0.0,0.0,0.0,0.0,0.0,0.0
B1152effdbf5f,Sf8cdbc0a93cc,front,2.0,focus,1.0,0.0,1.0,0.0,0.0,0.0,0.0,0.0,0.0,0.0,0.0,0.0,0.0,0.0,0.0,0.0
B1152effdbf5f,Sf8cdbc0a93cc,front,3.0,focus,1.0,0.0,1.0,0.0,0.0,0.0,0.0,0.0,0.0,0.0,1.0,0.0,0.0,0.0,0.0,0.0
B1152effdbf5f,Sf8cdbc0a93cc,front,4.0,focus,1.0,0.0,1.0,0.0,0.0,0.0,0.0,0.0,0.0,0.0,1.0,0.0,0.0,0.0,0.0,0.0
B1152effdbf5f,Sf8cdbc0a93cc,front,5.0,focus,1.0,0.0,1.0,0.0,0.0,0.0,0.0,0.0,0.0,0.0,1.0,0.0,0.0,0.0,0.0,0.0
B1152effdbf5f,Sf8cdbc0a93cc,front,6.0,focus,1.0,0.0,1.0,0.0,0.0,0.0,0.0,0.0,0.0,0.0,0.0,0.0,0.0,0.0,0.0,0.0
B1152effdbf5f,Sf8cdbc0a93cc,front,7.0,focus,1.0,0.0,1.0,0.0,0.0,0.0,0.0,0.0,0.0,0.0,1.0,0.0,0.0,0.0,0.0,0.0
B1152effdbf5f,Sf8cdbc0a93cc,front,8.0,focus,1.0,0.0,1.0,0.0,0.0,0.0,0.0,0.0,0.0,0.0,1.0,0.0,0.0,0.0,0.0,0.0
B1152effdbf5f,Sf8cdbc0a93cc,front,9.0,focus,1.0,0.0,1.0,0.0,0.0,0.0,1.0,1.0,0.0,1.0,1.0,0.0,0.0,0.0,0.0,0.0
B1152effdbf5f,Sf8cdbc0a93cc,overhead,0.0,focus,0.0,1.0,0.0,0.0,0.0,0.0,0.0,0.0,0.0,0.0,0.0,0.0,0.0,0.0,0.0,0.0
B1152effdbf5f,Sf8cdbc0a93cc,overhead,1.0,focus,0.0,1.0,0.0,0.0,0.0,0.0,0.0,0.0,0.0,0.0,0.0,0.0,0.0,0.0,0.0,0.0
B1152effdbf5f,Sf8cdbc0a93cc,overhead,2.0,focus,0.0,1.0,0.0,0.0,0.0,0.0,0.0,0.0,0.0,0.0,0.0,0.0,0.0,0.0,0.0,0.0
B1152effdbf5f,Sf8cdbc0a93cc,overhead,3.0,focus,0.0,1.0,0.0,0.0,0.0,0.0,0.0,0.0,0.0,0.0,0.0,0.0,0.0,0.0,0.0,0.0
B1152effdbf5f,Sf8cdbc0a93cc,overhead,4.0,focus,0.0,1.0,0.0,0.0,0.0,0.0,0.0,0.0,0.0,0.0,0.0,0.0,0.0,0.0,0.0,0.0
B1152effdbf5f,Sf8cdbc0a93cc,overhead,5.0,focus,0.0,1.0,0.0,0.0,0.0,0.0,0.0,0.0,0.0,0.0,0.0,0.0,0.0,0.0,0.0,0.0
B1152effdbf5f,Sf8cdbc0a93cc,overhead,6.0,focus,0.0,1.0,0.0,0.0,0.0,0.0,0.0,0.0,0.0,0.0,0.0,0.0,0.0,0.0,0.0,0.0
B1152effdbf5f,Sf8cdbc0a93cc,overhead,7.0,focus,0.0,1.0,0.0,0.0,0.0,0.0,0.0,0.0,0.0,0.0,0.0,0.0,0.0,0.0,0.0,0.0
B1152effdbf5f,Sf8cdbc0a93cc,overhead,8.0,focus,0.0,1.0,0.0,0.0,0.0,0.0,0.0,0.0,0.0,0.0,0.0,0.0,0.0,0.0,0.0,0.0
B1152effdbf5f,Sf8cdbc0a93cc,overhead,9.0,focus,0.0,1.0,0.0,0.0,0.0,0.0,0.0,0.0,0.0,0.0,0.0,0.0,0.0,0.0,0.0,0.0
B11cfccb7750f,Se9ae4c661219,front,0.0,focus,1.0,0.0,0.0,0.0,0.0,1.0,0.0,0.0,0.0,0.0,1.0,0.0,0.0,0.0,0.0,0.0
B11cfccb7750f,Se9ae4c661219,front,1.0,focus,1.0,0.0,0.0,0.0,0.0,1.0,0.0,0.0,0.0,0.0,1.0,0.0,0.0,0.0,0.0,0.0
B11cfccb7750f,Se9ae4c661219,front,2.0,focus,1.0,0.0,1.0,0.0,0.0,0.0,0.0,0.0,0.0,0.0,1.0,0.0,0.0,0.0,0.0,0.0
B11cfccb7750f,Se9ae4c661219,front,3.0,focus,1.0,0.0,1.0,0.0,0.0,0.0,1.0,0.0,0.0,0.0,1.0,0.0,0.0,0.0,0.0,0.0
B11cfccb7750f,Se9ae4c661219,front,4.0,focus,1.0,0.0,1.0,0.0,0.0,0.0,1.0,0.0,0.0,0.0,1.0,0.0,0.0,0.0,0.0,0.0
B11cfccb7750f,Se9ae4c661219,front,5.0,focus,1.0,0.0,1.0,0.0,0.0,0.0,0.0,0.0,0.0,0.0,0.0,0.0,0.0,0.0,0.0,0.0
B11cfccb7750f,Se9ae4c661219,front,6.0,focus,1.0,0.0,1.0,0.0,0.0,0.0,0.0,0.0,0.0,0.0,1.0,0.0,0.0,0.0,0.0,0.0
B11cfccb7750f,Se9ae4c661219,front,7.0,focus,1.0,0.0,0.0,0.0,0.0,1.0,0.0,0.0,0.0,0.0,1.0,1.0,0.0,0.0,0.0,0.0
B11cfccb7750f,Se9ae4c661219,front,8.0,focus,1.0,0.0,0.0,0.0,0.0,1.0,0.0,0.0,0.0,0.0,1.0,1.0,0.0,0.0,0.0,0.0
B11cfccb7750f,Se9ae4c661219,front,9.0,focus,1.0,0.0,0.0,0.0,0.0,0.0,0.0,0.0,0.0,0.0,1.0,1.0,0.0,0.0,0.0,1.0
B11cfccb7750f,Se9ae4c661219,overhead,0.0,focus,0.0,1.0,0.0,0.0,0.0,0.0,0.0,0.0,0.0,0.0,1.0,0.0,0.0,0.0,0.0,0.0
B11cfccb7750f,Se9ae4c661219,overhead,1.0,focus,0.0,1.0,0.0,0.0,0.0,0.0,0.0,0.0,0.0,0.0,0.0,0.0,0.0,0.0,0.0,0.0
B11cfccb7750f,Se9ae4c661219,overhead,2.0,focus,0.0,1.0,0.0,0.0,0.0,0.0,0.0,0.0,0.0,0.0,0.0,0.0,0.0,0.0,0.0,0.0
B11cfccb7750f,Se9ae4c661219,overhead,3.0,focus,0.0,1.0,0.0,0.0,0.0,0.0,0.0,0.0,0.0,0.0,0.0,0.0,0.0,0.0,0.0,0.0
B11cfccb7750f,Se9ae4c661219,overhead,4.0,focus,0.0,1.0,0.0,0.0,0.0,0.0,0.0,0.0,0.0,0.0,0.0,0.0,0.0,0.0,0.0,0.0
B11cfccb7750f,Se9ae4c661219,overhead,5.0,focus,0.0,1.0,0.0,0.0,0.0,0.0,0.0,0.0,0.0,0.0,0.0,0.0,0.0,0.0,0.0,0.0
B11cfccb7750f,Se9ae4c661219,overhead,6.0,focus,0.0,1.0,0.0,0.0,0.0,0.0,0.0,0.0,0.0,0.0,0.0,0.0,0.0,0.0,0.0,0.0
B11cfccb7750f,Se9ae4c661219,overhead,7.0,focus,0.0,1.0,0.0,0.0,0.0,1.0,0.0,0.0,0.0,0.0,1.0,0.0,0.0,0.0,0.0,0.0
B11cfccb7750f,Se9ae4c661219,overhead,8.0,focus,0.0,1.0,0.0,0.0,0.0,1.0,0.0,0.0,0.0,0.0,1.0,0.0,0.0,0.0,0.0,0.0
B11cfccb7750f,Se9ae4c661219,overhead,9.0,focus,0.0,1.0,0.0,0.0,0.0,1.0,0.0,0.0,0.0,0.0,1.0,0.0,0.0,0.0,0.0,0.0
B12747cb99bd9,Sf8cdbc0a93cc,front,0.0,focus,1.0,0.0,1.0,0.0,0.0,0.0,0.0,0.0,0.0,0.0,0.0,0.0,0.0,0.0,0.0,0.0
B12747cb99bd9,Sf8cdbc0a93cc,front,1.0,focus,1.0,0.0,1.0,0.0,0.0,0.0,0.0,0.0,0.0,0.0,0.0,0.0,0.0,0.0,0.0,0.0
B12747cb99bd9,Sf8cdbc0a93cc,front,2.0,focus,1.0,0.0,1.0,0.0,0.0,0.0,0.0,0.0,0.0,0.0,0.0,0.0,0.0,0.0,0.0,0.0
B12747cb99bd9,Sf8cdbc0a93cc,front,3.0,focus,1.0,0.0,1.0,0.0,0.0,0.0,0.0,0.0,0.0,0.0,0.0,0.0,0.0,0.0,0.0,0.0
B12747cb99bd9,Sf8cdbc0a93cc,front,4.0,focus,1.0,0.0,1.0,0.0,0.0,0.0,0.0,0.0,0.0,0.0,0.0,0.0,0.0,0.0,0.0,0.0
B12747cb99bd9,Sf8cdbc0a93cc,front,5.0,focus,1.0,0.0,1.0,0.0,0.0,0.0,1.0,0.0,0.0,1.0,0.0,0.0,0.0,0.0,0.0,0.0
B12747cb99bd9,Sf8cdbc0a93cc,front,6.0,focus,1.0,0.0,1.0,0.0,0.0,0.0,1.0,0.0,0.0,1.0,0.0,0.0,0.0,0.0,0.0,0.0
B12747cb99bd9,Sf8cdbc0a93cc,front,7.0,focus,1.0,0.0,1.0,0.0,0.0,0.0,1.0,0.0,0.0,1.0,0.0,0.0,0.0,0.0,0.0,0.0
B12747cb99bd9,Sf8cdbc0a93cc,front,8.0,focus,1.0,0.0,1.0,0.0,0.0,0.0,0.0,0.0,0.0,0.0,0.0,0.0,0.0,0.0,0.0,0.0
B12747cb99bd9,Sf8cdbc0a93cc,front,9.0,focus,1.0,0.0,1.0,0.0,0.0,0.0,0.0,0.0,0.0,0.0,0.0,0.0,0.0,0.0,0.0,0.0
B12747cb99bd9,Sf8cdbc0a93cc,overhead,0.0,focus,0.0,1.0,0.0,0.0,0.0,0.0,0.0,0.0,0.0,0.0,0.0,0.0,0.0,0.0,0.0,0.0
B12747cb99bd9,Sf8cdbc0a93cc,overhead,1.0,focus,0.0,1.0,0.0,0.0,0.0,0.0,0.0,0.0,0.0,0.0,0.0,0.0,0.0,0.0,0.0,0.0
B12747cb99bd9,Sf8cdbc0a93cc,overhead,2.0,focus,0.0,1.0,0.0,0.0,0.0,0.0,0.0,0.0,0.0,0.0,0.0,0.0,0.0,0.0,0.0,0.0
B12747cb99bd9,Sf8cdbc0a93cc,overhead,3.0,focus,0.0,1.0,0.0,0.0,0.0,0.0,0.0,0.0,0.0,0.0,0.0,0.0,0.0,0.0,0.0,0.0
B12747cb99bd9,Sf8cdbc0a93cc,overhead,4.0,focus,0.0,1.0,0.0,0.0,0.0,0.0,0.0,0.0,0.0,0.0,0.0,0.0,0.0,0.0,0.0,0.0
B12747cb99bd9,Sf8cdbc0a93cc,overhead,5.0,focus,0.0,1.0,0.0,0.0,0.0,0.0,0.0,0.0,0.0,0.0,0.0,0.0,0.0,0.0,0.0,0.0
B12747cb99bd9,Sf8cdbc0a93cc,overhead,6.0,focus,0.0,1.0,0.0,0.0,0.0,0.0,0.0,0.0,0.0,0.0,0.0,0.0,0.0,0.0,0.0,0.0
B12747cb99bd9,Sf8cdbc0a93cc,overhead,7.0,focus,0.0,1.0,0.0,0.0,0.0,0.0,0.0,0.0,0.0,0.0,0.0,0.0,0.0,0.0,0.0,0.0
B12747cb99bd9,Sf8cdbc0a93cc,overhead,8.0,focus,0.0,1.0,0.0,0.0,0.0,0.0,0.0,0.0,0.0,0.0,0.0,0.0,0.0,0.0,0.0,0.0
B12747cb99bd9,Sf8cdbc0a93cc,overhead,9.0,focus,0.0,1.0,0.0,0.0,0.0,0.0,0.0,0.0,0.0,0.0,0.0,0.0,0.0,0.0,0.0,0.0
B138fd1eb8119,Sf8cdbc0a93cc,front,0.0,focus,1.0,0.0,1.0,0.0,0.0,0.0,1.0,0.0,0.0,1.0,1.0,0.0,0.0,0.0,0.0,0.0
B138fd1eb8119,Sf8cdbc0a93cc,front,1.0,focus,1.0,0.0,1.0,0.0,0.0,0.0,1.0,0.0,0.0,1.0,1.0,0.0,0.0,0.0,0.0,0.0
B138fd1eb8119,Sf8cdbc0a93cc,front,2.0,focus,1.0,0.0,1.0,0.0,0.0,0.0,0.0,0.0,0.0,0.0,0.0,0.0,0.0,0.0,0.0,0.0
B138fd1eb8119,Sf8cdbc0a93cc,front,3.0,focus,1.0,0.0,1.0,0.0,0.0,0.0,0.0,0.0,0.0,0.0,0.0,0.0,0.0,0.0,0.0,0.0
B138fd1eb8119,Sf8cdbc0a93cc,front,4.0,focus,1.0,0.0,1.0,0.0,0.0,0.0,0.0,0.0,0.0,0.0,0.0,0.0,0.0,0.0,0.0,0.0
B138fd1eb8119,Sf8cdbc0a93cc,front,5.0,focus,1.0,0.0,1.0,0.0,0.0,0.0,1.0,0.0,0.0,1.0,0.0,0.0,0.0,0.0,0.0,0.0
B138fd1eb8119,Sf8cdbc0a93cc,front,6.0,focus,1.0,0.0,1.0,0.0,0.0,0.0,1.0,0.0,0.0,1.0,0.0,0.0,0.0,0.0,0.0,0.0
B138fd1eb8119,Sf8cdbc0a93cc,front,7.0,focus,1.0,0.0,1.0,0.0,0.0,0.0,1.0,0.0,0.0,1.0,0.0,0.0,0.0,0.0,0.0,0.0
B138fd1eb8119,Sf8cdbc0a93cc,front,8.0,focus,1.0,0.0,1.0,0.0,0.0,0.0,0.0,0.0,0.0,0.0,0.0,0.0,0.0,0.0,0.0,0.0
B138fd1eb8119,Sf8cdbc0a93cc,front,9.0,focus,1.0,0.0,1.0,0.0,0.0,0.0,0.0,0.0,0.0,0.0,0.0,0.0,0.0,0.0,0.0,0.0
B138fd1eb8119,Sf8cdbc0a93cc,overhead,0.0,focus,0.0,1.0,0.0,0.0,0.0,0.0,0.0,0.0,0.0,0.0,0.0,0.0,0.0,0.0,0.0,0.0
B138fd1eb8119,Sf8cdbc0a93cc,overhead,1.0,focus,0.0,1.0,0.0,0.0,0.0,0.0,0.0,0.0,0.0,0.0,0.0,0.0,0.0,0.0,0.0,0.0
B138fd1eb8119,Sf8cdbc0a93cc,overhead,2.0,focus,0.0,1.0,0.0,0.0,0.0,0.0,0.0,0.0,0.0,0.0,0.0,0.0,0.0,0.0,0.0,0.0
B138fd1eb8119,Sf8cdbc0a93cc,overhead,3.0,focus,0.0,1.0,0.0,0.0,0.0,0.0,0.0,0.0,0.0,0.0,0.0,0.0,0.0,0.0,0.0,0.0
B138fd1eb8119,Sf8cdbc0a93cc,overhead,4.0,focus,0.0,1.0,0.0,0.0,0.0,0.0,0.0,0.0,0.0,0.0,0.0,0.0,0.0,0.0,0.0,0.0
B138fd1eb8119,Sf8cdbc0a93cc,overhead,5.0,focus,0.0,1.0,0.0,0.0,0.0,0.0,0.0,0.0,0.0,0.0,0.0,0.0,0.0,0.0,0.0,0.0
B138fd1eb8119,Sf8cdbc0a93cc,overhead,6.0,focus,0.0,1.0,0.0,0.0,0.0,0.0,0.0,0.0,0.0,0.0,0.0,0.0,0.0,0.0,0.0,0.0
B138fd1eb8119,Sf8cdbc0a93cc,overhead,7.0,focus,0.0,1.0,0.0,0.0,0.0,0.0,0.0,0.0,0.0,0.0,0.0,0.0,0.0,0.0,0.0,0.0
B138fd1eb8119,Sf8cdbc0a93cc,overhead,8.0,focus,0.0,1.0,0.0,0.0,0.0,0.0,0.0,0.0,0.0,0.0,0.0,0.0,0.0,0.0,0.0,0.0
B138fd1eb8119,Sf8cdbc0a93cc,overhead,9.0,focus,0.0,1.0,0.0,0.0,0.0,0.0,0.0,0.0,0.0,0.0,0.0,0.0,0.0,0.0,0.0,0.0
B13d9532d9006,S38533928bb7e,front,860.0,gaze_side,1.0,0.0,1.0,0.0,0.0,1.0,0.0,0.0,0.0,0.0,1.0,0.0,0.0,0.0,0.0,0.0
B13d9532d9006,S38533928bb7e,front,861.0,gaze_side,1.0,0.0,1.0,0.0,0.0,1.0,0.0,0.0,0.0,0.0,1.0,0.0,0.0,0.0,0.0,0.0
B13d9532d9006,S38533928bb7e,front,862.0,gaze_side,1.0,0.0,1.0,0.0,0.0,1.0,0.0,0.0,0.0,0.0,1.0,0.0,0.0,0.0,0.0,0.0
B13d9532d9006,S38533928bb7e,front,863.0,gaze_side,1.0,0.0,1.0,0.0,0.0,0.0,0.0,0.0,0.0,0.0,1.0,0.0,0.0,0.0,0.0,0.0
B13d9532d9006,S38533928bb7e,front,864.0,gaze_side,1.0,0.0,1.0,0.0,0.0,1.0,0.0,0.0,0.0,0.0,1.0,0.0,0.0,0.0,0.0,0.0
B13d9532d9006,S38533928bb7e,overhead,860.0,gaze_side,0.0,1.0,0.0,0.0,0.0,1.0,0.0,0.0,0.0,0.0,1.0,0.0,0.0,0.0,0.0,0.0
B13d9532d9006,S38533928bb7e,overhead,861.0,gaze_side,0.0,1.0,0.0,0.0,0.0,1.0,0.0,0.0,0.0,0.0,1.0,0.0,0.0,0.0,0.0,0.0
B13d9532d9006,S38533928bb7e,overhead,862.0,gaze_side,0.0,1.0,0.0,0.0,0.0,1.0,0.0,0.0,0.0,0.0,1.0,0.0,0.0,0.0,0.0,0.0
B13d9532d9006,S38533928bb7e,overhead,863.0,gaze_side,0.0,1.0,0.0,0.0,0.0,1.0,0.0,0.0,0.0,0.0,1.0,0.0,0.0,0.0,0.0,0.0
B13d9532d9006,S38533928bb7e,overhead,864.0,gaze_side,0.0,1.0,0.0,0.0,0.0,1.0,0.0,0.0,0.0,0.0,1.0,0.0,0.0,0.0,0.0,0.0
B14214e50128f,Sc17507c06476,front,0.0,focus,1.0,0.0,1.0,0.0,0.0,0.0,0.0,0.0,0.0,0.0,1.0,0.0,0.0,0.0,0.0,0.0
B14214e50128f,Sc17507c06476,front,1.0,focus,1.0,0.0,1.0,0.0,0.0,0.0,0.0,0.0,0.0,0.0,0.0,0.0,0.0,0.0,0.0,0.0
B14214e50128f,Sc17507c06476,front,2.0,focus,1.0,0.0,0.0,0.0,0.0,0.0,0.0,0.0,0.0,0.0,0.0,0.0,0.0,0.0,0.0,1.0
B14214e50128f,Sc17507c06476,front,3.0,focus,1.0,0.0,1.0,0.0,0.0,0.0,1.0,1.0,0.0,0.0,0.0,0.0,0.0,0.0,0.0,0.0
B14214e50128f,Sc17507c06476,front,4.0,focus,1.0,0.0,0.0,0.0,0.0,0.0,0.0,0.0,0.0,0.0,1.0,1.0,0.0,0.0,0.0,1.0
B14214e50128f,Sc17507c06476,overhead,0.0,focus,0.0,1.0,0.0,0.0,0.0,0.0,0.0,0.0,0.0,0.0,0.0,0.0,0.0,0.0,0.0,0.0
B14214e50128f,Sc17507c06476,overhead,1.0,focus,0.0,1.0,0.0,0.0,0.0,0.0,0.0,0.0,0.0,0.0,0.0,0.0,0.0,0.0,0.0,0.0
B14214e50128f,Sc17507c06476,overhead,2.0,focus,0.0,1.0,0.0,0.0,0.0,0.0,0.0,0.0,0.0,0.0,0.0,0.0,0.0,0.0,0.0,0.0
B14214e50128f,Sc17507c06476,overhead,3.0,focus,0.0,1.0,0.0,0.0,0.0,0.0,0.0,0.0,0.0,0.0,0.0,0.0,0.0,0.0,0.0,0.0
B14214e50128f,Sc17507c06476,overhead,4.0,focus,0.0,1.0,0.0,0.0,0.0,0.0,0.0,0.0,0.0,0.0,0.0,0.0,0.0,0.0,0.0,0.0
B146cb42a5af1,S38533928bb7e,front,3056.0,gaze_down,1.0,0.0,1.0,1.0,0.0,1.0,0.0,0.0,0.0,0.0,1.0,0.0,0.0,0.0,0.0,0.0
B146cb42a5af1,S38533928bb7e,front,3057.0,gaze_down,1.0,0.0,1.0,1.0,0.0,1.0,0.0,0.0,0.0,0.0,1.0,0.0,0.0,0.0,0.0,0.0
B146cb42a5af1,S38533928bb7e,front,3058.0,gaze_down,1.0,0.0,1.0,0.0,0.0,1.0,0.0,0.0,0.0,0.0,1.0,0.0,0.0,0.0,0.0,0.0
B146cb42a5af1,S38533928bb7e,front,3059.0,gaze_down,1.0,0.0,1.0,1.0,0.0,1.0,0.0,0.0,0.0,0.0,1.0,0.0,0.0,0.0,0.0,0.0
B146cb42a5af1,S38533928bb7e,front,3060.0,gaze_down,1.0,0.0,1.0,1.0,0.0,1.0,0.0,0.0,0.0,0.0,1.0,0.0,0.0,0.0,0.0,0.0
B146cb42a5af1,S38533928bb7e,front,3061.0,gaze_down,1.0,0.0,1.0,0.0,0.0,1.0,0.0,0.0,0.0,0.0,1.0,0.0,0.0,0.0,0.0,0.0
B146cb42a5af1,S38533928bb7e,front,3062.0,gaze_down,1.0,0.0,1.0,0.0,1.0,0.0,0.0,0.0,0.0,0.0,1.0,0.0,0.0,0.0,0.0,0.0
B146cb42a5af1,S38533928bb7e,front,3063.0,gaze_down,1.0,0.0,1.0,0.0,1.0,1.0,0.0,0.0,0.0,0.0,1.0,0.0,0.0,0.0,0.0,0.0
B146cb42a5af1,S38533928bb7e,front,3064.0,gaze_down,1.0,0.0,1.0,0.0,1.0,1.0,0.0,0.0,0.0,0.0,1.0,0.0,0.0,0.0,0.0,0.0
B146cb42a5af1,S38533928bb7e,front,3065.0,gaze_down,1.0,0.0,1.0,0.0,1.0,1.0,0.0,0.0,0.0,0.0,1.0,0.0,0.0,0.0,0.0,0.0
B146cb42a5af1,S38533928bb7e,overhead,3056.0,gaze_down,0.0,1.0,0.0,0.0,0.0,0.0,0.0,0.0,0.0,0.0,0.0,0.0,0.0,0.0,0.0,0.0
B146cb42a5af1,S38533928bb7e,overhead,3057.0,gaze_down,0.0,1.0,0.0,0.0,0.0,0.0,0.0,0.0,0.0,0.0,0.0,0.0,0.0,0.0,0.0,0.0
B146cb42a5af1,S38533928bb7e,overhead,3058.0,gaze_down,0.0,1.0,0.0,0.0,0.0,0.0,0.0,0.0,0.0,0.0,0.0,0.0,0.0,0.0,0.0,0.0
B146cb42a5af1,S38533928bb7e,overhead,3059.0,gaze_down,0.0,1.0,0.0,0.0,0.0,0.0,0.0,0.0,0.0,0.0,0.0,0.0,0.0,0.0,0.0,0.0
B146cb42a5af1,S38533928bb7e,overhead,3060.0,gaze_down,0.0,1.0,0.0,0.0,0.0,0.0,0.0,0.0,0.0,0.0,0.0,0.0,0.0,0.0,0.0,0.0
B146cb42a5af1,S38533928bb7e,overhead,3061.0,gaze_down,0.0,1.0,0.0,0.0,0.0,0.0,0.0,0.0,0.0,0.0,0.0,0.0,0.0,0.0,0.0,0.0
B146cb42a5af1,S38533928bb7e,overhead,3062.0,gaze_down,0.0,1.0,0.0,0.0,0.0,0.0,0.0,0.0,0.0,0.0,0.0,0.0,0.0,0.0,0.0,0.0
B146cb42a5af1,S38533928bb7e,overhead,3063.0,gaze_down,0.0,1.0,0.0,0.0,0.0,0.0,0.0,0.0,0.0,0.0,0.0,0.0,0.0,0.0,0.0,0.0
B146cb42a5af1,S38533928bb7e,overhead,3064.0,gaze_down,0.0,1.0,0.0,0.0,0.0,0.0,0.0,0.0,0.0,0.0,0.0,0.0,0.0,0.0,0.0,0.0
B146cb42a5af1,S38533928bb7e,overhead,3065.0,gaze_down,0.0,1.0,0.0,0.0,0.0,0.0,0.0,0.0,0.0,0.0,0.0,0.0,0.0,0.0,0.0,0.0
B179e74604374,S08ea3e793bb0,front,0.0,focus,1.0,0.0,1.0,0.0,0.0,1.0,0.0,0.0,0.0,0.0,1.0,0.0,0.0,0.0,0.0,0.0
B179e74604374,S08ea3e793bb0,front,1.0,focus,1.0,0.0,1.0,0.0,0.0,1.0,0.0,0.0,0.0,0.0,1.0,0.0,0.0,0.0,0.0,0.0
B179e74604374,S08ea3e793bb0,front,2.0,focus,1.0,0.0,1.0,0.0,0.0,1.0,1.0,1.0,0.0,1.0,1.0,0.0,0.0,0.0,0.0,0.0
B179e74604374,S08ea3e793bb0,front,3.0,focus,1.0,0.0,1.0,0.0,0.0,1.0,0.0,0.0,0.0,0.0,1.0,0.0,0.0,0.0,0.0,0.0
B179e74604374,S08ea3e793bb0,front,4.0,focus,1.0,0.0,1.0,0.0,0.0,1.0,0.0,0.0,0.0,0.0,1.0,0.0,0.0,0.0,0.0,0.0
B179e74604374,S08ea3e793bb0,front,5.0,focus,1.0,0.0,1.0,0.0,0.0,1.0,0.0,0.0,0.0,0.0,1.0,0.0,0.0,0.0,0.0,0.0
B179e74604374,S08ea3e793bb0,front,6.0,focus,1.0,0.0,1.0,0.0,0.0,0.0,1.0,1.0,0.0,1.0,1.0,0.0,0.0,0.0,0.0,0.0
B179e74604374,S08ea3e793bb0,front,7.0,focus,1.0,0.0,1.0,0.0,0.0,0.0,0.0,0.0,0.0,0.0,0.0,0.0,0.0,0.0,0.0,0.0
B179e74604374,S08ea3e793bb0,front,8.0,focus,1.0,0.0,1.0,0.0,0.0,0.0,0.0,0.0,0.0,0.0,0.0,0.0,0.0,0.0,0.0,0.0
B179e74604374,S08ea3e793bb0,front,9.0,focus,1.0,0.0,1.0,0.0,0.0,0.0,1.0,1.0,0.0,1.0,0.0,0.0,0.0,0.0,0.0,0.0
B179e74604374,S08ea3e793bb0,overhead,0.0,focus,0.0,1.0,0.0,0.0,0.0,0.0,0.0,0.0,0.0,0.0,0.0,0.0,0.0,0.0,0.0,0.0
B179e74604374,S08ea3e793bb0,overhead,1.0,focus,0.0,1.0,0.0,0.0,0.0,0.0,0.0,0.0,0.0,0.0,0.0,0.0,0.0,0.0,0.0,0.0
B179e74604374,S08ea3e793bb0,overhead,2.0,focus,0.0,1.0,0.0,0.0,0.0,0.0,0.0,0.0,0.0,0.0,0.0,0.0,0.0,0.0,0.0,0.0
B179e74604374,S08ea3e793bb0,overhead,3.0,focus,0.0,1.0,0.0,0.0,0.0,1.0,0.0,0.0,0.0,0.0,1.0,0.0,0.0,0.0,0.0,0.0
B179e74604374,S08ea3e793bb0,overhead,4.0,focus,0.0,1.0,0.0,0.0,0.0,1.0,0.0,0.0,0.0,0.0,1.0,0.0,0.0,0.0,0.0,0.0
B179e74604374,S08ea3e793bb0,overhead,5.0,focus,0.0,1.0,0.0,0.0,0.0,1.0,0.0,0.0,0.0,0.0,1.0,0.0,0.0,0.0,0.0,0.0
B179e74604374,S08ea3e793bb0,overhead,6.0,focus,0.0,1.0,0.0,0.0,0.0,1.0,0.0,0.0,0.0,0.0,1.0,0.0,0.0,0.0,0.0,0.0
B179e74604374,S08ea3e793bb0,overhead,7.0,focus,0.0,1.0,0.0,0.0,0.0,1.0,0.0,0.0,0.0,0.0,1.0,0.0,0.0,0.0,0.0,0.0
B179e74604374,S08ea3e793bb0,overhead,8.0,focus,0.0,1.0,0.0,0.0,0.0,1.0,0.0,0.0,0.0,0.0,1.0,0.0,0.0,0.0,0.0,0.0
B179e74604374,S08ea3e793bb0,overhead,9.0,focus,0.0,1.0,0.0,0.0,0.0,1.0,0.0,0.0,0.0,0.0,1.0,0.0,0.0,0.0,0.0,0.0
B18a6a28dcf29,S08ea3e793bb0,front,0.0,focus,1.0,0.0,1.0,0.0,0.0,0.0,0.0,0.0,0.0,0.0,0.0,0.0,0.0,0.0,0.0,0.0
B18a6a28dcf29,S08ea3e793bb0,front,1.0,focus,1.0,0.0,1.0,0.0,0.0,0.0,0.0,0.0,0.0,0.0,0.0,0.0,0.0,0.0,0.0,0.0
B18a6a28dcf29,S08ea3e793bb0,front,2.0,focus,1.0,0.0,1.0,0.0,0.0,0.0,0.0,0.0,0.0,0.0,0.0,0.0,0.0,0.0,0.0,0.0
B18a6a28dcf29,S08ea3e793bb0,front,3.0,focus,1.0,0.0,1.0,0.0,0.0,0.0,0.0,0.0,0.0,0.0,1.0,0.0,0.0,0.0,0.0,0.0
B18a6a28dcf29,S08ea3e793bb0,front,4.0,focus,1.0,0.0,1.0,0.0,0.0,0.0,0.0,0.0,0.0,0.0,0.0,0.0,0.0,0.0,0.0,0.0
B18a6a28dcf29,S08ea3e793bb0,front,5.0,focus,1.0,0.0,1.0,0.0,0.0,0.0,0.0,0.0,0.0,0.0,1.0,0.0,0.0,0.0,0.0,0.0
B18a6a28dcf29,S08ea3e793bb0,front,6.0,focus,1.0,0.0,1.0,0.0,0.0,0.0,0.0,0.0,0.0,0.0,0.0,0.0,0.0,0.0,0.0,0.0
B18a6a28dcf29,S08ea3e793bb0,front,7.0,focus,1.0,0.0,1.0,0.0,0.0,0.0,0.0,0.0,0.0,0.0,0.0,0.0,0.0,0.0,0.0,0.0
B18a6a28dcf29,S08ea3e793bb0,front,8.0,focus,1.0,0.0,1.0,0.0,0.0,0.0,0.0,0.0,0.0,0.0,0.0,0.0,0.0,0.0,0.0,0.0
B18a6a28dcf29,S08ea3e793bb0,front,9.0,focus,1.0,0.0,1.0,0.0,0.0,0.0,0.0,0.0,0.0,0.0,0.0,0.0,0.0,0.0,0.0,0.0
B18a6a28dcf29,S08ea3e793bb0,overhead,0.0,focus,0.0,1.0,0.0,0.0,0.0,0.0,0.0,0.0,0.0,0.0,0.0,0.0,0.0,0.0,0.0,0.0
B18a6a28dcf29,S08ea3e793bb0,overhead,1.0,focus,0.0,1.0,0.0,0.0,0.0,1.0,0.0,0.0,0.0,0.0,1.0,0.0,0.0,0.0,0.0,0.0
B18a6a28dcf29,S08ea3e793bb0,overhead,2.0,focus,0.0,1.0,0.0,0.0,0.0,1.0,0.0,0.0,0.0,0.0,1.0,0.0,0.0,0.0,0.0,0.0
B18a6a28dcf29,S08ea3e793bb0,overhead,3.0,focus,0.0,1.0,0.0,0.0,0.0,1.0,0.0,0.0,0.0,0.0,1.0,0.0,0.0,0.0,0.0,0.0
B18a6a28dcf29,S08ea3e793bb0,overhead,4.0,focus,0.0,1.0,0.0,0.0,0.0,1.0,0.0,0.0,0.0,0.0,1.0,0.0,0.0,0.0,0.0,0.0
B18a6a28dcf29,S08ea3e793bb0,overhead,5.0,focus,0.0,1.0,0.0,0.0,0.0,1.0,0.0,0.0,0.0,0.0,1.0,0.0,0.0,0.0,0.0,0.0
B18a6a28dcf29,S08ea3e793bb0,overhead,6.0,focus,0.0,1.0,0.0,0.0,0.0,1.0,0.0,0.0,0.0,0.0,1.0,0.0,0.0,0.0,0.0,0.0
B18a6a28dcf29,S08ea3e793bb0,overhead,7.0,focus,0.0,1.0,0.0,0.0,0.0,1.0,0.0,0.0,0.0,0.0,1.0,0.0,0.0,0.0,0.0,0.0
B18a6a28dcf29,S08ea3e793bb0,overhead,8.0,focus,0.0,1.0,0.0,0.0,0.0,1.0,0.0,0.0,0.0,0.0,1.0,0.0,0.0,0.0,0.0,0.0
B18a6a28dcf29,S08ea3e793bb0,overhead,9.0,focus,0.0,1.0,0.0,0.0,0.0,1.0,0.0,0.0,0.0,0.0,1.0,0.0,0.0,0.0,0.0,0.0
B19a50b4506ce,S8bb31e565816,front,0.0,gaze_side,1.0,0.0,1.0,0.0,0.0,1.0,0.0,0.0,0.0,0.0,1.0,0.0,0.0,0.0,0.0,0.0
B19a50b4506ce,S8bb31e565816,front,1.0,gaze_side,1.0,0.0,1.0,0.0,0.0,1.0,0.0,0.0,0.0,0.0,1.0,0.0,0.0,0.0,0.0,0.0
B19a50b4506ce,S8bb31e565816,front,2.0,gaze_side,1.0,0.0,1.0,0.0,0.0,0.0,0.0,0.0,0.0,0.0,1.0,0.0,0.0,0.0,0.0,0.0
B19a50b4506ce,S8bb31e565816,front,3.0,gaze_side,1.0,0.0,1.0,0.0,0.0,0.0,0.0,0.0,0.0,0.0,1.0,0.0,0.0,0.0,0.0,0.0
B19a50b4506ce,S8bb31e565816,front,4.0,gaze_side,1.0,0.0,1.0,1.0,0.0,1.0,0.0,0.0,0.0,0.0,1.0,0.0,0.0,0.0,0.0,0.0
B19a50b4506ce,S8bb31e565816,front,5.0,gaze_side,1.0,0.0,1.0,1.0,0.0,1.0,0.0,0.0,0.0,0.0,1.0,0.0,0.0,0.0,0.0,0.0
B19a50b4506ce,S8bb31e565816,front,6.0,gaze_side,1.0,0.0,1.0,0.0,0.0,1.0,0.0,0.0,0.0,0.0,1.0,0.0,0.0,0.0,0.0,0.0
B19a50b4506ce,S8bb31e565816,front,7.0,gaze_side,1.0,0.0,0.0,0.0,0.0,1.0,0.0,0.0,0.0,0.0,1.0,0.0,0.0,0.0,0.0,0.0
B19a50b4506ce,S8bb31e565816,front,8.0,gaze_side,1.0,0.0,0.0,0.0,0.0,1.0,0.0,0.0,0.0,0.0,1.0,0.0,0.0,0.0,0.0,0.0
B19a50b4506ce,S8bb31e565816,front,9.0,gaze_side,1.0,0.0,0.0,0.0,0.0,1.0,0.0,0.0,0.0,0.0,1.0,0.0,0.0,0.0,0.0,0.0
B19a50b4506ce,S8bb31e565816,overhead,0.0,gaze_side,0.0,1.0,0.0,0.0,0.0,0.0,0.0,0.0,0.0,0.0,0.0,0.0,0.0,0.0,0.0,0.0
B19a50b4506ce,S8bb31e565816,overhead,1.0,gaze_side,0.0,1.0,0.0,0.0,0.0,0.0,0.0,0.0,0.0,0.0,0.0,0.0,0.0,0.0,0.0,0.0
B19a50b4506ce,S8bb31e565816,overhead,2.0,gaze_side,0.0,1.0,0.0,0.0,0.0,0.0,0.0,0.0,0.0,0.0,0.0,0.0,0.0,0.0,0.0,0.0
B19a50b4506ce,S8bb31e565816,overhead,3.0,gaze_side,0.0,1.0,0.0,0.0,0.0,0.0,0.0,0.0,0.0,0.0,0.0,0.0,0.0,0.0,0.0,0.0
B19a50b4506ce,S8bb31e565816,overhead,4.0,gaze_side,0.0,1.0,0.0,0.0,0.0,0.0,0.0,0.0,0.0,0.0,0.0,0.0,0.0,0.0,0.0,0.0
B19a50b4506ce,S8bb31e565816,overhead,5.0,gaze_side,0.0,1.0,0.0,0.0,0.0,0.0,0.0,0.0,0.0,0.0,0.0,0.0,0.0,0.0,0.0,0.0
B19a50b4506ce,S8bb31e565816,overhead,6.0,gaze_side,0.0,1.0,0.0,0.0,0.0,0.0,0.0,0.0,0.0,0.0,0.0,0.0,0.0,0.0,0.0,0.0
B19a50b4506ce,S8bb31e565816,overhead,7.0,gaze_side,0.0,1.0,0.0,0.0,0.0,0.0,0.0,0.0,0.0,0.0,0.0,0.0,0.0,0.0,0.0,0.0
B19a50b4506ce,S8bb31e565816,overhead,8.0,gaze_side,0.0,1.0,0.0,0.0,0.0,0.0,0.0,0.0,0.0,0.0,0.0,0.0,0.0,0.0,0.0,0.0
B19a50b4506ce,S8bb31e565816,overhead,9.0,gaze_side,0.0,1.0,0.0,0.0,0.0,0.0,0.0,0.0,0.0,0.0,0.0,0.0,0.0,0.0,0.0,0.0
B1bf3931fad72,S38533928bb7e,front,1158.0,gaze_side,1.0,0.0,1.0,1.0,0.0,0.0,0.0,0.0,0.0,0.0,1.0,0.0,0.0,0.0,0.0,0.0
B1bf3931fad72,S38533928bb7e,front,1159.0,gaze_side,1.0,0.0,1.0,1.0,0.0,1.0,0.0,0.0,0.0,0.0,1.0,0.0,0.0,0.0,0.0,0.0
B1bf3931fad72,S38533928bb7e,front,1160.0,gaze_side,1.0,0.0,1.0,1.0,0.0,1.0,0.0,0.0,0.0,0.0,1.0,0.0,0.0,0.0,0.0,0.0
B1bf3931fad72,S38533928bb7e,front,1161.0,gaze_side,1.0,0.0,1.0,1.0,0.0,1.0,0.0,0.0,0.0,0.0,1.0,0.0,0.0,0.0,0.0,0.0
B1bf3931fad72,S38533928bb7e,front,1162.0,gaze_side,1.0,0.0,0.0,0.0,0.0,0.0,0.0,0.0,0.0,0.0,0.0,0.0,0.0,0.0,0.0,0.0
B1bf3931fad72,S38533928bb7e,front,1163.0,gaze_side,1.0,0.0,0.0,0.0,0.0,1.0,0.0,0.0,0.0,0.0,1.0,0.0,0.0,0.0,0.0,0.0
B1bf3931fad72,S38533928bb7e,overhead,1158.0,gaze_side,0.0,1.0,0.0,0.0,0.0,0.0,0.0,0.0,0.0,0.0,0.0,0.0,0.0,0.0,0.0,0.0
B1bf3931fad72,S38533928bb7e,overhead,1159.0,gaze_side,0.0,1.0,0.0,0.0,0.0,0.0,0.0,0.0,0.0,0.0,0.0,0.0,0.0,0.0,0.0,0.0
B1bf3931fad72,S38533928bb7e,overhead,1160.0,gaze_side,0.0,1.0,0.0,0.0,0.0,0.0,0.0,0.0,0.0,0.0,0.0,0.0,0.0,0.0,0.0,0.0
B1bf3931fad72,S38533928bb7e,overhead,1161.0,gaze_side,0.0,1.0,0.0,0.0,0.0,0.0,0.0,0.0,0.0,0.0,0.0,0.0,0.0,0.0,0.0,0.0
B1bf3931fad72,S38533928bb7e,overhead,1162.0,gaze_side,0.0,1.0,0.0,0.0,0.0,0.0,0.0,0.0,0.0,0.0,0.0,0.0,0.0,0.0,0.0,0.0
B1bf3931fad72,S38533928bb7e,overhead,1163.0,gaze_side,0.0,1.0,0.0,0.0,0.0,0.0,0.0,0.0,0.0,0.0,0.0,0.0,0.0,0.0,0.0,0.0
B1c3104edde63,S08ea3e793bb0,front,0.0,focus,1.0,0.0,1.0,0.0,0.0,0.0,0.0,0.0,0.0,0.0,0.0,0.0,0.0,0.0,0.0,0.0
B1c3104edde63,S08ea3e793bb0,front,1.0,focus,1.0,0.0,1.0,0.0,0.0,0.0,0.0,0.0,0.0,0.0,0.0,0.0,0.0,0.0,0.0,0.0
B1c3104edde63,S08ea3e793bb0,front,2.0,focus,1.0,0.0,1.0,0.0,0.0,0.0,0.0,0.0,0.0,0.0,1.0,0.0,0.0,0.0,0.0,0.0
B1c3104edde63,S08ea3e793bb0,front,3.0,focus,1.0,0.0,1.0,0.0,0.0,0.0,0.0,0.0,0.0,0.0,1.0,0.0,0.0,0.0,0.0,0.0
B1c3104edde63,S08ea3e793bb0,front,4.0,focus,1.0,0.0,1.0,0.0,0.0,0.0,0.0,0.0,0.0,0.0,0.0,0.0,0.0,0.0,0.0,0.0
B1c3104edde63,S08ea3e793bb0,front,5.0,focus,1.0,0.0,1.0,0.0,0.0,0.0,0.0,0.0,0.0,0.0,0.0,0.0,0.0,0.0,0.0,0.0
B1c3104edde63,S08ea3e793bb0,front,6.0,focus,1.0,0.0,1.0,0.0,0.0,0.0,0.0,0.0,0.0,0.0,0.0,0.0,0.0,0.0,0.0,0.0
B1c3104edde63,S08ea3e793bb0,front,7.0,focus,1.0,0.0,1.0,0.0,0.0,0.0,0.0,0.0,0.0,0.0,0.0,0.0,0.0,0.0,0.0,0.0
B1c3104edde63,S08ea3e793bb0,front,8.0,focus,1.0,0.0,1.0,0.0,0.0,1.0,0.0,0.0,0.0,0.0,1.0,0.0,0.0,0.0,0.0,0.0
B1c3104edde63,S08ea3e793bb0,front,9.0,focus,1.0,0.0,1.0,0.0,0.0,1.0,0.0,0.0,0.0,0.0,1.0,0.0,0.0,0.0,0.0,0.0
B1c3104edde63,S08ea3e793bb0,overhead,0.0,focus,0.0,1.0,0.0,0.0,0.0,0.0,0.0,0.0,0.0,0.0,0.0,0.0,0.0,0.0,0.0,0.0
B1c3104edde63,S08ea3e793bb0,overhead,1.0,focus,0.0,1.0,0.0,0.0,0.0,0.0,0.0,0.0,0.0,0.0,0.0,0.0,0.0,0.0,0.0,0.0
B1c3104edde63,S08ea3e793bb0,overhead,2.0,focus,0.0,1.0,0.0,0.0,0.0,0.0,0.0,0.0,0.0,0.0,0.0,0.0,0.0,0.0,0.0,0.0
B1c3104edde63,S08ea3e793bb0,overhead,3.0,focus,0.0,1.0,0.0,0.0,0.0,0.0,0.0,0.0,0.0,0.0,0.0,0.0,0.0,0.0,0.0,0.0
B1c3104edde63,S08ea3e793bb0,overhead,4.0,focus,0.0,1.0,0.0,0.0,0.0,0.0,0.0,0.0,0.0,0.0,0.0,0.0,0.0,0.0,0.0,0.0
B1c3104edde63,S08ea3e793bb0,overhead,5.0,focus,0.0,1.0,0.0,0.0,0.0,1.0,0.0,0.0,0.0,0.0,1.0,0.0,0.0,0.0,0.0,0.0
B1c3104edde63,S08ea3e793bb0,overhead,6.0,focus,0.0,1.0,0.0,0.0,0.0,1.0,0.0,0.0,0.0,0.0,1.0,0.0,0.0,0.0,0.0,0.0
B1c3104edde63,S08ea3e793bb0,overhead,7.0,focus,0.0,1.0,0.0,0.0,0.0,1.0,0.0,0.0,0.0,0.0,1.0,0.0,0.0,0.0,0.0,0.0
B1c3104edde63,S08ea3e793bb0,overhead,8.0,focus,0.0,1.0,0.0,0.0,0.0,1.0,0.0,0.0,0.0,0.0,1.0,0.0,0.0,0.0,0.0,0.0
B1c3104edde63,S08ea3e793bb0,overhead,9.0,focus,0.0,1.0,0.0,0.0,0.0,1.0,0.0,0.0,0.0,0.0,1.0,0.0,0.0,0.0,0.0,0.0
B1c37aa842f63,S41983e9ca40a,front,0.0,unknown,1.0,0.0,0.0,0.0,0.0,0.0,0.0,0.0,0.0,0.0,0.0,0.0,0.0,0.0,0.0,0.0
B1c37aa842f63,S41983e9ca40a,front,1.0,unknown,1.0,0.0,0.0,0.0,0.0,0.0,0.0,0.0,0.0,0.0,0.0,0.0,0.0,0.0,0.0,0.0
B1c37aa842f63,S41983e9ca40a,front,2.0,unknown,1.0,0.0,0.0,0.0,0.0,0.0,0.0,0.0,0.0,0.0,0.0,0.0,0.0,0.0,0.0,0.0
B1c37aa842f63,S41983e9ca40a,front,3.0,unknown,1.0,0.0,0.0,0.0,0.0,0.0,0.0,0.0,0.0,0.0,0.0,0.0,0.0,0.0,0.0,0.0
B1c37aa842f63,S41983e9ca40a,front,4.0,unknown,1.0,0.0,0.0,0.0,0.0,0.0,0.0,0.0,0.0,0.0,0.0,0.0,0.0,0.0,0.0,0.0
B1c37aa842f63,S41983e9ca40a,front,5.0,unknown,1.0,0.0,0.0,0.0,0.0,0.0,0.0,0.0,0.0,0.0,0.0,0.0,0.0,0.0,0.0,0.0
B1c37aa842f63,S41983e9ca40a,front,6.0,unknown,1.0,0.0,0.0,0.0,0.0,0.0,0.0,0.0,0.0,0.0,0.0,0.0,0.0,0.0,0.0,0.0
B1c37aa842f63,S41983e9ca40a,front,7.0,unknown,1.0,0.0,0.0,0.0,0.0,0.0,0.0,0.0,0.0,0.0,0.0,0.0,0.0,0.0,0.0,0.0
B1c37aa842f63,S41983e9ca40a,front,8.0,unknown,1.0,0.0,0.0,0.0,0.0,0.0,0.0,0.0,0.0,0.0,0.0,0.0,0.0,0.0,0.0,0.0
B1c37aa842f63,S41983e9ca40a,front,9.0,unknown,1.0,0.0,0.0,0.0,0.0,0.0,0.0,0.0,0.0,0.0,0.0,0.0,0.0,0.0,0.0,0.0
B1c37aa842f63,S41983e9ca40a,overhead,0.0,unknown,0.0,1.0,0.0,0.0,0.0,0.0,0.0,0.0,0.0,0.0,0.0,0.0,0.0,0.0,0.0,0.0
B1c37aa842f63,S41983e9ca40a,overhead,1.0,unknown,0.0,1.0,0.0,0.0,0.0,0.0,0.0,0.0,0.0,0.0,0.0,0.0,0.0,0.0,0.0,0.0
B1c37aa842f63,S41983e9ca40a,overhead,2.0,unknown,0.0,1.0,0.0,0.0,0.0,0.0,0.0,0.0,0.0,0.0,0.0,0.0,0.0,0.0,0.0,0.0
B1c37aa842f63,S41983e9ca40a,overhead,3.0,unknown,0.0,1.0,0.0,0.0,0.0,0.0,0.0,0.0,0.0,0.0,0.0,0.0,0.0,0.0,0.0,0.0
B1c37aa842f63,S41983e9ca40a,overhead,4.0,unknown,0.0,1.0,0.0,0.0,0.0,0.0,0.0,0.0,0.0,0.0,0.0,0.0,0.0,0.0,0.0,0.0
B1c37aa842f63,S41983e9ca40a,overhead,5.0,unknown,0.0,1.0,0.0,0.0,0.0,0.0,0.0,0.0,0.0,0.0,0.0,0.0,0.0,0.0,0.0,0.0
B1c37aa842f63,S41983e9ca40a,overhead,6.0,unknown,0.0,1.0,0.0,0.0,0.0,0.0,0.0,0.0,0.0,0.0,0.0,0.0,0.0,0.0,0.0,0.0
B1c37aa842f63,S41983e9ca40a,overhead,7.0,unknown,0.0,1.0,0.0,0.0,0.0,0.0,0.0,0.0,0.0,0.0,0.0,0.0,0.0,0.0,0.0,0.0
B1c37aa842f63,S41983e9ca40a,overhead,8.0,unknown,0.0,1.0,0.0,0.0,0.0,0.0,0.0,0.0,0.0,0.0,0.0,0.0,0.0,0.0,0.0,0.0
B1c37aa842f63,S41983e9ca40a,overhead,9.0,unknown,0.0,1.0,0.0,0.0,0.0,0.0,0.0,0.0,0.0,0.0,0.0,0.0,0.0,0.0,0.0,0.0
B1c5328c78f8c,S38533928bb7e,front,2635.0,gaze_down,1.0,0.0,1.0,0.0,0.0,0.0,1.0,0.0,1.0,1.0,0.0,1.0,0.0,0.0,0.0,0.0
B1c5328c78f8c,S38533928bb7e,front,2636.0,gaze_down,1.0,0.0,1.0,0.0,0.0,0.0,1.0,0.0,1.0,1.0,1.0,1.0,0.0,0.0,0.0,0.0
B1c5328c78f8c,S38533928bb7e,front,2637.0,gaze_down,1.0,0.0,1.0,0.0,0.0,0.0,1.0,0.0,1.0,1.0,0.0,1.0,0.0,0.0,0.0,0.0
B1c5328c78f8c,S38533928bb7e,front,2638.0,gaze_down,1.0,0.0,1.0,0.0,0.0,0.0,1.0,0.0,1.0,1.0,0.0,1.0,0.0,0.0,0.0,0.0
B1c5328c78f8c,S38533928bb7e,front,2639.0,gaze_down,1.0,0.0,1.0,0.0,0.0,0.0,1.0,0.0,1.0,1.0,0.0,1.0,0.0,0.0,0.0,0.0
B1c5328c78f8c,S38533928bb7e,front,2640.0,gaze_down,1.0,0.0,1.0,0.0,0.0,0.0,1.0,0.0,1.0,1.0,0.0,1.0,0.0,0.0,0.0,0.0
B1c5328c78f8c,S38533928bb7e,front,2641.0,gaze_down,1.0,0.0,1.0,0.0,0.0,0.0,1.0,0.0,1.0,1.0,0.0,1.0,0.0,0.0,0.0,0.0
B1c5328c78f8c,S38533928bb7e,front,2642.0,gaze_down,1.0,0.0,1.0,0.0,0.0,0.0,1.0,0.0,1.0,1.0,0.0,1.0,0.0,0.0,0.0,0.0
B1c5328c78f8c,S38533928bb7e,front,2643.0,gaze_down,1.0,0.0,1.0,0.0,0.0,0.0,1.0,0.0,1.0,1.0,0.0,1.0,0.0,0.0,0.0,0.0
B1c5328c78f8c,S38533928bb7e,front,2644.0,gaze_down,1.0,0.0,1.0,0.0,0.0,0.0,1.0,0.0,1.0,1.0,0.0,1.0,0.0,0.0,0.0,0.0
B1c5328c78f8c,S38533928bb7e,overhead,2635.0,gaze_down,0.0,1.0,0.0,0.0,0.0,0.0,0.0,0.0,0.0,0.0,0.0,0.0,0.0,0.0,0.0,0.0
B1c5328c78f8c,S38533928bb7e,overhead,2636.0,gaze_down,0.0,1.0,0.0,0.0,0.0,0.0,0.0,0.0,0.0,0.0,0.0,0.0,0.0,0.0,0.0,0.0
B1c5328c78f8c,S38533928bb7e,overhead,2637.0,gaze_down,0.0,1.0,0.0,0.0,0.0,0.0,0.0,0.0,0.0,0.0,0.0,0.0,0.0,0.0,0.0,0.0
B1c5328c78f8c,S38533928bb7e,overhead,2638.0,gaze_down,0.0,1.0,0.0,0.0,0.0,0.0,0.0,0.0,0.0,0.0,0.0,0.0,0.0,0.0,0.0,0.0
B1c5328c78f8c,S38533928bb7e,overhead,2639.0,gaze_down,0.0,1.0,0.0,0.0,0.0,0.0,0.0,0.0,0.0,0.0,0.0,0.0,0.0,0.0,0.0,0.0
B1c5328c78f8c,S38533928bb7e,overhead,2640.0,gaze_down,0.0,1.0,0.0,0.0,0.0,0.0,0.0,0.0,0.0,0.0,0.0,0.0,0.0,0.0,0.0,0.0
B1c5328c78f8c,S38533928bb7e,overhead,2641.0,gaze_down,0.0,1.0,0.0,0.0,0.0,1.0,0.0,0.0,0.0,0.0,1.0,0.0,0.0,0.0,0.0,0.0
B1c5328c78f8c,S38533928bb7e,overhead,2642.0,gaze_down,0.0,1.0,0.0,0.0,0.0,1.0,0.0,0.0,0.0,0.0,1.0,0.0,0.0,0.0,0.0,0.0
B1c5328c78f8c,S38533928bb7e,overhead,2643.0,gaze_down,0.0,1.0,0.0,0.0,0.0,1.0,0.0,0.0,0.0,0.0,1.0,0.0,0.0,0.0,0.0,0.0
B1c5328c78f8c,S38533928bb7e,overhead,2644.0,gaze_down,0.0,1.0,0.0,0.0,0.0,1.0,0.0,0.0,0.0,0.0,1.0,0.0,0.0,0.0,0.0,0.0
B1d96e0573611,Sb97749af3711,front,0.0,unknown,1.0,0.0,0.0,0.0,0.0,0.0,0.0,0.0,0.0,0.0,0.0,0.0,0.0,0.0,0.0,0.0
B1d96e0573611,Sb97749af3711,front,1.0,unknown,1.0,0.0,0.0,0.0,0.0,0.0,0.0,0.0,0.0,0.0,0.0,0.0,0.0,0.0,0.0,0.0
B1d96e0573611,Sb97749af3711,front,2.0,unknown,1.0,0.0,0.0,0.0,0.0,0.0,0.0,0.0,0.0,0.0,0.0,0.0,0.0,0.0,0.0,0.0
B1d96e0573611,Sb97749af3711,front,3.0,unknown,1.0,0.0,0.0,0.0,0.0,0.0,0.0,0.0,0.0,0.0,0.0,0.0,0.0,0.0,0.0,0.0
B1d96e0573611,Sb97749af3711,front,4.0,unknown,1.0,0.0,0.0,0.0,0.0,0.0,0.0,0.0,0.0,0.0,0.0,0.0,0.0,0.0,0.0,0.0
B1d96e0573611,Sb97749af3711,front,5.0,unknown,1.0,0.0,0.0,0.0,0.0,0.0,0.0,0.0,0.0,0.0,0.0,0.0,0.0,0.0,0.0,0.0
B1d96e0573611,Sb97749af3711,front,6.0,unknown,1.0,0.0,0.0,0.0,0.0,0.0,0.0,0.0,0.0,0.0,0.0,0.0,0.0,0.0,0.0,0.0
B1d96e0573611,Sb97749af3711,front,7.0,unknown,1.0,0.0,0.0,0.0,0.0,0.0,0.0,0.0,0.0,0.0,0.0,0.0,0.0,0.0,0.0,0.0
B1d96e0573611,Sb97749af3711,front,8.0,unknown,1.0,0.0,0.0,0.0,0.0,0.0,0.0,0.0,0.0,0.0,0.0,0.0,0.0,0.0,0.0,0.0
B1d96e0573611,Sb97749af3711,front,9.0,unknown,1.0,0.0,0.0,0.0,0.0,0.0,0.0,0.0,0.0,0.0,0.0,0.0,0.0,0.0,0.0,0.0
B1d96e0573611,Sb97749af3711,overhead,0.0,unknown,0.0,1.0,0.0,0.0,0.0,0.0,0.0,0.0,0.0,0.0,0.0,0.0,0.0,0.0,0.0,0.0
B1d96e0573611,Sb97749af3711,overhead,1.0,unknown,0.0,1.0,0.0,0.0,0.0,0.0,0.0,0.0,0.0,0.0,0.0,0.0,0.0,0.0,0.0,0.0
B1d96e0573611,Sb97749af3711,overhead,2.0,unknown,0.0,1.0,0.0,0.0,0.0,0.0,0.0,0.0,0.0,0.0,0.0,0.0,0.0,0.0,0.0,0.0
B1d96e0573611,Sb97749af3711,overhead,3.0,unknown,0.0,1.0,0.0,0.0,0.0,0.0,0.0,0.0,0.0,0.0,0.0,0.0,0.0,0.0,0.0,0.0
B1d96e0573611,Sb97749af3711,overhead,4.0,unknown,0.0,1.0,0.0,0.0,0.0,0.0,0.0,0.0,0.0,0.0,0.0,0.0,0.0,0.0,0.0,0.0
B1d96e0573611,Sb97749af3711,overhead,5.0,unknown,0.0,1.0,0.0,0.0,0.0,0.0,0.0,0.0,0.0,0.0,0.0,0.0,0.0,0.0,0.0,0.0
B1d96e0573611,Sb97749af3711,overhead,6.0,unknown,0.0,1.0,0.0,0.0,0.0,0.0,0.0,0.0,0.0,0.0,0.0,0.0,0.0,0.0,0.0,0.0
B1d96e0573611,Sb97749af3711,overhead,7.0,unknown,0.0,1.0,0.0,0.0,0.0,0.0,0.0,0.0,0.0,0.0,0.0,0.0,0.0,0.0,0.0,0.0
B1d96e0573611,Sb97749af3711,overhead,8.0,unknown,0.0,1.0,0.0,0.0,0.0,0.0,0.0,0.0,0.0,0.0,0.0,0.0,0.0,0.0,0.0,0.0
B1d96e0573611,Sb97749af3711,overhead,9.0,unknown,0.0,1.0,0.0,0.0,0.0,0.0,0.0,0.0,0.0,0.0,0.0,0.0,0.0,0.0,0.0,0.0
B1d9f9cc279d0,S8bb31e565816,front,0.0,focus,1.0,0.0,1.0,0.0,0.0,0.0,0.0,0.0,0.0,0.0,0.0,0.0,0.0,0.0,0.0,0.0
B1d9f9cc279d0,S8bb31e565816,front,1.0,focus,1.0,0.0,1.0,0.0,0.0,0.0,0.0,0.0,0.0,0.0,0.0,0.0,0.0,0.0,0.0,0.0
B1d9f9cc279d0,S8bb31e565816,front,2.0,focus,1.0,0.0,1.0,0.0,0.0,0.0,1.0,0.0,0.0,0.0,0.0,0.0,0.0,0.0,0.0,0.0
B1d9f9cc279d0,S8bb31e565816,front,3.0,focus,1.0,0.0,1.0,0.0,0.0,0.0,1.0,0.0,0.0,0.0,0.0,0.0,0.0,0.0,0.0,0.0
B1d9f9cc279d0,S8bb31e565816,front,4.0,focus,1.0,0.0,1.0,0.0,0.0,0.0,1.0,0.0,0.0,1.0,0.0,0.0,0.0,0.0,0.0,0.0
B1d9f9cc279d0,S8bb31e565816,front,5.0,focus,1.0,0.0,1.0,0.0,0.0,0.0,0.0,0.0,0.0,0.0,0.0,0.0,0.0,0.0,0.0,0.0
B1d9f9cc279d0,S8bb31e565816,front,6.0,focus,1.0,0.0,1.0,0.0,0.0,0.0,0.0,0.0,0.0,0.0,0.0,0.0,0.0,0.0,0.0,0.0
B1d9f9cc279d0,S8bb31e565816,front,7.0,focus,1.0,0.0,1.0,0.0,0.0,0.0,0.0,0.0,0.0,0.0,0.0,0.0,0.0,0.0,0.0,0.0
B1d9f9cc279d0,S8bb31e565816,front,8.0,focus,1.0,0.0,1.0,1.0,0.0,0.0,0.0,0.0,0.0,0.0,0.0,0.0,0.0,0.0,0.0,0.0
B1d9f9cc279d0,S8bb31e565816,front,9.0,focus,1.0,0.0,1.0,1.0,0.0,0.0,0.0,0.0,0.0,0.0,0.0,0.0,0.0,0.0,0.0,0.0
B1d9f9cc279d0,S8bb31e565816,overhead,0.0,focus,0.0,1.0,0.0,0.0,0.0,0.0,0.0,0.0,0.0,0.0,0.0,0.0,0.0,0.0,0.0,0.0
B1d9f9cc279d0,S8bb31e565816,overhead,1.0,focus,0.0,1.0,0.0,0.0,0.0,0.0,0.0,0.0,0.0,0.0,0.0,0.0,0.0,0.0,0.0,0.0
B1d9f9cc279d0,S8bb31e565816,overhead,2.0,focus,0.0,1.0,0.0,0.0,0.0,0.0,0.0,0.0,0.0,0.0,0.0,0.0,0.0,0.0,0.0,0.0
B1d9f9cc279d0,S8bb31e565816,overhead,3.0,focus,0.0,1.0,0.0,0.0,0.0,0.0,0.0,0.0,0.0,0.0,0.0,0.0,0.0,0.0,0.0,0.0
B1d9f9cc279d0,S8bb31e565816,overhead,4.0,focus,0.0,1.0,0.0,0.0,0.0,0.0,0.0,0.0,0.0,0.0,0.0,0.0,0.0,0.0,0.0,0.0
B1d9f9cc279d0,S8bb31e565816,overhead,5.0,focus,0.0,1.0,0.0,0.0,0.0,0.0,0.0,0.0,0.0,0.0,0.0,0.0,0.0,0.0,0.0,0.0
B1d9f9cc279d0,S8bb31e565816,overhead,6.0,focus,0.0,1.0,0.0,0.0,0.0,0.0,0.0,0.0,0.0,0.0,0.0,0.0,0.0,0.0,0.0,0.0
B1d9f9cc279d0,S8bb31e565816,overhead,7.0,focus,0.0,1.0,0.0,0.0,0.0,0.0,0.0,0.0,0.0,0.0,0.0,0.0,0.0,0.0,0.0,0.0
B1d9f9cc279d0,S8bb31e565816,overhead,8.0,focus,0.0,1.0,0.0,0.0,0.0,0.0,0.0,0.0,0.0,0.0,0.0,0.0,0.0,0.0,0.0,0.0
B1d9f9cc279d0,S8bb31e565816,overhead,9.0,focus,0.0,1.0,0.0,0.0,0.0,0.0,0.0,0.0,0.0,0.0,0.0,0.0,0.0,0.0,0.0,0.0
B1fe7f9b3d5d9,S38533928bb7e,front,2625.0,gaze_down,1.0,0.0,1.0,0.0,0.0,0.0,0.0,0.0,0.0,0.0,1.0,0.0,0.0,0.0,0.0,0.0
B1fe7f9b3d5d9,S38533928bb7e,front,2626.0,gaze_down,1.0,0.0,1.0,0.0,0.0,0.0,0.0,0.0,0.0,0.0,0.0,0.0,0.0,0.0,0.0,0.0
B1fe7f9b3d5d9,S38533928bb7e,front,2627.0,gaze_down,1.0,0.0,1.0,0.0,0.0,0.0,1.0,0.0,1.0,1.0,1.0,1.0,0.0,0.0,0.0,0.0
B1fe7f9b3d5d9,S38533928bb7e,front,2628.0,gaze_down,1.0,0.0,1.0,0.0,0.0,0.0,1.0,0.0,1.0,1.0,0.0,1.0,0.0,0.0,0.0,0.0
B1fe7f9b3d5d9,S38533928bb7e,front,2629.0,gaze_down,1.0,0.0,1.0,0.0,0.0,0.0,1.0,0.0,1.0,1.0,0.0,1.0,0.0,0.0,0.0,0.0
B1fe7f9b3d5d9,S38533928bb7e,front,2630.0,gaze_down,1.0,0.0,1.0,0.0,0.0,0.0,1.0,0.0,1.0,1.0,0.0,1.0,0.0,0.0,0.0,0.0
B1fe7f9b3d5d9,S38533928bb7e,front,2631.0,gaze_down,1.0,0.0,1.0,0.0,0.0,0.0,1.0,0.0,1.0,1.0,0.0,1.0,0.0,0.0,0.0,0.0
B1fe7f9b3d5d9,S38533928bb7e,front,2632.0,gaze_down,1.0,0.0,1.0,0.0,0.0,0.0,1.0,0.0,1.0,1.0,0.0,1.0,0.0,0.0,0.0,0.0
B1fe7f9b3d5d9,S38533928bb7e,front,2633.0,gaze_down,1.0,0.0,1.0,0.0,0.0,0.0,1.0,0.0,1.0,1.0,0.0,1.0,0.0,0.0,0.0,0.0
B1fe7f9b3d5d9,S38533928bb7e,front,2634.0,gaze_down,1.0,0.0,1.0,0.0,0.0,0.0,1.0,0.0,1.0,1.0,1.0,1.0,0.0,0.0,0.0,0.0
B1fe7f9b3d5d9,S38533928bb7e,overhead,2625.0,gaze_down,0.0,1.0,0.0,0.0,0.0,0.0,0.0,0.0,0.0,0.0,0.0,0.0,0.0,0.0,0.0,0.0
B1fe7f9b3d5d9,S38533928bb7e,overhead,2626.0,gaze_down,0.0,1.0,0.0,0.0,0.0,0.0,0.0,0.0,0.0,0.0,0.0,0.0,0.0,0.0,0.0,0.0
B1fe7f9b3d5d9,S38533928bb7e,overhead,2627.0,gaze_down,0.0,1.0,0.0,0.0,0.0,0.0,0.0,0.0,0.0,0.0,0.0,0.0,0.0,0.0,0.0,0.0
B1fe7f9b3d5d9,S38533928bb7e,overhead,2628.0,gaze_down,0.0,1.0,0.0,0.0,0.0,0.0,0.0,0.0,0.0,0.0,0.0,0.0,0.0,0.0,0.0,0.0
B1fe7f9b3d5d9,S38533928bb7e,overhead,2629.0,gaze_down,0.0,1.0,0.0,0.0,0.0,0.0,0.0,0.0,0.0,0.0,1.0,0.0,0.0,0.0,0.0,0.0
B1fe7f9b3d5d9,S38533928bb7e,overhead,2630.0,gaze_down,0.0,1.0,0.0,0.0,0.0,0.0,0.0,0.0,0.0,0.0,0.0,0.0,0.0,0.0,0.0,0.0
B1fe7f9b3d5d9,S38533928bb7e,overhead,2631.0,gaze_down,0.0,1.0,0.0,0.0,0.0,0.0,0.0,0.0,0.0,0.0,0.0,0.0,0.0,0.0,0.0,0.0
B1fe7f9b3d5d9,S38533928bb7e,overhead,2632.0,gaze_down,0.0,1.0,0.0,0.0,0.0,0.0,0.0,0.0,0.0,0.0,0.0,0.0,0.0,0.0,0.0,0.0
B1fe7f9b3d5d9,S38533928bb7e,overhead,2633.0,gaze_down,0.0,1.0,0.0,0.0,0.0,0.0,0.0,0.0,0.0,0.0,0.0,0.0,0.0,0.0,0.0,0.0
B1fe7f9b3d5d9,S38533928bb7e,overhead,2634.0,gaze_down,0.0,1.0,0.0,0.0,0.0,0.0,0.0,0.0,0.0,0.0,0.0,0.0,0.0,0.0,0.0,0.0
B207b2feaa36f,Se9ae4c661219,front,0.0,focus,1.0,0.0,1.0,0.0,0.0,0.0,0.0,0.0,0.0,0.0,1.0,0.0,0.0,0.0,0.0,0.0
B207b2feaa36f,Se9ae4c661219,front,1.0,focus,1.0,0.0,1.0,0.0,0.0,0.0,0.0,0.0,0.0,0.0,1.0,0.0,0.0,0.0,0.0,0.0
B207b2feaa36f,Se9ae4c661219,front,2.0,focus,1.0,0.0,1.0,0.0,0.0,0.0,1.0,1.0,0.0,1.0,1.0,0.0,0.0,0.0,0.0,0.0
B207b2feaa36f,Se9ae4c661219,front,3.0,focus,1.0,0.0,0.0,0.0,0.0,0.0,0.0,0.0,0.0,0.0,0.0,1.0,0.0,0.0,0.0,1.0
B207b2feaa36f,Se9ae4c661219,front,4.0,focus,1.0,0.0,0.0,0.0,0.0,0.0,0.0,0.0,0.0,0.0,0.0,1.0,0.0,0.0,0.0,1.0
B207b2feaa36f,Se9ae4c661219,front,5.0,focus,1.0,0.0,0.0,0.0,0.0,0.0,0.0,0.0,0.0,0.0,0.0,1.0,0.0,0.0,0.0,1.0
B207b2feaa36f,Se9ae4c661219,front,6.0,focus,1.0,0.0,1.0,0.0,0.0,0.0,0.0,0.0,0.0,0.0,1.0,0.0,0.0,0.0,0.0,0.0
B207b2feaa36f,Se9ae4c661219,front,7.0,focus,1.0,0.0,1.0,0.0,0.0,0.0,1.0,1.0,0.0,1.0,1.0,0.0,0.0,0.0,0.0,0.0
B207b2feaa36f,Se9ae4c661219,front,8.0,focus,1.0,0.0,0.0,0.0,0.0,0.0,0.0,0.0,0.0,0.0,0.0,1.0,0.0,0.0,0.0,1.0
B207b2feaa36f,Se9ae4c661219,front,9.0,focus,1.0,0.0,0.0,0.0,0.0,0.0,0.0,0.0,0.0,0.0,1.0,1.0,0.0,0.0,0.0,1.0
B207b2feaa36f,Se9ae4c661219,overhead,0.0,focus,0.0,1.0,0.0,0.0,0.0,0.0,0.0,0.0,0.0,0.0,0.0,0.0,0.0,0.0,0.0,0.0
B207b2feaa36f,Se9ae4c661219,overhead,1.0,focus,0.0,1.0,0.0,0.0,0.0,0.0,0.0,0.0,0.0,0.0,0.0,0.0,0.0,0.0,0.0,0.0
B207b2feaa36f,Se9ae4c661219,overhead,2.0,focus,0.0,1.0,0.0,0.0,0.0,0.0,0.0,0.0,0.0,0.0,0.0,0.0,0.0,0.0,0.0,0.0
B207b2feaa36f,Se9ae4c661219,overhead,3.0,focus,0.0,1.0,0.0,0.0,0.0,0.0,0.0,0.0,0.0,0.0,0.0,0.0,0.0,0.0,0.0,0.0
B207b2feaa36f,Se9ae4c661219,overhead,4.0,focus,0.0,1.0,0.0,0.0,0.0,0.0,0.0,0.0,0.0,0.0,0.0,0.0,0.0,0.0,0.0,0.0
B207b2feaa36f,Se9ae4c661219,overhead,5.0,focus,0.0,1.0,0.0,0.0,0.0,0.0,0.0,0.0,0.0,0.0,0.0,0.0,0.0,0.0,0.0,0.0
B207b2feaa36f,Se9ae4c661219,overhead,6.0,focus,0.0,1.0,0.0,0.0,0.0,0.0,0.0,0.0,0.0,0.0,0.0,0.0,0.0,0.0,0.0,0.0
B207b2feaa36f,Se9ae4c661219,overhead,7.0,focus,0.0,1.0,0.0,0.0,0.0,0.0,0.0,0.0,0.0,0.0,0.0,0.0,0.0,0.0,0.0,0.0
B207b2feaa36f,Se9ae4c661219,overhead,8.0,focus,0.0,1.0,0.0,0.0,0.0,0.0,0.0,0.0,0.0,0.0,0.0,0.0,0.0,0.0,0.0,0.0
B207b2feaa36f,Se9ae4c661219,overhead,9.0,focus,0.0,1.0,0.0,0.0,0.0,0.0,0.0,0.0,0.0,0.0,0.0,0.0,0.0,0.0,0.0,0.0
B208ba8b85512,S38533928bb7e,front,3036.0,gaze_down,1.0,0.0,1.0,1.0,0.0,1.0,0.0,0.0,0.0,0.0,1.0,0.0,0.0,0.0,0.0,0.0
B208ba8b85512,S38533928bb7e,front,3037.0,gaze_down,1.0,0.0,1.0,1.0,0.0,1.0,0.0,0.0,0.0,0.0,1.0,0.0,0.0,0.0,0.0,0.0
B208ba8b85512,S38533928bb7e,front,3038.0,gaze_down,1.0,0.0,1.0,0.0,1.0,1.0,0.0,0.0,0.0,0.0,1.0,0.0,0.0,0.0,0.0,0.0
B208ba8b85512,S38533928bb7e,front,3039.0,gaze_down,1.0,0.0,1.0,0.0,1.0,1.0,0.0,0.0,0.0,0.0,1.0,0.0,0.0,0.0,0.0,0.0
B208ba8b85512,S38533928bb7e,front,3040.0,gaze_down,1.0,0.0,1.0,0.0,0.0,1.0,0.0,0.0,0.0,0.0,1.0,0.0,0.0,0.0,0.0,0.0
B208ba8b85512,S38533928bb7e,front,3041.0,gaze_down,1.0,0.0,1.0,0.0,0.0,1.0,0.0,0.0,0.0,0.0,1.0,0.0,0.0,0.0,0.0,0.0
B208ba8b85512,S38533928bb7e,front,3042.0,gaze_down,1.0,0.0,1.0,0.0,0.0,1.0,0.0,0.0,0.0,0.0,1.0,0.0,0.0,0.0,0.0,0.0
B208ba8b85512,S38533928bb7e,front,3043.0,gaze_down,1.0,0.0,1.0,0.0,0.0,1.0,0.0,0.0,0.0,0.0,1.0,0.0,0.0,0.0,0.0,0.0
B208ba8b85512,S38533928bb7e,front,3044.0,gaze_down,1.0,0.0,1.0,0.0,0.0,1.0,0.0,0.0,0.0,0.0,1.0,0.0,0.0,0.0,0.0,0.0
B208ba8b85512,S38533928bb7e,front,3045.0,gaze_down,1.0,0.0,1.0,0.0,0.0,1.0,0.0,0.0,0.0,0.0,1.0,0.0,0.0,0.0,0.0,0.0
B208ba8b85512,S38533928bb7e,overhead,3036.0,gaze_down,0.0,1.0,0.0,0.0,0.0,0.0,0.0,0.0,0.0,0.0,0.0,0.0,0.0,0.0,0.0,0.0
B208ba8b85512,S38533928bb7e,overhead,3037.0,gaze_down,0.0,1.0,0.0,0.0,0.0,0.0,0.0,0.0,0.0,0.0,0.0,0.0,0.0,0.0,0.0,0.0
B208ba8b85512,S38533928bb7e,overhead,3038.0,gaze_down,0.0,1.0,0.0,0.0,0.0,0.0,0.0,0.0,0.0,0.0,0.0,0.0,0.0,0.0,0.0,0.0
B208ba8b85512,S38533928bb7e,overhead,3039.0,gaze_down,0.0,1.0,0.0,0.0,0.0,0.0,0.0,0.0,0.0,0.0,0.0,0.0,0.0,0.0,0.0,0.0
B208ba8b85512,S38533928bb7e,overhead,3040.0,gaze_down,0.0,1.0,0.0,0.0,0.0,0.0,0.0,0.0,0.0,0.0,0.0,0.0,0.0,0.0,0.0,0.0
B208ba8b85512,S38533928bb7e,overhead,3041.0,gaze_down,0.0,1.0,0.0,0.0,0.0,0.0,0.0,0.0,0.0,0.0,0.0,0.0,0.0,0.0,0.0,0.0
B208ba8b85512,S38533928bb7e,overhead,3042.0,gaze_down,0.0,1.0,0.0,0.0,0.0,0.0,0.0,0.0,0.0,0.0,0.0,0.0,0.0,0.0,0.0,0.0
B208ba8b85512,S38533928bb7e,overhead,3043.0,gaze_down,0.0,1.0,0.0,0.0,0.0,0.0,0.0,0.0,0.0,0.0,0.0,0.0,0.0,0.0,0.0,0.0
B208ba8b85512,S38533928bb7e,overhead,3044.0,gaze_down,0.0,1.0,0.0,0.0,0.0,0.0,0.0,0.0,0.0,0.0,0.0,0.0,0.0,0.0,0.0,0.0
B208ba8b85512,S38533928bb7e,overhead,3045.0,gaze_down,0.0,1.0,0.0,0.0,0.0,0.0,0.0,0.0,0.0,0.0,0.0,0.0,0.0,0.0,0.0,0.0
B20c0fe5bcd4d,S38533928bb7e,front,1493.0,gaze_side,1.0,0.0,1.0,1.0,0.0,0.0,0.0,0.0,0.0,0.0,1.0,0.0,0.0,0.0,0.0,0.0
B20c0fe5bcd4d,S38533928bb7e,front,1494.0,gaze_side,1.0,0.0,1.0,1.0,0.0,0.0,0.0,0.0,0.0,0.0,1.0,0.0,0.0,0.0,0.0,0.0
B20c0fe5bcd4d,S38533928bb7e,front,1495.0,gaze_side,1.0,0.0,1.0,1.0,0.0,0.0,0.0,0.0,0.0,0.0,1.0,0.0,0.0,0.0,0.0,0.0
B20c0fe5bcd4d,S38533928bb7e,front,1496.0,gaze_side,1.0,0.0,1.0,1.0,0.0,0.0,0.0,0.0,0.0,0.0,1.0,0.0,0.0,0.0,0.0,0.0
B20c0fe5bcd4d,S38533928bb7e,front,1497.0,gaze_side,1.0,0.0,1.0,1.0,0.0,0.0,0.0,0.0,0.0,0.0,1.0,0.0,0.0,0.0,0.0,0.0
B20c0fe5bcd4d,S38533928bb7e,front,1498.0,gaze_side,1.0,0.0,1.0,1.0,0.0,0.0,0.0,0.0,0.0,0.0,1.0,0.0,0.0,0.0,0.0,0.0
B20c0fe5bcd4d,S38533928bb7e,front,1499.0,gaze_side,1.0,0.0,1.0,1.0,0.0,0.0,0.0,0.0,0.0,0.0,1.0,0.0,0.0,0.0,0.0,0.0
B20c0fe5bcd4d,S38533928bb7e,front,1500.0,gaze_side,1.0,0.0,1.0,1.0,0.0,0.0,0.0,0.0,0.0,0.0,1.0,0.0,0.0,0.0,0.0,0.0
B20c0fe5bcd4d,S38533928bb7e,front,1501.0,gaze_side,1.0,0.0,1.0,1.0,0.0,0.0,0.0,0.0,0.0,0.0,1.0,0.0,0.0,0.0,0.0,0.0
B20c0fe5bcd4d,S38533928bb7e,front,1502.0,gaze_side,1.0,0.0,1.0,1.0,0.0,0.0,0.0,0.0,0.0,0.0,1.0,0.0,0.0,0.0,0.0,0.0
B20c0fe5bcd4d,S38533928bb7e,overhead,1493.0,gaze_side,0.0,1.0,0.0,0.0,0.0,0.0,0.0,0.0,0.0,0.0,0.0,0.0,0.0,0.0,0.0,0.0
B20c0fe5bcd4d,S38533928bb7e,overhead,1494.0,gaze_side,0.0,1.0,0.0,0.0,0.0,0.0,0.0,0.0,0.0,0.0,0.0,0.0,0.0,0.0,0.0,0.0
B20c0fe5bcd4d,S38533928bb7e,overhead,1495.0,gaze_side,0.0,1.0,0.0,0.0,0.0,0.0,0.0,0.0,0.0,0.0,0.0,0.0,0.0,0.0,0.0,0.0
B20c0fe5bcd4d,S38533928bb7e,overhead,1496.0,gaze_side,0.0,1.0,0.0,0.0,0.0,0.0,0.0,0.0,0.0,0.0,0.0,0.0,0.0,0.0,0.0,0.0
B20c0fe5bcd4d,S38533928bb7e,overhead,1497.0,gaze_side,0.0,1.0,0.0,0.0,0.0,0.0,0.0,0.0,0.0,0.0,0.0,0.0,0.0,0.0,0.0,0.0
B20c0fe5bcd4d,S38533928bb7e,overhead,1498.0,gaze_side,0.0,1.0,0.0,0.0,0.0,0.0,0.0,0.0,0.0,0.0,0.0,0.0,0.0,0.0,0.0,0.0
B20c0fe5bcd4d,S38533928bb7e,overhead,1499.0,gaze_side,0.0,1.0,0.0,0.0,0.0,0.0,0.0,0.0,0.0,0.0,0.0,0.0,0.0,0.0,0.0,0.0
B20c0fe5bcd4d,S38533928bb7e,overhead,1500.0,gaze_side,0.0,1.0,0.0,0.0,0.0,0.0,0.0,0.0,0.0,0.0,0.0,0.0,0.0,0.0,0.0,0.0
B20c0fe5bcd4d,S38533928bb7e,overhead,1501.0,gaze_side,0.0,1.0,0.0,0.0,0.0,0.0,0.0,0.0,0.0,0.0,0.0,0.0,0.0,0.0,0.0,0.0
B20c0fe5bcd4d,S38533928bb7e,overhead,1502.0,gaze_side,0.0,1.0,0.0,0.0,0.0,0.0,0.0,0.0,0.0,0.0,0.0,0.0,0.0,0.0,0.0,0.0
B21f339454a12,S08ea3e793bb0,front,0.0,focus,1.0,0.0,1.0,0.0,0.0,1.0,0.0,0.0,0.0,0.0,1.0,0.0,0.0,0.0,0.0,0.0
B21f339454a12,S08ea3e793bb0,front,1.0,focus,1.0,0.0,1.0,0.0,0.0,1.0,0.0,0.0,0.0,0.0,1.0,0.0,0.0,0.0,0.0,0.0
B21f339454a12,S08ea3e793bb0,front,2.0,focus,1.0,0.0,1.0,0.0,0.0,1.0,0.0,0.0,0.0,0.0,1.0,0.0,0.0,0.0,0.0,0.0
B21f339454a12,S08ea3e793bb0,front,3.0,focus,1.0,0.0,1.0,0.0,0.0,1.0,0.0,0.0,0.0,0.0,1.0,0.0,0.0,0.0,0.0,0.0
B21f339454a12,S08ea3e793bb0,front,4.0,focus,1.0,0.0,1.0,0.0,0.0,1.0,0.0,0.0,0.0,0.0,1.0,0.0,0.0,0.0,0.0,0.0
B21f339454a12,S08ea3e793bb0,front,5.0,focus,1.0,0.0,1.0,0.0,0.0,1.0,0.0,0.0,0.0,0.0,1.0,0.0,0.0,0.0,0.0,0.0
B21f339454a12,S08ea3e793bb0,front,6.0,focus,1.0,0.0,1.0,0.0,0.0,1.0,0.0,0.0,0.0,0.0,1.0,0.0,0.0,0.0,0.0,0.0
B21f339454a12,S08ea3e793bb0,front,7.0,focus,1.0,0.0,1.0,0.0,0.0,1.0,0.0,0.0,0.0,0.0,1.0,0.0,0.0,0.0,0.0,0.0
B21f339454a12,S08ea3e793bb0,front,8.0,focus,1.0,0.0,1.0,0.0,0.0,1.0,0.0,0.0,0.0,0.0,1.0,0.0,0.0,0.0,0.0,0.0
B21f339454a12,S08ea3e793bb0,front,9.0,focus,1.0,0.0,1.0,0.0,0.0,1.0,0.0,0.0,0.0,0.0,1.0,0.0,0.0,0.0,0.0,0.0
B21f339454a12,S08ea3e793bb0,overhead,0.0,focus,0.0,1.0,0.0,0.0,0.0,0.0,0.0,0.0,0.0,0.0,0.0,0.0,0.0,0.0,0.0,0.0
B21f339454a12,S08ea3e793bb0,overhead,1.0,focus,0.0,1.0,0.0,0.0,0.0,0.0,0.0,0.0,0.0,0.0,0.0,0.0,0.0,0.0,0.0,0.0
B21f339454a12,S08ea3e793bb0,overhead,2.0,focus,0.0,1.0,0.0,0.0,0.0,0.0,0.0,0.0,0.0,0.0,0.0,0.0,0.0,0.0,0.0,0.0
B21f339454a12,S08ea3e793bb0,overhead,3.0,focus,0.0,1.0,0.0,0.0,0.0,0.0,0.0,0.0,0.0,0.0,0.0,0.0,0.0,0.0,0.0,0.0
B21f339454a12,S08ea3e793bb0,overhead,4.0,focus,0.0,1.0,0.0,0.0,0.0,0.0,0.0,0.0,0.0,0.0,0.0,0.0,0.0,0.0,0.0,0.0
B21f339454a12,S08ea3e793bb0,overhead,5.0,focus,0.0,1.0,0.0,0.0,0.0,0.0,0.0,0.0,0.0,0.0,0.0,0.0,0.0,0.0,0.0,0.0
B21f339454a12,S08ea3e793bb0,overhead,6.0,focus,0.0,1.0,0.0,0.0,0.0,0.0,0.0,0.0,0.0,0.0,0.0,0.0,0.0,0.0,0.0,0.0
B21f339454a12,S08ea3e793bb0,overhead,7.0,focus,0.0,1.0,0.0,0.0,0.0,0.0,0.0,0.0,0.0,0.0,0.0,0.0,0.0,0.0,0.0,0.0
B21f339454a12,S08ea3e793bb0,overhead,8.0,focus,0.0,1.0,0.0,0.0,0.0,0.0,0.0,0.0,0.0,0.0,0.0,0.0,0.0,0.0,0.0,0.0
B21f339454a12,S08ea3e793bb0,overhead,9.0,focus,0.0,1.0,0.0,0.0,0.0,0.0,0.0,0.0,0.0,0.0,0.0,0.0,0.0,0.0,0.0,0.0
B2241ca37cc21,Se9ae4c661219,front,0.0,focus,1.0,0.0,0.0,0.0,0.0,1.0,0.0,0.0,0.0,0.0,1.0,0.0,0.0,0.0,0.0,0.0
B2241ca37cc21,Se9ae4c661219,front,1.0,focus,1.0,0.0,0.0,0.0,0.0,1.0,0.0,0.0,0.0,0.0,1.0,0.0,0.0,0.0,0.0,0.0
B2241ca37cc21,Se9ae4c661219,front,2.0,focus,1.0,0.0,1.0,0.0,0.0,0.0,0.0,0.0,0.0,0.0,1.0,0.0,0.0,0.0,0.0,0.0
B2241ca37cc21,Se9ae4c661219,front,3.0,focus,1.0,0.0,0.0,0.0,0.0,0.0,0.0,0.0,0.0,0.0,1.0,0.0,0.0,0.0,0.0,1.0
B2241ca37cc21,Se9ae4c661219,front,4.0,focus,1.0,0.0,0.0,0.0,0.0,0.0,0.0,0.0,0.0,0.0,1.0,0.0,0.0,0.0,0.0,1.0
B2241ca37cc21,Se9ae4c661219,front,5.0,focus,1.0,0.0,1.0,0.0,0.0,0.0,0.0,0.0,0.0,0.0,0.0,0.0,0.0,0.0,0.0,0.0
B2241ca37cc21,Se9ae4c661219,front,6.0,focus,1.0,0.0,0.0,0.0,0.0,0.0,0.0,0.0,0.0,0.0,1.0,0.0,0.0,0.0,0.0,1.0
B2241ca37cc21,Se9ae4c661219,front,7.0,focus,1.0,0.0,1.0,0.0,0.0,0.0,0.0,0.0,0.0,0.0,1.0,0.0,0.0,0.0,0.0,0.0
B2241ca37cc21,Se9ae4c661219,front,8.0,focus,1.0,0.0,1.0,0.0,0.0,0.0,0.0,0.0,0.0,0.0,1.0,0.0,0.0,0.0,0.0,0.0
B2241ca37cc21,Se9ae4c661219,front,9.0,focus,1.0,0.0,0.0,0.0,0.0,0.0,0.0,0.0,0.0,0.0,1.0,0.0,0.0,0.0,0.0,1.0
B2241ca37cc21,Se9ae4c661219,overhead,0.0,focus,0.0,1.0,0.0,0.0,0.0,0.0,0.0,0.0,0.0,0.0,0.0,0.0,0.0,0.0,0.0,0.0
B2241ca37cc21,Se9ae4c661219,overhead,1.0,focus,0.0,1.0,0.0,0.0,0.0,0.0,0.0,0.0,0.0,0.0,0.0,0.0,0.0,0.0,0.0,0.0
B2241ca37cc21,Se9ae4c661219,overhead,2.0,focus,0.0,1.0,0.0,0.0,0.0,0.0,0.0,0.0,0.0,0.0,0.0,0.0,0.0,0.0,0.0,0.0
B2241ca37cc21,Se9ae4c661219,overhead,3.0,focus,0.0,1.0,0.0,0.0,0.0,0.0,0.0,0.0,0.0,0.0,0.0,0.0,0.0,0.0,0.0,0.0
B2241ca37cc21,Se9ae4c661219,overhead,4.0,focus,0.0,1.0,0.0,0.0,0.0,0.0,0.0,0.0,0.0,0.0,0.0,0.0,0.0,0.0,0.0,0.0
B2241ca37cc21,Se9ae4c661219,overhead,5.0,focus,0.0,1.0,0.0,0.0,0.0,0.0,0.0,0.0,0.0,0.0,0.0,0.0,0.0,0.0,0.0,0.0
B2241ca37cc21,Se9ae4c661219,overhead,6.0,focus,0.0,1.0,0.0,0.0,0.0,0.0,0.0,0.0,0.0,0.0,0.0,0.0,0.0,0.0,0.0,0.0
B2241ca37cc21,Se9ae4c661219,overhead,7.0,focus,0.0,1.0,0.0,0.0,0.0,0.0,0.0,0.0,0.0,0.0,0.0,0.0,0.0,0.0,0.0,0.0
B2241ca37cc21,Se9ae4c661219,overhead,8.0,focus,0.0,1.0,0.0,0.0,0.0,0.0,0.0,0.0,0.0,0.0,0.0,0.0,0.0,0.0,0.0,0.0
B2241ca37cc21,Se9ae4c661219,overhead,9.0,focus,0.0,1.0,0.0,0.0,0.0,0.0,0.0,0.0,0.0,0.0,0.0,0.0,0.0,0.0,0.0,0.0
B22b2a047c364,S38533928bb7e,front,5814.0,drowsy,1.0,0.0,1.0,0.0,0.0,0.0,0.0,0.0,0.0,0.0,0.0,0.0,0.0,0.0,0.0,0.0
B22b2a047c364,S38533928bb7e,front,5815.0,drowsy,1.0,0.0,1.0,0.0,0.0,0.0,0.0,0.0,0.0,0.0,0.0,0.0,0.0,0.0,0.0,0.0
B22b2a047c364,S38533928bb7e,front,5816.0,drowsy,1.0,0.0,1.0,0.0,1.0,0.0,0.0,0.0,0.0,0.0,1.0,0.0,0.0,0.0,0.0,0.0
B22b2a047c364,S38533928bb7e,front,5817.0,drowsy,1.0,0.0,1.0,0.0,1.0,0.0,0.0,0.0,0.0,0.0,0.0,0.0,0.0,0.0,0.0,0.0
B22b2a047c364,S38533928bb7e,front,5818.0,drowsy,1.0,0.0,1.0,0.0,0.0,0.0,0.0,0.0,0.0,0.0,0.0,0.0,0.0,0.0,0.0,0.0
B22b2a047c364,S38533928bb7e,front,5819.0,drowsy,1.0,0.0,1.0,0.0,0.0,0.0,0.0,0.0,0.0,0.0,1.0,0.0,0.0,0.0,0.0,0.0
B22b2a047c364,S38533928bb7e,overhead,5814.0,drowsy,0.0,1.0,0.0,0.0,0.0,0.0,0.0,0.0,0.0,0.0,0.0,0.0,0.0,0.0,0.0,0.0
B22b2a047c364,S38533928bb7e,overhead,5815.0,drowsy,0.0,1.0,0.0,0.0,0.0,0.0,0.0,0.0,0.0,0.0,0.0,0.0,0.0,0.0,0.0,0.0
B22b2a047c364,S38533928bb7e,overhead,5816.0,drowsy,0.0,1.0,0.0,0.0,0.0,0.0,0.0,0.0,0.0,0.0,0.0,0.0,0.0,0.0,0.0,0.0
B22b2a047c364,S38533928bb7e,overhead,5817.0,drowsy,0.0,1.0,0.0,0.0,0.0,0.0,0.0,0.0,0.0,0.0,0.0,0.0,0.0,0.0,0.0,0.0
B22b2a047c364,S38533928bb7e,overhead,5818.0,drowsy,0.0,1.0,0.0,0.0,0.0,0.0,0.0,0.0,0.0,0.0,0.0,0.0,0.0,0.0,0.0,0.0
B22b2a047c364,S38533928bb7e,overhead,5819.0,drowsy,0.0,1.0,0.0,0.0,0.0,0.0,0.0,0.0,0.0,0.0,0.0,0.0,0.0,0.0,0.0,0.0
B22b7ee7723e2,S38533928bb7e,front,450.0,focus,1.0,0.0,1.0,0.0,0.0,0.0,0.0,0.0,0.0,0.0,0.0,0.0,0.0,0.0,0.0,0.0
B22b7ee7723e2,S38533928bb7e,front,451.0,focus,1.0,0.0,1.0,0.0,0.0,0.0,0.0,0.0,0.0,0.0,0.0,0.0,0.0,0.0,0.0,0.0
B22b7ee7723e2,S38533928bb7e,front,452.0,focus,1.0,0.0,1.0,1.0,0.0,0.0,0.0,0.0,0.0,0.0,0.0,0.0,0.0,0.0,0.0,0.0
B22b7ee7723e2,S38533928bb7e,front,453.0,focus,1.0,0.0,1.0,1.0,0.0,0.0,0.0,0.0,0.0,0.0,0.0,0.0,0.0,0.0,0.0,0.0
B22b7ee7723e2,S38533928bb7e,front,454.0,focus,1.0,0.0,1.0,0.0,0.0,0.0,0.0,0.0,0.0,0.0,0.0,0.0,0.0,0.0,0.0,0.0
B22b7ee7723e2,S38533928bb7e,front,455.0,focus,1.0,0.0,1.0,0.0,0.0,0.0,0.0,0.0,0.0,0.0,0.0,0.0,0.0,0.0,0.0,0.0
B22b7ee7723e2,S38533928bb7e,overhead,450.0,focus,0.0,1.0,1.0,0.0,0.0,0.0,0.0,0.0,0.0,0.0,1.0,0.0,0.0,0.0,0.0,0.0
B22b7ee7723e2,S38533928bb7e,overhead,451.0,focus,0.0,1.0,0.0,0.0,0.0,0.0,0.0,0.0,0.0,0.0,0.0,0.0,0.0,0.0,0.0,0.0
B22b7ee7723e2,S38533928bb7e,overhead,452.0,focus,0.0,1.0,0.0,0.0,0.0,0.0,0.0,0.0,0.0,0.0,0.0,0.0,0.0,0.0,0.0,0.0
B22b7ee7723e2,S38533928bb7e,overhead,453.0,focus,0.0,1.0,0.0,0.0,0.0,0.0,0.0,0.0,0.0,0.0,0.0,0.0,0.0,0.0,0.0,0.0
B22b7ee7723e2,S38533928bb7e,overhead,454.0,focus,0.0,1.0,0.0,0.0,0.0,0.0,0.0,0.0,0.0,0.0,0.0,0.0,0.0,0.0,0.0,0.0
B22b7ee7723e2,S38533928bb7e,overhead,455.0,focus,0.0,1.0,0.0,0.0,0.0,0.0,0.0,0.0,0.0,0.0,0.0,0.0,0.0,0.0,0.0,0.0
B23c34720d1c8,Se9ae4c661219,front,0.0,focus,1.0,0.0,1.0,0.0,0.0,0.0,0.0,0.0,0.0,0.0,1.0,0.0,0.0,0.0,0.0,0.0
B23c34720d1c8,Se9ae4c661219,front,1.0,focus,1.0,0.0,0.0,0.0,0.0,1.0,0.0,0.0,0.0,0.0,0.0,0.0,0.0,0.0,0.0,0.0
B23c34720d1c8,Se9ae4c661219,front,2.0,focus,1.0,0.0,0.0,0.0,0.0,1.0,0.0,0.0,0.0,0.0,1.0,0.0,0.0,0.0,0.0,0.0
B23c34720d1c8,Se9ae4c661219,front,3.0,focus,1.0,0.0,1.0,0.0,0.0,0.0,0.0,0.0,0.0,0.0,0.0,0.0,0.0,0.0,0.0,0.0
B23c34720d1c8,Se9ae4c661219,front,4.0,focus,1.0,0.0,0.0,0.0,0.0,0.0,0.0,0.0,0.0,0.0,1.0,0.0,0.0,0.0,0.0,1.0
B23c34720d1c8,Se9ae4c661219,front,5.0,focus,1.0,0.0,1.0,0.0,0.0,0.0,0.0,0.0,0.0,0.0,1.0,0.0,0.0,0.0,0.0,0.0
B23c34720d1c8,Se9ae4c661219,front,6.0,focus,1.0,0.0,1.0,0.0,0.0,0.0,0.0,0.0,0.0,0.0,0.0,0.0,0.0,0.0,0.0,0.0
B23c34720d1c8,Se9ae4c661219,front,7.0,focus,1.0,0.0,0.0,0.0,0.0,0.0,0.0,0.0,0.0,0.0,1.0,0.0,0.0,0.0,0.0,1.0
B23c34720d1c8,Se9ae4c661219,front,8.0,focus,1.0,0.0,1.0,0.0,0.0,0.0,1.0,1.0,0.0,1.0,0.0,0.0,0.0,0.0,0.0,0.0
B23c34720d1c8,Se9ae4c661219,front,9.0,focus,1.0,0.0,1.0,0.0,0.0,0.0,0.0,0.0,0.0,0.0,1.0,0.0,0.0,0.0,0.0,0.0
B23c34720d1c8,Se9ae4c661219,overhead,0.0,focus,0.0,1.0,0.0,0.0,0.0,0.0,0.0,0.0,0.0,0.0,0.0,0.0,0.0,0.0,0.0,0.0
B23c34720d1c8,Se9ae4c661219,overhead,1.0,focus,0.0,1.0,0.0,0.0,0.0,0.0,0.0,0.0,0.0,0.0,1.0,0.0,0.0,0.0,0.0,0.0
B23c34720d1c8,Se9ae4c661219,overhead,2.0,focus,0.0,1.0,0.0,0.0,0.0,0.0,0.0,0.0,0.0,0.0,0.0,0.0,0.0,0.0,0.0,0.0
B23c34720d1c8,Se9ae4c661219,overhead,3.0,focus,0.0,1.0,0.0,0.0,0.0,0.0,0.0,0.0,0.0,0.0,0.0,0.0,0.0,0.0,0.0,0.0
B23c34720d1c8,Se9ae4c661219,overhead,4.0,focus,0.0,1.0,0.0,0.0,0.0,0.0,0.0,0.0,0.0,0.0,0.0,0.0,0.0,0.0,0.0,0.0
B23c34720d1c8,Se9ae4c661219,overhead,5.0,focus,0.0,1.0,0.0,0.0,0.0,0.0,0.0,0.0,0.0,0.0,0.0,0.0,0.0,0.0,0.0,0.0
B23c34720d1c8,Se9ae4c661219,overhead,6.0,focus,0.0,1.0,0.0,0.0,0.0,0.0,0.0,0.0,0.0,0.0,0.0,0.0,0.0,0.0,0.0,0.0
B23c34720d1c8,Se9ae4c661219,overhead,7.0,focus,0.0,1.0,0.0,0.0,0.0,0.0,0.0,0.0,0.0,0.0,0.0,0.0,0.0,0.0,0.0,0.0
B23c34720d1c8,Se9ae4c661219,overhead,8.0,focus,0.0,1.0,0.0,0.0,0.0,0.0,0.0,0.0,0.0,0.0,0.0,0.0,0.0,0.0,0.0,0.0
B23c34720d1c8,Se9ae4c661219,overhead,9.0,focus,0.0,1.0,0.0,0.0,0.0,0.0,0.0,0.0,0.0,0.0,0.0,0.0,0.0,0.0,0.0,0.0
B26dadc089e6e,Sc17507c06476,front,0.0,focus,1.0,0.0,1.0,0.0,0.0,0.0,0.0,0.0,0.0,0.0,0.0,0.0,0.0,0.0,0.0,0.0
B26dadc089e6e,Sc17507c06476,front,1.0,focus,1.0,0.0,1.0,0.0,0.0,0.0,0.0,0.0,0.0,0.0,0.0,0.0,0.0,0.0,0.0,0.0
B26dadc089e6e,Sc17507c06476,front,2.0,focus,1.0,0.0,1.0,0.0,0.0,0.0,1.0,1.0,0.0,0.0,0.0,0.0,0.0,0.0,0.0,0.0
B26dadc089e6e,Sc17507c06476,front,3.0,focus,1.0,0.0,0.0,0.0,0.0,0.0,0.0,0.0,0.0,0.0,0.0,1.0,0.0,0.0,0.0,1.0
B26dadc089e6e,Sc17507c06476,front,4.0,focus,1.0,0.0,1.0,0.0,0.0,0.0,0.0,0.0,0.0,0.0,0.0,0.0,0.0,0.0,0.0,0.0
B26dadc089e6e,Sc17507c06476,front,5.0,focus,1.0,0.0,1.0,0.0,0.0,0.0,0.0,0.0,0.0,0.0,0.0,0.0,0.0,0.0,0.0,0.0
B26dadc089e6e,Sc17507c06476,front,6.0,focus,1.0,0.0,1.0,0.0,0.0,0.0,1.0,1.0,0.0,0.0,0.0,0.0,0.0,0.0,0.0,0.0
B26dadc089e6e,Sc17507c06476,front,7.0,focus,1.0,0.0,1.0,0.0,0.0,0.0,0.0,0.0,0.0,0.0,0.0,0.0,0.0,0.0,0.0,0.0
B26dadc089e6e,Sc17507c06476,front,8.0,focus,1.0,0.0,1.0,0.0,0.0,0.0,0.0,0.0,0.0,0.0,0.0,0.0,0.0,0.0,0.0,0.0
B26dadc089e6e,Sc17507c06476,front,9.0,focus,1.0,0.0,1.0,0.0,0.0,0.0,0.0,0.0,0.0,0.0,1.0,0.0,0.0,0.0,0.0,0.0
B26dadc089e6e,Sc17507c06476,overhead,0.0,focus,0.0,1.0,0.0,0.0,0.0,0.0,0.0,0.0,0.0,0.0,0.0,0.0,0.0,0.0,0.0,0.0
B26dadc089e6e,Sc17507c06476,overhead,1.0,focus,0.0,1.0,0.0,0.0,0.0,0.0,0.0,0.0,0.0,0.0,0.0,0.0,0.0,0.0,0.0,0.0
B26dadc089e6e,Sc17507c06476,overhead,2.0,focus,0.0,1.0,0.0,0.0,0.0,0.0,0.0,0.0,0.0,0.0,0.0,0.0,0.0,0.0,0.0,0.0
B26dadc089e6e,Sc17507c06476,overhead,3.0,focus,0.0,1.0,0.0,0.0,0.0,0.0,0.0,0.0,0.0,0.0,0.0,0.0,0.0,0.0,0.0,0.0
B26dadc089e6e,Sc17507c06476,overhead,4.0,focus,0.0,1.0,0.0,0.0,0.0,0.0,0.0,0.0,0.0,0.0,0.0,0.0,0.0,0.0,0.0,0.0
B26dadc089e6e,Sc17507c06476,overhead,5.0,focus,0.0,1.0,0.0,0.0,0.0,0.0,0.0,0.0,0.0,0.0,0.0,0.0,0.0,0.0,0.0,0.0
B26dadc089e6e,Sc17507c06476,overhead,6.0,focus,0.0,1.0,0.0,0.0,0.0,0.0,0.0,0.0,0.0,0.0,0.0,0.0,0.0,0.0,0.0,0.0
B26dadc089e6e,Sc17507c06476,overhead,7.0,focus,0.0,1.0,0.0,0.0,0.0,0.0,0.0,0.0,0.0,0.0,0.0,0.0,0.0,0.0,0.0,0.0
B26dadc089e6e,Sc17507c06476,overhead,8.0,focus,0.0,1.0,0.0,0.0,0.0,0.0,0.0,0.0,0.0,0.0,0.0,0.0,0.0,0.0,0.0,0.0
B26dadc089e6e,Sc17507c06476,overhead,9.0,focus,0.0,1.0,0.0,0.0,0.0,0.0,0.0,0.0,0.0,0.0,0.0,0.0,0.0,0.0,0.0,0.0
B271f9d69037e,S08ea3e793bb0,front,0.0,focus,1.0,0.0,1.0,0.0,0.0,0.0,0.0,0.0,0.0,0.0,0.0,0.0,0.0,0.0,0.0,0.0
B271f9d69037e,S08ea3e793bb0,front,1.0,focus,1.0,0.0,1.0,0.0,0.0,0.0,0.0,0.0,0.0,0.0,0.0,0.0,0.0,0.0,0.0,0.0
B271f9d69037e,S08ea3e793bb0,front,2.0,focus,1.0,0.0,1.0,0.0,0.0,0.0,0.0,0.0,0.0,0.0,0.0,0.0,0.0,0.0,0.0,0.0
B271f9d69037e,S08ea3e793bb0,front,3.0,focus,1.0,0.0,1.0,0.0,0.0,0.0,0.0,0.0,0.0,0.0,1.0,0.0,0.0,0.0,0.0,0.0
B271f9d69037e,S08ea3e793bb0,front,4.0,focus,1.0,0.0,1.0,0.0,0.0,0.0,1.0,0.0,0.0,0.0,0.0,0.0,0.0,0.0,0.0,0.0
B271f9d69037e,S08ea3e793bb0,front,5.0,focus,1.0,0.0,1.0,0.0,0.0,0.0,1.0,0.0,0.0,0.0,0.0,0.0,0.0,0.0,0.0,0.0
B271f9d69037e,S08ea3e793bb0,front,6.0,focus,1.0,0.0,1.0,0.0,0.0,0.0,1.0,0.0,0.0,0.0,0.0,0.0,0.0,0.0,0.0,0.0
B271f9d69037e,S08ea3e793bb0,front,7.0,focus,1.0,0.0,1.0,0.0,0.0,0.0,0.0,0.0,0.0,0.0,0.0,0.0,0.0,0.0,0.0,0.0
B271f9d69037e,S08ea3e793bb0,front,8.0,focus,1.0,0.0,1.0,0.0,0.0,0.0,0.0,0.0,0.0,0.0,0.0,0.0,0.0,0.0,0.0,0.0
B271f9d69037e,S08ea3e793bb0,front,9.0,focus,1.0,0.0,1.0,0.0,0.0,0.0,0.0,0.0,0.0,0.0,1.0,0.0,0.0,0.0,0.0,0.0
B271f9d69037e,S08ea3e793bb0,overhead,0.0,focus,0.0,1.0,0.0,0.0,0.0,0.0,0.0,0.0,0.0,0.0,0.0,0.0,0.0,0.0,0.0,0.0
B271f9d69037e,S08ea3e793bb0,overhead,1.0,focus,0.0,1.0,0.0,0.0,0.0,0.0,0.0,0.0,0.0,0.0,0.0,0.0,0.0,0.0,0.0,0.0
B271f9d69037e,S08ea3e793bb0,overhead,2.0,focus,0.0,1.0,0.0,0.0,0.0,0.0,0.0,0.0,0.0,0.0,0.0,0.0,0.0,0.0,0.0,0.0
B271f9d69037e,S08ea3e793bb0,overhead,3.0,focus,0.0,1.0,0.0,0.0,0.0,0.0,0.0,0.0,0.0,0.0,0.0,0.0,0.0,0.0,0.0,0.0
B271f9d69037e,S08ea3e793bb0,overhead,4.0,focus,0.0,1.0,0.0,0.0,0.0,0.0,0.0,0.0,0.0,0.0,1.0,0.0,0.0,0.0,0.0,0.0
B271f9d69037e,S08ea3e793bb0,overhead,5.0,focus,0.0,1.0,0.0,0.0,0.0,0.0,0.0,0.0,0.0,0.0,0.0,0.0,0.0,0.0,0.0,0.0
B271f9d69037e,S08ea3e793bb0,overhead,6.0,focus,0.0,1.0,0.0,0.0,0.0,0.0,0.0,0.0,0.0,0.0,0.0,0.0,0.0,0.0,0.0,0.0
B271f9d69037e,S08ea3e793bb0,overhead,7.0,focus,0.0,1.0,0.0,0.0,0.0,1.0,0.0,0.0,0.0,0.0,1.0,0.0,0.0,0.0,0.0,0.0
B271f9d69037e,S08ea3e793bb0,overhead,8.0,focus,0.0,1.0,0.0,0.0,0.0,1.0,0.0,0.0,0.0,0.0,1.0,0.0,0.0,0.0,0.0,0.0
B271f9d69037e,S08ea3e793bb0,overhead,9.0,focus,0.0,1.0,0.0,0.0,0.0,1.0,0.0,0.0,0.0,0.0,1.0,0.0,0.0,0.0,0.0,0.0
B2742f3df0090,S38533928bb7e,front,1483.0,gaze_side,1.0,0.0,0.0,0.0,0.0,0.0,0.0,0.0,0.0,0.0,0.0,0.0,0.0,0.0,0.0,1.0
B2742f3df0090,S38533928bb7e,front,1484.0,gaze_side,1.0,0.0,0.0,0.0,0.0,1.0,0.0,0.0,0.0,0.0,1.0,0.0,0.0,0.0,0.0,0.0
B2742f3df0090,S38533928bb7e,front,1485.0,gaze_side,1.0,0.0,1.0,1.0,0.0,1.0,0.0,0.0,0.0,0.0,1.0,0.0,0.0,0.0,0.0,0.0
B2742f3df0090,S38533928bb7e,front,1486.0,gaze_side,1.0,0.0,1.0,1.0,0.0,1.0,0.0,0.0,0.0,0.0,1.0,0.0,0.0,0.0,0.0,0.0
B2742f3df0090,S38533928bb7e,front,1487.0,gaze_side,1.0,0.0,1.0,1.0,0.0,0.0,0.0,0.0,0.0,0.0,1.0,0.0,0.0,0.0,0.0,0.0
B2742f3df0090,S38533928bb7e,front,1488.0,gaze_side,1.0,0.0,1.0,1.0,0.0,0.0,0.0,0.0,0.0,0.0,1.0,0.0,0.0,0.0,0.0,0.0
B2742f3df0090,S38533928bb7e,front,1489.0,gaze_side,1.0,0.0,1.0,1.0,0.0,0.0,0.0,0.0,0.0,0.0,1.0,0.0,0.0,0.0,0.0,0.0
B2742f3df0090,S38533928bb7e,front,1490.0,gaze_side,1.0,0.0,1.0,1.0,0.0,0.0,0.0,0.0,0.0,0.0,1.0,0.0,0.0,0.0,0.0,0.0
B2742f3df0090,S38533928bb7e,front,1491.0,gaze_side,1.0,0.0,1.0,1.0,0.0,0.0,0.0,0.0,0.0,0.0,1.0,0.0,0.0,0.0,0.0,0.0
B2742f3df0090,S38533928bb7e,front,1492.0,gaze_side,1.0,0.0,1.0,1.0,0.0,0.0,0.0,0.0,0.0,0.0,1.0,0.0,0.0,0.0,0.0,0.0
B2742f3df0090,S38533928bb7e,overhead,1483.0,gaze_side,0.0,1.0,0.0,0.0,0.0,0.0,0.0,0.0,0.0,0.0,0.0,0.0,0.0,0.0,0.0,0.0
B2742f3df0090,S38533928bb7e,overhead,1484.0,gaze_side,0.0,1.0,0.0,0.0,0.0,0.0,0.0,0.0,0.0,0.0,0.0,0.0,0.0,0.0,0.0,0.0
B2742f3df0090,S38533928bb7e,overhead,1485.0,gaze_side,0.0,1.0,0.0,0.0,0.0,0.0,0.0,0.0,0.0,0.0,0.0,0.0,0.0,0.0,0.0,0.0
B2742f3df0090,S38533928bb7e,overhead,1486.0,gaze_side,0.0,1.0,0.0,0.0,0.0,0.0,0.0,0.0,0.0,0.0,0.0,0.0,0.0,0.0,0.0,0.0
B2742f3df0090,S38533928bb7e,overhead,1487.0,gaze_side,0.0,1.0,0.0,0.0,0.0,0.0,0.0,0.0,0.0,0.0,0.0,0.0,0.0,0.0,0.0,0.0
B2742f3df0090,S38533928bb7e,overhead,1488.0,gaze_side,0.0,1.0,0.0,0.0,0.0,0.0,0.0,0.0,0.0,0.0,0.0,0.0,0.0,0.0,0.0,0.0
B2742f3df0090,S38533928bb7e,overhead,1489.0,gaze_side,0.0,1.0,0.0,0.0,0.0,0.0,0.0,0.0,0.0,0.0,0.0,0.0,0.0,0.0,0.0,0.0
B2742f3df0090,S38533928bb7e,overhead,1490.0,gaze_side,0.0,1.0,0.0,0.0,0.0,0.0,0.0,0.0,0.0,0.0,0.0,0.0,0.0,0.0,0.0,0.0
B2742f3df0090,S38533928bb7e,overhead,1491.0,gaze_side,0.0,1.0,0.0,0.0,0.0,0.0,0.0,0.0,0.0,0.0,0.0,0.0,0.0,0.0,0.0,0.0
B2742f3df0090,S38533928bb7e,overhead,1492.0,gaze_side,0.0,1.0,0.0,0.0,0.0,0.0,0.0,0.0,0.0,0.0,0.0,0.0,0.0,0.0,0.0,0.0
B27baca660dc1,Sc17507c06476,front,0.0,focus,1.0,0.0,1.0,0.0,0.0,0.0,0.0,0.0,0.0,0.0,0.0,0.0,0.0,0.0,0.0,0.0
B27baca660dc1,Sc17507c06476,front,1.0,focus,1.0,0.0,1.0,0.0,0.0,0.0,1.0,1.0,0.0,0.0,1.0,0.0,0.0,0.0,0.0,0.0
B27baca660dc1,Sc17507c06476,front,2.0,focus,1.0,0.0,1.0,0.0,0.0,0.0,0.0,0.0,0.0,0.0,1.0,0.0,0.0,0.0,0.0,0.0
B27baca660dc1,Sc17507c06476,front,3.0,focus,1.0,0.0,1.0,0.0,0.0,1.0,1.0,1.0,0.0,0.0,1.0,0.0,0.0,0.0,0.0,0.0
B27baca660dc1,Sc17507c06476,front,4.0,focus,1.0,0.0,1.0,0.0,0.0,1.0,0.0,0.0,0.0,0.0,1.0,0.0,0.0,0.0,0.0,0.0
B27baca660dc1,Sc17507c06476,front,5.0,focus,1.0,0.0,1.0,0.0,0.0,1.0,0.0,0.0,0.0,0.0,1.0,0.0,0.0,0.0,0.0,0.0
B27baca660dc1,Sc17507c06476,front,6.0,focus,1.0,0.0,1.0,0.0,0.0,1.0,1.0,1.0,0.0,1.0,1.0,0.0,0.0,0.0,0.0,0.0
B27baca660dc1,Sc17507c06476,front,7.0,focus,1.0,0.0,1.0,0.0,0.0,1.0,0.0,0.0,0.0,0.0,1.0,0.0,0.0,0.0,0.0,0.0
B27baca660dc1,Sc17507c06476,front,8.0,focus,1.0,0.0,1.0,0.0,0.0,0.0,0.0,0.0,0.0,0.0,1.0,0.0,0.0,0.0,0.0,0.0
B27baca660dc1,Sc17507c06476,front,9.0,focus,1.0,0.0,1.0,0.0,0.0,0.0,0.0,0.0,0.0,0.0,1.0,0.0,0.0,0.0,0.0,0.0
B27baca660dc1,Sc17507c06476,overhead,0.0,focus,0.0,1.0,0.0,0.0,0.0,0.0,0.0,0.0,0.0,0.0,0.0,0.0,0.0,0.0,0.0,0.0
B27baca660dc1,Sc17507c06476,overhead,1.0,focus,0.0,1.0,0.0,0.0,0.0,0.0,0.0,0.0,0.0,0.0,0.0,0.0,0.0,0.0,0.0,0.0
B27baca660dc1,Sc17507c06476,overhead,2.0,focus,0.0,1.0,0.0,0.0,0.0,0.0,0.0,0.0,0.0,0.0,0.0,0.0,0.0,0.0,0.0,0.0
B27baca660dc1,Sc17507c06476,overhead,3.0,focus,0.0,1.0,0.0,0.0,0.0,0.0,0.0,0.0,0.0,0.0,1.0,0.0,0.0,0.0,0.0,0.0
B27baca660dc1,Sc17507c06476,overhead,4.0,focus,0.0,1.0,0.0,0.0,0.0,0.0,0.0,0.0,0.0,0.0,0.0,0.0,0.0,0.0,0.0,0.0
B27baca660dc1,Sc17507c06476,overhead,5.0,focus,0.0,1.0,0.0,0.0,0.0,0.0,0.0,0.0,0.0,0.0,0.0,0.0,0.0,0.0,0.0,0.0
B27baca660dc1,Sc17507c06476,overhead,6.0,focus,0.0,1.0,0.0,0.0,0.0,0.0,0.0,0.0,0.0,0.0,0.0,0.0,0.0,0.0,0.0,0.0
B27baca660dc1,Sc17507c06476,overhead,7.0,focus,0.0,1.0,0.0,0.0,0.0,0.0,0.0,0.0,0.0,0.0,0.0,0.0,0.0,0.0,0.0,0.0
B27baca660dc1,Sc17507c06476,overhead,8.0,focus,0.0,1.0,0.0,0.0,0.0,0.0,0.0,0.0,0.0,0.0,0.0,0.0,0.0,0.0,0.0,0.0
B27baca660dc1,Sc17507c06476,overhead,9.0,focus,0.0,1.0,0.0,0.0,0.0,0.0,0.0,0.0,0.0,0.0,0.0,0.0,0.0,0.0,0.0,0.0
B27d283aa2f29,Sf8cdbc0a93cc,front,0.0,focus,1.0,0.0,1.0,0.0,0.0,0.0,1.0,0.0,0.0,1.0,1.0,0.0,0.0,0.0,0.0,0.0
B27d283aa2f29,Sf8cdbc0a93cc,front,1.0,focus,1.0,0.0,1.0,0.0,0.0,0.0,1.0,0.0,0.0,1.0,1.0,0.0,0.0,0.0,0.0,0.0
B27d283aa2f29,Sf8cdbc0a93cc,front,2.0,focus,1.0,0.0,1.0,0.0,0.0,0.0,0.0,0.0,0.0,0.0,0.0,0.0,0.0,0.0,0.0,0.0
B27d283aa2f29,Sf8cdbc0a93cc,front,3.0,focus,1.0,0.0,1.0,0.0,0.0,0.0,0.0,0.0,0.0,0.0,0.0,0.0,0.0,0.0,0.0,0.0
B27d283aa2f29,Sf8cdbc0a93cc,front,4.0,focus,1.0,0.0,1.0,0.0,0.0,0.0,0.0,0.0,0.0,0.0,0.0,0.0,0.0,0.0,0.0,0.0
B27d283aa2f29,Sf8cdbc0a93cc,front,5.0,focus,1.0,0.0,1.0,0.0,0.0,0.0,0.0,0.0,0.0,0.0,0.0,0.0,0.0,0.0,0.0,0.0
B27d283aa2f29,Sf8cdbc0a93cc,front,6.0,focus,1.0,0.0,1.0,0.0,0.0,0.0,0.0,0.0,0.0,0.0,0.0,0.0,0.0,0.0,0.0,0.0
B27d283aa2f29,Sf8cdbc0a93cc,front,7.0,focus,1.0,0.0,1.0,0.0,0.0,0.0,0.0,0.0,0.0,0.0,0.0,0.0,0.0,0.0,0.0,0.0
B27d283aa2f29,Sf8cdbc0a93cc,front,8.0,focus,1.0,0.0,1.0,0.0,0.0,0.0,1.0,1.0,0.0,1.0,0.0,0.0,0.0,0.0,0.0,0.0
B27d283aa2f29,Sf8cdbc0a93cc,front,9.0,focus,1.0,0.0,1.0,0.0,0.0,0.0,0.0,0.0,0.0,0.0,1.0,0.0,0.0,0.0,0.0,0.0
B27d283aa2f29,Sf8cdbc0a93cc,overhead,0.0,focus,0.0,1.0,0.0,0.0,0.0,0.0,0.0,0.0,0.0,0.0,0.0,0.0,0.0,0.0,0.0,0.0
B27d283aa2f29,Sf8cdbc0a93cc,overhead,1.0,focus,0.0,1.0,0.0,0.0,0.0,0.0,0.0,0.0,0.0,0.0,0.0,0.0,0.0,0.0,0.0,0.0
B27d283aa2f29,Sf8cdbc0a93cc,overhead,2.0,focus,0.0,1.0,0.0,0.0,0.0,0.0,0.0,0.0,0.0,0.0,0.0,0.0,0.0,0.0,0.0,0.0
B27d283aa2f29,Sf8cdbc0a93cc,overhead,3.0,focus,0.0,1.0,0.0,0.0,0.0,0.0,0.0,0.0,0.0,0.0,0.0,0.0,0.0,0.0,0.0,0.0
B27d283aa2f29,Sf8cdbc0a93cc,overhead,4.0,focus,0.0,1.0,0.0,0.0,0.0,0.0,0.0,0.0,0.0,0.0,0.0,0.0,0.0,0.0,0.0,0.0
B27d283aa2f29,Sf8cdbc0a93cc,overhead,5.0,focus,0.0,1.0,0.0,0.0,0.0,0.0,0.0,0.0,0.0,0.0,0.0,0.0,0.0,0.0,0.0,0.0
B27d283aa2f29,Sf8cdbc0a93cc,overhead,6.0,focus,0.0,1.0,0.0,0.0,0.0,0.0,0.0,0.0,0.0,0.0,0.0,0.0,0.0,0.0,0.0,0.0
B27d283aa2f29,Sf8cdbc0a93cc,overhead,7.0,focus,0.0,1.0,0.0,0.0,0.0,0.0,0.0,0.0,0.0,0.0,0.0,0.0,0.0,0.0,0.0,0.0
B27d283aa2f29,Sf8cdbc0a93cc,overhead,8.0,focus,0.0,1.0,0.0,0.0,0.0,0.0,0.0,0.0,0.0,0.0,0.0,0.0,0.0,0.0,0.0,0.0
B27d283aa2f29,Sf8cdbc0a93cc,overhead,9.0,focus,0.0,1.0,0.0,0.0,0.0,0.0,0.0,0.0,0.0,0.0,0.0,0.0,0.0,0.0,0.0,0.0
B2a24d967c07a,Sb97749af3711,front,0.0,unknown,1.0,0.0,0.0,0.0,0.0,0.0,0.0,0.0,0.0,0.0,0.0,0.0,0.0,0.0,0.0,0.0
B2a24d967c07a,Sb97749af3711,front,1.0,unknown,1.0,0.0,0.0,0.0,0.0,0.0,0.0,0.0,0.0,0.0,0.0,0.0,0.0,0.0,0.0,0.0
B2a24d967c07a,Sb97749af3711,front,2.0,unknown,1.0,0.0,0.0,0.0,0.0,0.0,0.0,0.0,0.0,0.0,0.0,0.0,0.0,0.0,0.0,0.0
B2a24d967c07a,Sb97749af3711,front,3.0,unknown,1.0,0.0,0.0,0.0,0.0,0.0,0.0,0.0,0.0,0.0,0.0,0.0,0.0,0.0,0.0,0.0
B2a24d967c07a,Sb97749af3711,front,4.0,unknown,1.0,0.0,0.0,0.0,0.0,0.0,0.0,0.0,0.0,0.0,0.0,0.0,0.0,0.0,0.0,0.0
B2a24d967c07a,Sb97749af3711,front,5.0,unknown,1.0,0.0,0.0,0.0,0.0,0.0,0.0,0.0,0.0,0.0,0.0,0.0,0.0,0.0,0.0,0.0
B2a24d967c07a,Sb97749af3711,front,6.0,unknown,1.0,0.0,0.0,0.0,0.0,0.0,0.0,0.0,0.0,0.0,0.0,0.0,0.0,0.0,0.0,0.0
B2a24d967c07a,Sb97749af3711,front,7.0,unknown,1.0,0.0,0.0,0.0,0.0,0.0,0.0,0.0,0.0,0.0,0.0,0.0,0.0,0.0,0.0,0.0
B2a24d967c07a,Sb97749af3711,front,8.0,unknown,1.0,0.0,0.0,0.0,0.0,0.0,0.0,0.0,0.0,0.0,0.0,0.0,0.0,0.0,0.0,0.0
B2a24d967c07a,Sb97749af3711,front,9.0,unknown,1.0,0.0,0.0,0.0,0.0,0.0,0.0,0.0,0.0,0.0,0.0,0.0,0.0,0.0,0.0,0.0
B2a24d967c07a,Sb97749af3711,overhead,0.0,unknown,0.0,1.0,0.0,0.0,0.0,0.0,0.0,0.0,0.0,0.0,0.0,0.0,0.0,0.0,0.0,0.0
B2a24d967c07a,Sb97749af3711,overhead,1.0,unknown,0.0,1.0,0.0,0.0,0.0,0.0,0.0,0.0,0.0,0.0,0.0,0.0,0.0,0.0,0.0,0.0
B2a24d967c07a,Sb97749af3711,overhead,2.0,unknown,0.0,1.0,0.0,0.0,0.0,0.0,0.0,0.0,0.0,0.0,0.0,0.0,0.0,0.0,0.0,0.0
B2a24d967c07a,Sb97749af3711,overhead,3.0,unknown,0.0,1.0,0.0,0.0,0.0,0.0,0.0,0.0,0.0,0.0,0.0,0.0,0.0,0.0,0.0,0.0
B2a24d967c07a,Sb97749af3711,overhead,4.0,unknown,0.0,1.0,0.0,0.0,0.0,0.0,0.0,0.0,0.0,0.0,0.0,0.0,0.0,0.0,0.0,0.0
B2a24d967c07a,Sb97749af3711,overhead,5.0,unknown,0.0,1.0,0.0,0.0,0.0,0.0,0.0,0.0,0.0,0.0,0.0,0.0,0.0,0.0,0.0,0.0
B2a24d967c07a,Sb97749af3711,overhead,6.0,unknown,0.0,1.0,0.0,0.0,0.0,0.0,0.0,0.0,0.0,0.0,0.0,0.0,0.0,0.0,0.0,0.0
B2a24d967c07a,Sb97749af3711,overhead,7.0,unknown,0.0,1.0,0.0,0.0,0.0,0.0,0.0,0.0,0.0,0.0,0.0,0.0,0.0,0.0,0.0,0.0
B2a24d967c07a,Sb97749af3711,overhead,8.0,unknown,0.0,1.0,0.0,0.0,0.0,0.0,0.0,0.0,0.0,0.0,0.0,0.0,0.0,0.0,0.0,0.0
B2a24d967c07a,Sb97749af3711,overhead,9.0,unknown,0.0,1.0,0.0,0.0,0.0,0.0,0.0,0.0,0.0,0.0,0.0,0.0,0.0,0.0,0.0,0.0
B2afb94b13fbc,Sf8cdbc0a93cc,front,0.0,focus,1.0,0.0,1.0,0.0,0.0,0.0,0.0,0.0,0.0,0.0,1.0,0.0,0.0,0.0,0.0,0.0
B2afb94b13fbc,Sf8cdbc0a93cc,front,1.0,focus,1.0,0.0,1.0,0.0,0.0,0.0,0.0,0.0,0.0,0.0,0.0,0.0,0.0,0.0,0.0,0.0
B2afb94b13fbc,Sf8cdbc0a93cc,front,2.0,focus,1.0,0.0,1.0,0.0,0.0,0.0,0.0,0.0,0.0,0.0,1.0,0.0,0.0,0.0,0.0,0.0
B2afb94b13fbc,Sf8cdbc0a93cc,front,3.0,focus,1.0,0.0,1.0,0.0,0.0,0.0,1.0,0.0,0.0,1.0,1.0,0.0,0.0,0.0,0.0,0.0
B2afb94b13fbc,Sf8cdbc0a93cc,front,4.0,focus,1.0,0.0,1.0,0.0,0.0,0.0,1.0,0.0,0.0,1.0,1.0,0.0,0.0,0.0,0.0,0.0
B2afb94b13fbc,Sf8cdbc0a93cc,front,5.0,focus,1.0,0.0,1.0,0.0,0.0,0.0,0.0,0.0,0.0,0.0,1.0,0.0,0.0,0.0,0.0,0.0
B2afb94b13fbc,Sf8cdbc0a93cc,front,6.0,focus,1.0,0.0,1.0,0.0,0.0,0.0,0.0,0.0,0.0,0.0,1.0,0.0,0.0,0.0,0.0,0.0
B2afb94b13fbc,Sf8cdbc0a93cc,front,7.0,focus,1.0,0.0,1.0,0.0,0.0,0.0,0.0,0.0,0.0,0.0,1.0,0.0,0.0,0.0,0.0,0.0
B2afb94b13fbc,Sf8cdbc0a93cc,front,8.0,focus,1.0,0.0,1.0,0.0,0.0,0.0,0.0,0.0,0.0,0.0,1.0,0.0,0.0,0.0,0.0,0.0
B2afb94b13fbc,Sf8cdbc0a93cc,front,9.0,focus,1.0,0.0,1.0,0.0,0.0,0.0,0.0,0.0,0.0,0.0,1.0,0.0,0.0,0.0,0.0,0.0
B2afb94b13fbc,Sf8cdbc0a93cc,overhead,0.0,focus,0.0,1.0,0.0,0.0,0.0,0.0,0.0,0.0,0.0,0.0,0.0,0.0,0.0,0.0,0.0,0.0
B2afb94b13fbc,Sf8cdbc0a93cc,overhead,1.0,focus,0.0,1.0,0.0,0.0,0.0,0.0,0.0,0.0,0.0,0.0,0.0,0.0,0.0,0.0,0.0,0.0
B2afb94b13fbc,Sf8cdbc0a93cc,overhead,2.0,focus,0.0,1.0,0.0,0.0,0.0,0.0,0.0,0.0,0.0,0.0,0.0,0.0,0.0,0.0,0.0,0.0
B2afb94b13fbc,Sf8cdbc0a93cc,overhead,3.0,focus,0.0,1.0,0.0,0.0,0.0,0.0,0.0,0.0,0.0,0.0,0.0,0.0,0.0,0.0,0.0,0.0
B2afb94b13fbc,Sf8cdbc0a93cc,overhead,4.0,focus,0.0,1.0,0.0,0.0,0.0,0.0,0.0,0.0,0.0,0.0,0.0,0.0,0.0,0.0,0.0,0.0
B2afb94b13fbc,Sf8cdbc0a93cc,overhead,5.0,focus,0.0,1.0,0.0,0.0,0.0,0.0,0.0,0.0,0.0,0.0,0.0,0.0,0.0,0.0,0.0,0.0
B2afb94b13fbc,Sf8cdbc0a93cc,overhead,6.0,focus,0.0,1.0,0.0,0.0,0.0,0.0,0.0,0.0,0.0,0.0,0.0,0.0,0.0,0.0,0.0,0.0
B2afb94b13fbc,Sf8cdbc0a93cc,overhead,7.0,focus,0.0,1.0,0.0,0.0,0.0,0.0,0.0,0.0,0.0,0.0,0.0,0.0,0.0,0.0,0.0,0.0
B2afb94b13fbc,Sf8cdbc0a93cc,overhead,8.0,focus,0.0,1.0,0.0,0.0,0.0,0.0,0.0,0.0,0.0,0.0,0.0,0.0,0.0,0.0,0.0,0.0
B2afb94b13fbc,Sf8cdbc0a93cc,overhead,9.0,focus,0.0,1.0,0.0,0.0,0.0,0.0,0.0,0.0,0.0,0.0,0.0,0.0,0.0,0.0,0.0,0.0
B2cd752476a97,Sf8cdbc0a93cc,front,0.0,focus,1.0,0.0,1.0,0.0,0.0,0.0,0.0,0.0,0.0,0.0,0.0,0.0,0.0,0.0,0.0,0.0
B2cd752476a97,Sf8cdbc0a93cc,front,1.0,focus,1.0,0.0,1.0,0.0,0.0,0.0,0.0,0.0,0.0,0.0,0.0,0.0,0.0,0.0,0.0,0.0
B2cd752476a97,Sf8cdbc0a93cc,front,2.0,focus,1.0,0.0,1.0,0.0,0.0,0.0,0.0,0.0,0.0,0.0,0.0,0.0,0.0,0.0,0.0,0.0
B2cd752476a97,Sf8cdbc0a93cc,front,3.0,focus,1.0,0.0,1.0,0.0,0.0,0.0,0.0,0.0,0.0,0.0,0.0,0.0,0.0,0.0,0.0,0.0
B2cd752476a97,Sf8cdbc0a93cc,front,4.0,focus,1.0,0.0,1.0,0.0,0.0,0.0,0.0,0.0,0.0,0.0,0.0,0.0,0.0,0.0,0.0,0.0
B2cd752476a97,Sf8cdbc0a93cc,front,5.0,focus,1.0,0.0,1.0,0.0,0.0,0.0,0.0,0.0,0.0,0.0,0.0,0.0,0.0,0.0,0.0,0.0
B2cd752476a97,Sf8cdbc0a93cc,front,6.0,focus,1.0,0.0,1.0,0.0,0.0,0.0,0.0,0.0,0.0,0.0,0.0,0.0,0.0,0.0,0.0,0.0
B2cd752476a97,Sf8cdbc0a93cc,front,7.0,focus,1.0,0.0,1.0,0.0,0.0,0.0,1.0,0.0,0.0,1.0,0.0,0.0,0.0,0.0,0.0,0.0
B2cd752476a97,Sf8cdbc0a93cc,front,8.0,focus,1.0,0.0,1.0,0.0,0.0,0.0,1.0,0.0,0.0,1.0,0.0,0.0,0.0,0.0,0.0,0.0
B2cd752476a97,Sf8cdbc0a93cc,front,9.0,focus,1.0,0.0,1.0,0.0,0.0,0.0,0.0,0.0,0.0,0.0,0.0,0.0,0.0,0.0,0.0,0.0
B2cd752476a97,Sf8cdbc0a93cc,overhead,0.0,focus,0.0,1.0,0.0,0.0,0.0,0.0,0.0,0.0,0.0,0.0,0.0,0.0,0.0,0.0,0.0,0.0
B2cd752476a97,Sf8cdbc0a93cc,overhead,1.0,focus,0.0,1.0,0.0,0.0,0.0,0.0,0.0,0.0,0.0,0.0,0.0,0.0,0.0,0.0,0.0,0.0
B2cd752476a97,Sf8cdbc0a93cc,overhead,2.0,focus,0.0,1.0,0.0,0.0,0.0,0.0,0.0,0.0,0.0,0.0,0.0,0.0,0.0,0.0,0.0,0.0
B2cd752476a97,Sf8cdbc0a93cc,overhead,3.0,focus,0.0,1.0,0.0,0.0,0.0,0.0,0.0,0.0,0.0,0.0,0.0,0.0,0.0,0.0,0.0,0.0
B2cd752476a97,Sf8cdbc0a93cc,overhead,4.0,focus,0.0,1.0,0.0,0.0,0.0,0.0,0.0,0.0,0.0,0.0,0.0,0.0,0.0,0.0,0.0,0.0
B2cd752476a97,Sf8cdbc0a93cc,overhead,5.0,focus,0.0,1.0,0.0,0.0,0.0,0.0,0.0,0.0,0.0,0.0,0.0,0.0,0.0,0.0,0.0,0.0
B2cd752476a97,Sf8cdbc0a93cc,overhead,6.0,focus,0.0,1.0,0.0,0.0,0.0,0.0,0.0,0.0,0.0,0.0,0.0,0.0,0.0,0.0,0.0,0.0
B2cd752476a97,Sf8cdbc0a93cc,overhead,7.0,focus,0.0,1.0,0.0,0.0,0.0,0.0,0.0,0.0,0.0,0.0,0.0,0.0,0.0,0.0,0.0,0.0
B2cd752476a97,Sf8cdbc0a93cc,overhead,8.0,focus,0.0,1.0,0.0,0.0,0.0,0.0,0.0,0.0,0.0,0.0,0.0,0.0,0.0,0.0,0.0,0.0
B2cd752476a97,Sf8cdbc0a93cc,overhead,9.0,focus,0.0,1.0,0.0,0.0,0.0,0.0,0.0,0.0,0.0,0.0,0.0,0.0,0.0,0.0,0.0,0.0
B2e2bbc87f4c8,S38533928bb7e,front,29.0,focus,1.0,0.0,1.0,0.0,0.0,0.0,1.0,0.0,1.0,1.0,0.0,1.0,0.0,0.0,0.0,0.0
B2e2bbc87f4c8,S38533928bb7e,front,30.0,focus,1.0,0.0,1.0,0.0,0.0,0.0,1.0,0.0,1.0,1.0,0.0,1.0,0.0,0.0,0.0,0.0
B2e2bbc87f4c8,S38533928bb7e,front,31.0,focus,1.0,0.0,1.0,0.0,0.0,0.0,1.0,0.0,1.0,1.0,0.0,1.0,0.0,0.0,0.0,0.0
B2e2bbc87f4c8,S38533928bb7e,front,32.0,focus,1.0,0.0,1.0,0.0,0.0,0.0,1.0,0.0,1.0,1.0,0.0,1.0,0.0,0.0,0.0,0.0
B2e2bbc87f4c8,S38533928bb7e,front,33.0,focus,1.0,0.0,1.0,0.0,0.0,0.0,1.0,0.0,1.0,1.0,0.0,1.0,0.0,0.0,0.0,0.0
B2e2bbc87f4c8,S38533928bb7e,front,34.0,focus,1.0,0.0,1.0,0.0,0.0,0.0,1.0,0.0,1.0,1.0,0.0,1.0,0.0,0.0,0.0,0.0
B2e2bbc87f4c8,S38533928bb7e,front,35.0,focus,1.0,0.0,1.0,0.0,0.0,0.0,1.0,0.0,1.0,1.0,0.0,1.0,0.0,0.0,0.0,0.0
B2e2bbc87f4c8,S38533928bb7e,front,36.0,focus,1.0,0.0,1.0,0.0,0.0,0.0,1.0,0.0,1.0,1.0,0.0,1.0,0.0,0.0,0.0,0.0
B2e2bbc87f4c8,S38533928bb7e,front,37.0,focus,1.0,0.0,1.0,0.0,0.0,0.0,1.0,0.0,1.0,1.0,0.0,1.0,0.0,0.0,0.0,0.0
B2e2bbc87f4c8,S38533928bb7e,front,38.0,focus,1.0,0.0,1.0,0.0,0.0,0.0,1.0,0.0,1.0,1.0,0.0,1.0,0.0,0.0,0.0,0.0
B2e2bbc87f4c8,S38533928bb7e,overhead,29.0,focus,0.0,1.0,0.0,0.0,0.0,1.0,0.0,0.0,0.0,0.0,1.0,0.0,0.0,0.0,0.0,0.0
B2e2bbc87f4c8,S38533928bb7e,overhead,30.0,focus,0.0,1.0,0.0,0.0,0.0,1.0,0.0,0.0,0.0,0.0,1.0,0.0,0.0,0.0,0.0,0.0
B2e2bbc87f4c8,S38533928bb7e,overhead,31.0,focus,0.0,1.0,0.0,0.0,0.0,1.0,0.0,0.0,0.0,0.0,1.0,0.0,0.0,0.0,0.0,0.0
B2e2bbc87f4c8,S38533928bb7e,overhead,32.0,focus,0.0,1.0,0.0,0.0,0.0,1.0,0.0,0.0,0.0,0.0,1.0,0.0,0.0,0.0,0.0,0.0
B2e2bbc87f4c8,S38533928bb7e,overhead,33.0,focus,0.0,1.0,0.0,0.0,0.0,1.0,0.0,0.0,0.0,0.0,1.0,0.0,0.0,0.0,0.0,0.0
B2e2bbc87f4c8,S38533928bb7e,overhead,34.0,focus,0.0,1.0,0.0,0.0,0.0,1.0,0.0,0.0,0.0,0.0,1.0,0.0,0.0,0.0,0.0,0.0
B2e2bbc87f4c8,S38533928bb7e,overhead,35.0,focus,0.0,1.0,0.0,0.0,0.0,0.0,0.0,0.0,0.0,0.0,0.0,0.0,0.0,0.0,0.0,0.0
B2e2bbc87f4c8,S38533928bb7e,overhead,36.0,focus,0.0,1.0,0.0,0.0,0.0,0.0,0.0,0.0,0.0,0.0,1.0,0.0,0.0,0.0,0.0,0.0
B2e2bbc87f4c8,S38533928bb7e,overhead,37.0,focus,0.0,1.0,0.0,0.0,0.0,0.0,0.0,0.0,0.0,0.0,1.0,0.0,0.0,0.0,0.0,0.0
B2e2bbc87f4c8,S38533928bb7e,overhead,38.0,focus,0.0,1.0,0.0,0.0,0.0,1.0,0.0,0.0,0.0,0.0,1.0,0.0,0.0,0.0,0.0,0.0
B2ef6bbd4eac0,S8bb31e565816,front,0.0,gaze_side,1.0,0.0,0.0,0.0,0.0,1.0,0.0,0.0,0.0,0.0,1.0,0.0,0.0,0.0,0.0,0.0
B2ef6bbd4eac0,S8bb31e565816,front,1.0,gaze_side,1.0,0.0,0.0,0.0,0.0,1.0,0.0,0.0,0.0,0.0,1.0,0.0,0.0,0.0,0.0,0.0
B2ef6bbd4eac0,S8bb31e565816,front,2.0,gaze_side,1.0,0.0,0.0,0.0,0.0,1.0,0.0,0.0,0.0,0.0,1.0,0.0,0.0,0.0,0.0,0.0
B2ef6bbd4eac0,S8bb31e565816,front,3.0,gaze_side,1.0,0.0,0.0,0.0,0.0,1.0,0.0,0.0,0.0,0.0,1.0,0.0,0.0,0.0,0.0,0.0
B2ef6bbd4eac0,S8bb31e565816,front,4.0,gaze_side,1.0,0.0,0.0,0.0,0.0,1.0,0.0,0.0,0.0,0.0,1.0,0.0,0.0,0.0,0.0,0.0
B2ef6bbd4eac0,S8bb31e565816,front,5.0,gaze_side,1.0,0.0,0.0,0.0,0.0,1.0,0.0,0.0,0.0,0.0,1.0,0.0,0.0,0.0,0.0,0.0
B2ef6bbd4eac0,S8bb31e565816,front,6.0,gaze_side,1.0,0.0,1.0,0.0,0.0,1.0,0.0,0.0,0.0,0.0,1.0,0.0,0.0,0.0,0.0,0.0
B2ef6bbd4eac0,S8bb31e565816,front,7.0,gaze_side,1.0,0.0,1.0,0.0,0.0,1.0,0.0,0.0,0.0,0.0,1.0,0.0,0.0,0.0,0.0,0.0
B2ef6bbd4eac0,S8bb31e565816,front,8.0,gaze_side,1.0,0.0,1.0,0.0,0.0,1.0,0.0,0.0,0.0,0.0,1.0,0.0,0.0,0.0,0.0,0.0
B2ef6bbd4eac0,S8bb31e565816,front,9.0,gaze_side,1.0,0.0,1.0,0.0,0.0,1.0,0.0,0.0,0.0,0.0,1.0,0.0,0.0,0.0,0.0,0.0
B2ef6bbd4eac0,S8bb31e565816,overhead,0.0,gaze_side,0.0,1.0,0.0,0.0,0.0,0.0,0.0,0.0,0.0,0.0,0.0,0.0,0.0,0.0,0.0,0.0
B2ef6bbd4eac0,S8bb31e565816,overhead,1.0,gaze_side,0.0,1.0,0.0,0.0,0.0,0.0,0.0,0.0,0.0,0.0,0.0,0.0,0.0,0.0,0.0,0.0
B2ef6bbd4eac0,S8bb31e565816,overhead,2.0,gaze_side,0.0,1.0,0.0,0.0,0.0,1.0,0.0,0.0,0.0,0.0,1.0,0.0,0.0,0.0,0.0,0.0
B2ef6bbd4eac0,S8bb31e565816,overhead,3.0,gaze_side,0.0,1.0,0.0,0.0,0.0,1.0,0.0,0.0,0.0,0.0,1.0,0.0,0.0,0.0,0.0,0.0
B2ef6bbd4eac0,S8bb31e565816,overhead,4.0,gaze_side,0.0,1.0,0.0,0.0,0.0,1.0,0.0,0.0,0.0,0.0,1.0,0.0,0.0,0.0,0.0,0.0
B2ef6bbd4eac0,S8bb31e565816,overhead,5.0,gaze_side,0.0,1.0,0.0,0.0,0.0,1.0,0.0,0.0,0.0,0.0,1.0,0.0,0.0,0.0,0.0,0.0
B2ef6bbd4eac0,S8bb31e565816,overhead,6.0,gaze_side,0.0,1.0,0.0,0.0,0.0,1.0,0.0,0.0,0.0,0.0,1.0,0.0,0.0,0.0,0.0,0.0
B2ef6bbd4eac0,S8bb31e565816,overhead,7.0,gaze_side,0.0,1.0,0.0,0.0,0.0,1.0,0.0,0.0,0.0,0.0,1.0,0.0,0.0,0.0,0.0,0.0
B2ef6bbd4eac0,S8bb31e565816,overhead,8.0,gaze_side,0.0,1.0,0.0,0.0,0.0,1.0,0.0,0.0,0.0,0.0,1.0,0.0,0.0,0.0,0.0,0.0
B2ef6bbd4eac0,S8bb31e565816,overhead,9.0,gaze_side,0.0,1.0,0.0,0.0,0.0,1.0,0.0,0.0,0.0,0.0,1.0,0.0,0.0,0.0,0.0,0.0
B2f223f7da66c,S41983e9ca40a,front,0.0,unknown,1.0,0.0,0.0,0.0,0.0,0.0,0.0,0.0,0.0,0.0,0.0,0.0,0.0,0.0,0.0,0.0
B2f223f7da66c,S41983e9ca40a,front,1.0,unknown,1.0,0.0,0.0,0.0,0.0,0.0,0.0,0.0,0.0,0.0,0.0,0.0,0.0,0.0,0.0,0.0
B2f223f7da66c,S41983e9ca40a,front,2.0,unknown,1.0,0.0,0.0,0.0,0.0,0.0,0.0,0.0,0.0,0.0,0.0,0.0,0.0,0.0,0.0,0.0
B2f223f7da66c,S41983e9ca40a,front,3.0,unknown,1.0,0.0,0.0,0.0,0.0,0.0,0.0,0.0,0.0,0.0,0.0,0.0,0.0,0.0,0.0,0.0
B2f223f7da66c,S41983e9ca40a,front,4.0,unknown,1.0,0.0,0.0,0.0,0.0,0.0,0.0,0.0,0.0,0.0,0.0,0.0,0.0,0.0,0.0,0.0
B2f223f7da66c,S41983e9ca40a,front,5.0,unknown,1.0,0.0,0.0,0.0,0.0,0.0,0.0,0.0,0.0,0.0,0.0,0.0,0.0,0.0,0.0,0.0
B2f223f7da66c,S41983e9ca40a,front,6.0,unknown,1.0,0.0,0.0,0.0,0.0,0.0,0.0,0.0,0.0,0.0,0.0,0.0,0.0,0.0,0.0,0.0
B2f223f7da66c,S41983e9ca40a,front,7.0,unknown,1.0,0.0,0.0,0.0,0.0,0.0,0.0,0.0,0.0,0.0,0.0,0.0,0.0,0.0,0.0,0.0
B2f223f7da66c,S41983e9ca40a,front,8.0,unknown,1.0,0.0,0.0,0.0,0.0,0.0,0.0,0.0,0.0,0.0,0.0,0.0,0.0,0.0,0.0,0.0
B2f223f7da66c,S41983e9ca40a,front,9.0,unknown,1.0,0.0,0.0,0.0,0.0,0.0,0.0,0.0,0.0,0.0,0.0,0.0,0.0,0.0,0.0,0.0
B2f223f7da66c,S41983e9ca40a,overhead,0.0,unknown,0.0,1.0,0.0,0.0,0.0,0.0,0.0,0.0,0.0,0.0,0.0,0.0,0.0,0.0,0.0,0.0
B2f223f7da66c,S41983e9ca40a,overhead,1.0,unknown,0.0,1.0,0.0,0.0,0.0,0.0,0.0,0.0,0.0,0.0,0.0,0.0,0.0,0.0,0.0,0.0
B2f223f7da66c,S41983e9ca40a,overhead,2.0,unknown,0.0,1.0,0.0,0.0,0.0,0.0,0.0,0.0,0.0,0.0,0.0,0.0,0.0,0.0,0.0,0.0
B2f223f7da66c,S41983e9ca40a,overhead,3.0,unknown,0.0,1.0,0.0,0.0,0.0,0.0,0.0,0.0,0.0,0.0,0.0,0.0,0.0,0.0,0.0,0.0
B2f223f7da66c,S41983e9ca40a,overhead,4.0,unknown,0.0,1.0,0.0,0.0,0.0,0.0,0.0,0.0,0.0,0.0,0.0,0.0,0.0,0.0,0.0,0.0
B2f223f7da66c,S41983e9ca40a,overhead,5.0,unknown,0.0,1.0,0.0,0.0,0.0,0.0,0.0,0.0,0.0,0.0,0.0,0.0,0.0,0.0,0.0,0.0
B2f223f7da66c,S41983e9ca40a,overhead,6.0,unknown,0.0,1.0,0.0,0.0,0.0,0.0,0.0,0.0,0.0,0.0,0.0,0.0,0.0,0.0,0.0,0.0
B2f223f7da66c,S41983e9ca40a,overhead,7.0,unknown,0.0,1.0,0.0,0.0,0.0,0.0,0.0,0.0,0.0,0.0,0.0,0.0,0.0,0.0,0.0,0.0
B2f223f7da66c,S41983e9ca40a,overhead,8.0,unknown,0.0,1.0,0.0,0.0,0.0,0.0,0.0,0.0,0.0,0.0,0.0,0.0,0.0,0.0,0.0,0.0
B2f223f7da66c,S41983e9ca40a,overhead,9.0,unknown,0.0,1.0,0.0,0.0,0.0,0.0,0.0,0.0,0.0,0.0,0.0,0.0,0.0,0.0,0.0,0.0
B2fc3b25251a5,S8bb31e565816,front,0.0,gaze_side,1.0,0.0,1.0,0.0,0.0,0.0,0.0,0.0,0.0,0.0,0.0,0.0,0.0,0.0,0.0,0.0
B2fc3b25251a5,S8bb31e565816,front,1.0,gaze_side,1.0,0.0,1.0,0.0,0.0,0.0,0.0,0.0,0.0,0.0,0.0,0.0,0.0,0.0,0.0,0.0
B2fc3b25251a5,S8bb31e565816,front,2.0,gaze_side,1.0,0.0,0.0,0.0,0.0,0.0,0.0,0.0,0.0,0.0,1.0,0.0,0.0,0.0,0.0,1.0
B2fc3b25251a5,S8bb31e565816,front,3.0,gaze_side,1.0,0.0,1.0,0.0,0.0,1.0,0.0,0.0,0.0,0.0,1.0,0.0,0.0,0.0,0.0,0.0
B2fc3b25251a5,S8bb31e565816,front,4.0,gaze_side,1.0,0.0,1.0,0.0,0.0,1.0,0.0,0.0,0.0,0.0,1.0,0.0,0.0,0.0,0.0,0.0
B2fc3b25251a5,S8bb31e565816,front,5.0,gaze_side,1.0,0.0,1.0,0.0,0.0,1.0,0.0,0.0,0.0,0.0,1.0,0.0,0.0,0.0,0.0,0.0
B2fc3b25251a5,S8bb31e565816,front,6.0,gaze_side,1.0,0.0,1.0,0.0,0.0,1.0,0.0,0.0,0.0,0.0,1.0,0.0,0.0,0.0,0.0,0.0
B2fc3b25251a5,S8bb31e565816,front,7.0,gaze_side,1.0,0.0,0.0,0.0,0.0,1.0,0.0,0.0,0.0,0.0,1.0,0.0,0.0,0.0,0.0,0.0
B2fc3b25251a5,S8bb31e565816,front,8.0,gaze_side,1.0,0.0,0.0,0.0,0.0,1.0,0.0,0.0,0.0,0.0,1.0,0.0,0.0,0.0,0.0,0.0
B2fc3b25251a5,S8bb31e565816,front,9.0,gaze_side,1.0,0.0,1.0,0.0,0.0,1.0,0.0,0.0,0.0,0.0,1.0,0.0,0.0,0.0,0.0,0.0
B2fc3b25251a5,S8bb31e565816,overhead,0.0,gaze_side,0.0,1.0,0.0,0.0,0.0,0.0,0.0,0.0,0.0,0.0,0.0,0.0,0.0,0.0,0.0,0.0
B2fc3b25251a5,S8bb31e565816,overhead,1.0,gaze_side,0.0,1.0,0.0,0.0,0.0,0.0,0.0,0.0,0.0,0.0,0.0,0.0,0.0,0.0,0.0,0.0
B2fc3b25251a5,S8bb31e565816,overhead,2.0,gaze_side,0.0,1.0,0.0,0.0,0.0,0.0,0.0,0.0,0.0,0.0,0.0,0.0,0.0,0.0,0.0,0.0
B2fc3b25251a5,S8bb31e565816,overhead,3.0,gaze_side,0.0,1.0,0.0,0.0,0.0,0.0,0.0,0.0,0.0,0.0,0.0,0.0,0.0,0.0,0.0,0.0
B2fc3b25251a5,S8bb31e565816,overhead,4.0,gaze_side,0.0,1.0,0.0,0.0,0.0,0.0,0.0,0.0,0.0,0.0,0.0,0.0,0.0,0.0,0.0,0.0
B2fc3b25251a5,S8bb31e565816,overhead,5.0,gaze_side,0.0,1.0,0.0,0.0,0.0,0.0,0.0,0.0,0.0,0.0,0.0,0.0,0.0,0.0,0.0,0.0
B2fc3b25251a5,S8bb31e565816,overhead,6.0,gaze_side,0.0,1.0,0.0,0.0,0.0,0.0,0.0,0.0,0.0,0.0,0.0,0.0,0.0,0.0,0.0,0.0
B2fc3b25251a5,S8bb31e565816,overhead,7.0,gaze_side,0.0,1.0,0.0,0.0,0.0,0.0,0.0,0.0,0.0,0.0,0.0,0.0,0.0,0.0,0.0,0.0
B2fc3b25251a5,S8bb31e565816,overhead,8.0,gaze_side,0.0,1.0,0.0,0.0,0.0,0.0,0.0,0.0,0.0,0.0,0.0,0.0,0.0,0.0,0.0,0.0
B2fc3b25251a5,S8bb31e565816,overhead,9.0,gaze_side,0.0,1.0,0.0,0.0,0.0,0.0,0.0,0.0,0.0,0.0,0.0,0.0,0.0,0.0,0.0,0.0
B3060f12d99a8,Se9ae4c661219,front,0.0,focus,1.0,0.0,1.0,0.0,0.0,0.0,0.0,0.0,0.0,0.0,1.0,0.0,0.0,0.0,0.0,0.0
B3060f12d99a8,Se9ae4c661219,front,1.0,focus,1.0,0.0,0.0,0.0,0.0,0.0,0.0,0.0,0.0,0.0,0.0,0.0,0.0,0.0,0.0,1.0
B3060f12d99a8,Se9ae4c661219,front,2.0,focus,1.0,0.0,1.0,0.0,0.0,0.0,0.0,0.0,0.0,0.0,0.0,0.0,0.0,0.0,0.0,0.0
B3060f12d99a8,Se9ae4c661219,front,3.0,focus,1.0,0.0,1.0,0.0,0.0,0.0,0.0,0.0,0.0,0.0,0.0,0.0,0.0,0.0,0.0,0.0
B3060f12d99a8,Se9ae4c661219,front,4.0,focus,1.0,0.0,1.0,0.0,0.0,0.0,1.0,0.0,0.0,1.0,1.0,0.0,0.0,0.0,0.0,0.0
B3060f12d99a8,Se9ae4c661219,front,5.0,focus,1.0,0.0,1.0,0.0,0.0,0.0,1.0,0.0,0.0,1.0,1.0,0.0,0.0,0.0,0.0,0.0
B3060f12d99a8,Se9ae4c661219,front,6.0,focus,1.0,0.0,1.0,0.0,0.0,0.0,0.0,0.0,0.0,0.0,1.0,0.0,0.0,0.0,0.0,0.0
B3060f12d99a8,Se9ae4c661219,front,7.0,focus,1.0,0.0,1.0,0.0,0.0,0.0,0.0,0.0,0.0,0.0,1.0,0.0,0.0,0.0,0.0,0.0
B3060f12d99a8,Se9ae4c661219,front,8.0,focus,1.0,0.0,1.0,0.0,0.0,0.0,0.0,0.0,0.0,0.0,1.0,0.0,0.0,0.0,0.0,0.0
B3060f12d99a8,Se9ae4c661219,front,9.0,focus,1.0,0.0,1.0,0.0,0.0,0.0,0.0,0.0,0.0,0.0,1.0,0.0,0.0,0.0,0.0,0.0
B3060f12d99a8,Se9ae4c661219,overhead,0.0,focus,0.0,1.0,0.0,0.0,0.0,0.0,0.0,0.0,0.0,0.0,0.0,0.0,0.0,0.0,0.0,0.0
B3060f12d99a8,Se9ae4c661219,overhead,1.0,focus,0.0,1.0,0.0,0.0,0.0,1.0,0.0,0.0,0.0,0.0,1.0,0.0,0.0,0.0,0.0,0.0
B3060f12d99a8,Se9ae4c661219,overhead,2.0,focus,0.0,1.0,0.0,0.0,0.0,1.0,0.0,0.0,0.0,0.0,1.0,0.0,0.0,0.0,0.0,0.0
B3060f12d99a8,Se9ae4c661219,overhead,3.0,focus,0.0,1.0,0.0,0.0,0.0,1.0,0.0,0.0,0.0,0.0,1.0,0.0,0.0,0.0,0.0,0.0
B3060f12d99a8,Se9ae4c661219,overhead,4.0,focus,0.0,1.0,0.0,0.0,0.0,1.0,0.0,0.0,0.0,0.0,1.0,0.0,0.0,0.0,0.0,0.0
B3060f12d99a8,Se9ae4c661219,overhead,5.0,focus,0.0,1.0,0.0,0.0,0.0,1.0,0.0,0.0,0.0,0.0,1.0,0.0,0.0,0.0,0.0,0.0
B3060f12d99a8,Se9ae4c661219,overhead,6.0,focus,0.0,1.0,0.0,0.0,0.0,1.0,0.0,0.0,0.0,0.0,1.0,0.0,0.0,0.0,0.0,0.0
B3060f12d99a8,Se9ae4c661219,overhead,7.0,focus,0.0,1.0,0.0,0.0,0.0,1.0,0.0,0.0,0.0,0.0,1.0,0.0,0.0,0.0,0.0,0.0
B3060f12d99a8,Se9ae4c661219,overhead,8.0,focus,0.0,1.0,0.0,0.0,0.0,0.0,0.0,0.0,0.0,0.0,0.0,0.0,0.0,0.0,0.0,0.0
B3060f12d99a8,Se9ae4c661219,overhead,9.0,focus,0.0,1.0,0.0,0.0,0.0,0.0,0.0,0.0,0.0,0.0,1.0,0.0,0.0,0.0,0.0,0.0
B30a3b16f5885,Sd507e72fb21a,front,0.0,unknown,1.0,0.0,0.0,0.0,0.0,0.0,0.0,0.0,0.0,0.0,0.0,0.0,0.0,0.0,0.0,0.0
B30a3b16f5885,Sd507e72fb21a,front,1.0,unknown,1.0,0.0,0.0,0.0,0.0,0.0,0.0,0.0,0.0,0.0,0.0,0.0,0.0,0.0,0.0,0.0
B30a3b16f5885,Sd507e72fb21a,front,2.0,unknown,1.0,0.0,0.0,0.0,0.0,0.0,0.0,0.0,0.0,0.0,0.0,0.0,0.0,0.0,0.0,0.0
B30a3b16f5885,Sd507e72fb21a,front,3.0,unknown,1.0,0.0,0.0,0.0,0.0,0.0,0.0,0.0,0.0,0.0,0.0,0.0,0.0,0.0,0.0,0.0
B30a3b16f5885,Sd507e72fb21a,front,4.0,unknown,1.0,0.0,0.0,0.0,0.0,0.0,0.0,0.0,0.0,0.0,0.0,0.0,0.0,0.0,0.0,0.0
B30a3b16f5885,Sd507e72fb21a,front,5.0,unknown,1.0,0.0,0.0,0.0,0.0,0.0,0.0,0.0,0.0,0.0,0.0,0.0,0.0,0.0,0.0,0.0
B30a3b16f5885,Sd507e72fb21a,front,6.0,unknown,1.0,0.0,0.0,0.0,0.0,0.0,0.0,0.0,0.0,0.0,0.0,0.0,0.0,0.0,0.0,0.0
B30a3b16f5885,Sd507e72fb21a,front,7.0,unknown,1.0,0.0,0.0,0.0,0.0,0.0,0.0,0.0,0.0,0.0,0.0,0.0,0.0,0.0,0.0,0.0
B30a3b16f5885,Sd507e72fb21a,front,8.0,unknown,1.0,0.0,0.0,0.0,0.0,0.0,0.0,0.0,0.0,0.0,0.0,0.0,0.0,0.0,0.0,0.0
B30a3b16f5885,Sd507e72fb21a,front,9.0,unknown,1.0,0.0,0.0,0.0,0.0,0.0,0.0,0.0,0.0,0.0,0.0,0.0,0.0,0.0,0.0,0.0
B30a3b16f5885,Sd507e72fb21a,overhead,0.0,unknown,0.0,1.0,0.0,0.0,0.0,0.0,0.0,0.0,0.0,0.0,0.0,0.0,0.0,0.0,0.0,0.0
B30a3b16f5885,Sd507e72fb21a,overhead,1.0,unknown,0.0,1.0,0.0,0.0,0.0,0.0,0.0,0.0,0.0,0.0,0.0,0.0,0.0,0.0,0.0,0.0
B30a3b16f5885,Sd507e72fb21a,overhead,2.0,unknown,0.0,1.0,0.0,0.0,0.0,0.0,0.0,0.0,0.0,0.0,0.0,0.0,0.0,0.0,0.0,0.0
B30a3b16f5885,Sd507e72fb21a,overhead,3.0,unknown,0.0,1.0,0.0,0.0,0.0,0.0,0.0,0.0,0.0,0.0,0.0,0.0,0.0,0.0,0.0,0.0
B30a3b16f5885,Sd507e72fb21a,overhead,4.0,unknown,0.0,1.0,0.0,0.0,0.0,0.0,0.0,0.0,0.0,0.0,0.0,0.0,0.0,0.0,0.0,0.0
B30a3b16f5885,Sd507e72fb21a,overhead,5.0,unknown,0.0,1.0,0.0,0.0,0.0,0.0,0.0,0.0,0.0,0.0,0.0,0.0,0.0,0.0,0.0,0.0
B30a3b16f5885,Sd507e72fb21a,overhead,6.0,unknown,0.0,1.0,0.0,0.0,0.0,0.0,0.0,0.0,0.0,0.0,0.0,0.0,0.0,0.0,0.0,0.0
B30a3b16f5885,Sd507e72fb21a,overhead,7.0,unknown,0.0,1.0,0.0,0.0,0.0,0.0,0.0,0.0,0.0,0.0,0.0,0.0,0.0,0.0,0.0,0.0
B30a3b16f5885,Sd507e72fb21a,overhead,8.0,unknown,0.0,1.0,0.0,0.0,0.0,0.0,0.0,0.0,0.0,0.0,0.0,0.0,0.0,0.0,0.0,0.0
B30a3b16f5885,Sd507e72fb21a,overhead,9.0,unknown,0.0,1.0,0.0,0.0,0.0,0.0,0.0,0.0,0.0,0.0,0.0,0.0,0.0,0.0,0.0,0.0
B318cef239ef4,S41983e9ca40a,front,0.0,unknown,1.0,0.0,0.0,0.0,0.0,0.0,0.0,0.0,0.0,0.0,0.0,0.0,0.0,0.0,0.0,0.0
B318cef239ef4,S41983e9ca40a,front,1.0,unknown,1.0,0.0,0.0,0.0,0.0,0.0,0.0,0.0,0.0,0.0,0.0,0.0,0.0,0.0,0.0,0.0
B318cef239ef4,S41983e9ca40a,front,2.0,unknown,1.0,0.0,0.0,0.0,0.0,0.0,0.0,0.0,0.0,0.0,0.0,0.0,0.0,0.0,0.0,0.0
B318cef239ef4,S41983e9ca40a,front,3.0,unknown,1.0,0.0,0.0,0.0,0.0,0.0,0.0,0.0,0.0,0.0,0.0,0.0,0.0,0.0,0.0,0.0
B318cef239ef4,S41983e9ca40a,front,4.0,unknown,1.0,0.0,0.0,0.0,0.0,0.0,0.0,0.0,0.0,0.0,0.0,0.0,0.0,0.0,0.0,0.0
B318cef239ef4,S41983e9ca40a,front,5.0,unknown,1.0,0.0,0.0,0.0,0.0,0.0,0.0,0.0,0.0,0.0,0.0,0.0,0.0,0.0,0.0,0.0
B318cef239ef4,S41983e9ca40a,front,6.0,unknown,1.0,0.0,0.0,0.0,0.0,0.0,0.0,0.0,0.0,0.0,0.0,0.0,0.0,0.0,0.0,0.0
B318cef239ef4,S41983e9ca40a,front,7.0,unknown,1.0,0.0,0.0,0.0,0.0,0.0,0.0,0.0,0.0,0.0,0.0,0.0,0.0,0.0,0.0,0.0
B318cef239ef4,S41983e9ca40a,front,8.0,unknown,1.0,0.0,0.0,0.0,0.0,0.0,0.0,0.0,0.0,0.0,0.0,0.0,0.0,0.0,0.0,0.0
B318cef239ef4,S41983e9ca40a,front,9.0,unknown,1.0,0.0,0.0,0.0,0.0,0.0,0.0,0.0,0.0,0.0,0.0,0.0,0.0,0.0,0.0,0.0
B318cef239ef4,S41983e9ca40a,overhead,0.0,unknown,0.0,1.0,0.0,0.0,0.0,0.0,0.0,0.0,0.0,0.0,0.0,0.0,0.0,0.0,0.0,0.0
B318cef239ef4,S41983e9ca40a,overhead,1.0,unknown,0.0,1.0,0.0,0.0,0.0,0.0,0.0,0.0,0.0,0.0,0.0,0.0,0.0,0.0,0.0,0.0
B318cef239ef4,S41983e9ca40a,overhead,2.0,unknown,0.0,1.0,0.0,0.0,0.0,0.0,0.0,0.0,0.0,0.0,0.0,0.0,0.0,0.0,0.0,0.0
B318cef239ef4,S41983e9ca40a,overhead,3.0,unknown,0.0,1.0,0.0,0.0,0.0,0.0,0.0,0.0,0.0,0.0,0.0,0.0,0.0,0.0,0.0,0.0
B318cef239ef4,S41983e9ca40a,overhead,4.0,unknown,0.0,1.0,0.0,0.0,0.0,0.0,0.0,0.0,0.0,0.0,0.0,0.0,0.0,0.0,0.0,0.0
B318cef239ef4,S41983e9ca40a,overhead,5.0,unknown,0.0,1.0,0.0,0.0,0.0,0.0,0.0,0.0,0.0,0.0,0.0,0.0,0.0,0.0,0.0,0.0
B318cef239ef4,S41983e9ca40a,overhead,6.0,unknown,0.0,1.0,0.0,0.0,0.0,0.0,0.0,0.0,0.0,0.0,0.0,0.0,0.0,0.0,0.0,0.0
B318cef239ef4,S41983e9ca40a,overhead,7.0,unknown,0.0,1.0,0.0,0.0,0.0,0.0,0.0,0.0,0.0,0.0,0.0,0.0,0.0,0.0,0.0,0.0
B318cef239ef4,S41983e9ca40a,overhead,8.0,unknown,0.0,1.0,0.0,0.0,0.0,0.0,0.0,0.0,0.0,0.0,0.0,0.0,0.0,0.0,0.0,0.0
B318cef239ef4,S41983e9ca40a,overhead,9.0,unknown,0.0,1.0,0.0,0.0,0.0,0.0,0.0,0.0,0.0,0.0,0.0,0.0,0.0,0.0,0.0,0.0
B31b763b18bba,Sc17507c06476,front,0.0,focus,1.0,0.0,1.0,0.0,0.0,0.0,0.0,0.0,0.0,0.0,1.0,0.0,0.0,0.0,0.0,0.0
B31b763b18bba,Sc17507c06476,front,1.0,focus,1.0,0.0,1.0,0.0,0.0,0.0,0.0,0.0,0.0,0.0,1.0,0.0,0.0,0.0,0.0,0.0
B31b763b18bba,Sc17507c06476,front,2.0,focus,1.0,0.0,0.0,0.0,0.0,0.0,0.0,0.0,0.0,0.0,0.0,0.0,0.0,0.0,0.0,1.0
B31b763b18bba,Sc17507c06476,front,3.0,focus,1.0,0.0,1.0,0.0,0.0,0.0,0.0,0.0,0.0,0.0,1.0,0.0,0.0,0.0,0.0,0.0
B31b763b18bba,Sc17507c06476,front,4.0,focus,1.0,0.0,1.0,0.0,0.0,0.0,0.0,0.0,0.0,0.0,0.0,0.0,0.0,0.0,0.0,0.0
B31b763b18bba,Sc17507c06476,front,5.0,focus,1.0,0.0,0.0,0.0,0.0,0.0,0.0,0.0,0.0,0.0,0.0,0.0,0.0,0.0,0.0,1.0
B31b763b18bba,Sc17507c06476,front,6.0,focus,1.0,0.0,1.0,0.0,0.0,1.0,1.0,1.0,0.0,0.0,0.0,0.0,0.0,0.0,0.0,0.0
B31b763b18bba,Sc17507c06476,front,7.0,focus,1.0,0.0,0.0,0.0,0.0,1.0,0.0,0.0,0.0,0.0,1.0,1.0,0.0,0.0,0.0,0.0
B31b763b18bba,Sc17507c06476,front,8.0,focus,1.0,0.0,1.0,0.0,0.0,0.0,0.0,0.0,0.0,0.0,1.0,0.0,0.0,0.0,0.0,0.0
B31b763b18bba,Sc17507c06476,front,9.0,focus,1.0,0.0,0.0,0.0,0.0,0.0,0.0,0.0,0.0,0.0,1.0,1.0,0.0,0.0,0.0,1.0
B31b763b18bba,Sc17507c06476,overhead,0.0,focus,0.0,1.0,0.0,0.0,0.0,0.0,0.0,0.0,0.0,0.0,0.0,0.0,0.0,0.0,0.0,0.0
B31b763b18bba,Sc17507c06476,overhead,1.0,focus,0.0,1.0,0.0,0.0,0.0,0.0,0.0,0.0,0.0,0.0,0.0,0.0,0.0,0.0,0.0,0.0
B31b763b18bba,Sc17507c06476,overhead,2.0,focus,0.0,1.0,0.0,0.0,0.0,0.0,0.0,0.0,0.0,0.0,0.0,0.0,0.0,0.0,0.0,0.0
B31b763b18bba,Sc17507c06476,overhead,3.0,focus,0.0,1.0,0.0,0.0,0.0,0.0,0.0,0.0,0.0,0.0,0.0,0.0,0.0,0.0,0.0,0.0
B31b763b18bba,Sc17507c06476,overhead,4.0,focus,0.0,1.0,0.0,0.0,0.0,0.0,0.0,0.0,0.0,0.0,0.0,0.0,0.0,0.0,0.0,0.0
B31b763b18bba,Sc17507c06476,overhead,5.0,focus,0.0,1.0,0.0,0.0,0.0,0.0,0.0,0.0,0.0,0.0,0.0,0.0,0.0,0.0,0.0,0.0
B31b763b18bba,Sc17507c06476,overhead,6.0,focus,0.0,1.0,0.0,0.0,0.0,0.0,0.0,0.0,0.0,0.0,0.0,0.0,0.0,0.0,0.0,0.0
B31b763b18bba,Sc17507c06476,overhead,7.0,focus,0.0,1.0,0.0,0.0,0.0,0.0,0.0,0.0,0.0,0.0,0.0,0.0,0.0,0.0,0.0,0.0
B31b763b18bba,Sc17507c06476,overhead,8.0,focus,0.0,1.0,0.0,0.0,0.0,0.0,0.0,0.0,0.0,0.0,0.0,0.0,0.0,0.0,0.0,0.0
B31b763b18bba,Sc17507c06476,overhead,9.0,focus,0.0,1.0,0.0,0.0,0.0,0.0,0.0,0.0,0.0,0.0,0.0,0.0,0.0,0.0,0.0,0.0
B32cfcb85603e,Sc17507c06476,front,0.0,focus,1.0,0.0,1.0,0.0,0.0,0.0,0.0,0.0,0.0,0.0,1.0,0.0,0.0,0.0,0.0,0.0
B32cfcb85603e,Sc17507c06476,front,1.0,focus,1.0,0.0,1.0,0.0,0.0,0.0,0.0,0.0,0.0,0.0,1.0,0.0,0.0,0.0,0.0,0.0
B32cfcb85603e,Sc17507c06476,front,2.0,focus,1.0,0.0,1.0,0.0,0.0,0.0,0.0,0.0,0.0,0.0,1.0,0.0,0.0,0.0,0.0,0.0
B32cfcb85603e,Sc17507c06476,front,3.0,focus,1.0,0.0,1.0,0.0,0.0,1.0,0.0,0.0,0.0,0.0,1.0,0.0,0.0,0.0,0.0,0.0
B32cfcb85603e,Sc17507c06476,front,4.0,focus,1.0,0.0,1.0,0.0,0.0,1.0,0.0,0.0,0.0,0.0,1.0,0.0,0.0,0.0,0.0,0.0
B32cfcb85603e,Sc17507c06476,front,5.0,focus,1.0,0.0,0.0,0.0,0.0,1.0,0.0,0.0,0.0,0.0,1.0,0.0,0.0,0.0,0.0,0.0
B32cfcb85603e,Sc17507c06476,front,6.0,focus,1.0,0.0,1.0,0.0,0.0,1.0,0.0,0.0,0.0,0.0,1.0,0.0,0.0,0.0,0.0,0.0
B32cfcb85603e,Sc17507c06476,front,7.0,focus,1.0,0.0,1.0,0.0,0.0,0.0,0.0,0.0,0.0,0.0,0.0,0.0,0.0,0.0,0.0,0.0
B32cfcb85603e,Sc17507c06476,front,8.0,focus,1.0,0.0,1.0,0.0,0.0,1.0,0.0,0.0,0.0,0.0,0.0,0.0,0.0,0.0,0.0,0.0
B32cfcb85603e,Sc17507c06476,front,9.0,focus,1.0,0.0,1.0,0.0,0.0,1.0,0.0,0.0,0.0,0.0,0.0,0.0,0.0,0.0,0.0,0.0
B32cfcb85603e,Sc17507c06476,overhead,0.0,focus,0.0,1.0,0.0,0.0,0.0,0.0,0.0,0.0,0.0,0.0,0.0,0.0,0.0,0.0,0.0,0.0
B32cfcb85603e,Sc17507c06476,overhead,1.0,focus,0.0,1.0,0.0,0.0,0.0,0.0,0.0,0.0,0.0,0.0,0.0,0.0,0.0,0.0,0.0,0.0
B32cfcb85603e,Sc17507c06476,overhead,2.0,focus,0.0,1.0,0.0,0.0,0.0,0.0,0.0,0.0,0.0,0.0,0.0,0.0,0.0,0.0,0.0,0.0
B32cfcb85603e,Sc17507c06476,overhead,3.0,focus,0.0,1.0,0.0,0.0,0.0,0.0,0.0,0.0,0.0,0.0,0.0,0.0,0.0,0.0,0.0,0.0
B32cfcb85603e,Sc17507c06476,overhead,4.0,focus,0.0,1.0,0.0,0.0,0.0,0.0,0.0,0.0,0.0,0.0,0.0,0.0,0.0,0.0,0.0,0.0
B32cfcb85603e,Sc17507c06476,overhead,5.0,focus,0.0,1.0,0.0,0.0,0.0,0.0,0.0,0.0,0.0,0.0,0.0,0.0,0.0,0.0,0.0,0.0
B32cfcb85603e,Sc17507c06476,overhead,6.0,focus,0.0,1.0,0.0,0.0,0.0,1.0,0.0,0.0,0.0,0.0,1.0,0.0,0.0,0.0,0.0,0.0
B32cfcb85603e,Sc17507c06476,overhead,7.0,focus,0.0,1.0,0.0,0.0,0.0,1.0,0.0,0.0,0.0,0.0,1.0,0.0,0.0,0.0,0.0,0.0
B32cfcb85603e,Sc17507c06476,overhead,8.0,focus,0.0,1.0,0.0,0.0,0.0,1.0,0.0,0.0,0.0,0.0,1.0,0.0,0.0,0.0,0.0,0.0
B32cfcb85603e,Sc17507c06476,overhead,9.0,focus,0.0,1.0,0.0,0.0,0.0,1.0,0.0,0.0,0.0,0.0,1.0,0.0,0.0,0.0,0.0,0.0
B364ec0af27be,Se9ae4c661219,front,0.0,focus,1.0,0.0,0.0,0.0,0.0,0.0,0.0,0.0,0.0,0.0,0.0,0.0,0.0,0.0,0.0,0.0
B364ec0af27be,Se9ae4c661219,front,1.0,focus,1.0,0.0,0.0,0.0,0.0,0.0,0.0,0.0,0.0,0.0,0.0,0.0,0.0,0.0,0.0,0.0
B364ec0af27be,Se9ae4c661219,front,2.0,focus,1.0,0.0,0.0,0.0,0.0,0.0,0.0,0.0,0.0,0.0,0.0,0.0,0.0,0.0,0.0,0.0
B364ec0af27be,Se9ae4c661219,front,3.0,focus,1.0,0.0,0.0,0.0,0.0,0.0,0.0,0.0,0.0,0.0,0.0,0.0,0.0,0.0,0.0,0.0
B364ec0af27be,Se9ae4c661219,front,4.0,focus,1.0,0.0,0.0,0.0,0.0,0.0,0.0,0.0,0.0,0.0,0.0,0.0,0.0,0.0,0.0,0.0
B364ec0af27be,Se9ae4c661219,front,5.0,focus,1.0,0.0,0.0,0.0,0.0,0.0,0.0,0.0,0.0,0.0,0.0,0.0,0.0,0.0,0.0,0.0
B364ec0af27be,Se9ae4c661219,front,6.0,focus,1.0,0.0,0.0,0.0,0.0,0.0,0.0,0.0,0.0,0.0,0.0,0.0,0.0,0.0,0.0,0.0
B364ec0af27be,Se9ae4c661219,front,7.0,focus,1.0,0.0,0.0,0.0,0.0,0.0,0.0,0.0,0.0,0.0,0.0,0.0,0.0,0.0,0.0,0.0
B364ec0af27be,Se9ae4c661219,front,8.0,focus,1.0,0.0,0.0,0.0,0.0,0.0,0.0,0.0,0.0,0.0,0.0,0.0,0.0,0.0,0.0,0.0
B364ec0af27be,Se9ae4c661219,front,9.0,focus,1.0,0.0,0.0,0.0,0.0,0.0,0.0,0.0,0.0,0.0,0.0,0.0,0.0,0.0,0.0,0.0
B364ec0af27be,Se9ae4c661219,overhead,0.0,focus,0.0,1.0,0.0,0.0,0.0,1.0,0.0,0.0,0.0,0.0,1.0,0.0,0.0,0.0,0.0,0.0
B364ec0af27be,Se9ae4c661219,overhead,1.0,focus,0.0,1.0,0.0,0.0,0.0,1.0,0.0,0.0,0.0,0.0,1.0,0.0,0.0,0.0,0.0,0.0
B364ec0af27be,Se9ae4c661219,overhead,2.0,focus,0.0,1.0,0.0,0.0,0.0,1.0,0.0,0.0,0.0,0.0,0.0,0.0,0.0,0.0,0.0,0.0
B364ec0af27be,Se9ae4c661219,overhead,3.0,focus,0.0,1.0,0.0,0.0,0.0,1.0,0.0,0.0,0.0,0.0,1.0,0.0,0.0,0.0,0.0,0.0
B364ec0af27be,Se9ae4c661219,overhead,4.0,focus,0.0,1.0,0.0,0.0,0.0,1.0,0.0,0.0,0.0,0.0,1.0,0.0,0.0,0.0,0.0,0.0
B364ec0af27be,Se9ae4c661219,overhead,5.0,focus,0.0,1.0,0.0,0.0,0.0,1.0,0.0,0.0,0.0,0.0,1.0,0.0,0.0,0.0,0.0,0.0
B364ec0af27be,Se9ae4c661219,overhead,6.0,focus,0.0,1.0,0.0,0.0,0.0,0.0,0.0,0.0,0.0,0.0,1.0,0.0,0.0,0.0,0.0,0.0
B364ec0af27be,Se9ae4c661219,overhead,7.0,focus,0.0,1.0,0.0,0.0,0.0,0.0,0.0,0.0,0.0,0.0,1.0,0.0,0.0,0.0,0.0,0.0
B364ec0af27be,Se9ae4c661219,overhead,8.0,focus,0.0,1.0,0.0,0.0,0.0,0.0,0.0,0.0,0.0,0.0,1.0,0.0,0.0,0.0,0.0,0.0
B364ec0af27be,Se9ae4c661219,overhead,9.0,focus,0.0,1.0,0.0,0.0,0.0,0.0,0.0,0.0,0.0,0.0,1.0,0.0,0.0,0.0,0.0,0.0
B36f097b84e90,S41983e9ca40a,front,0.0,unknown,1.0,0.0,0.0,0.0,0.0,0.0,0.0,0.0,0.0,0.0,0.0,0.0,0.0,0.0,0.0,0.0
B36f097b84e90,S41983e9ca40a,front,1.0,unknown,1.0,0.0,0.0,0.0,0.0,0.0,0.0,0.0,0.0,0.0,0.0,0.0,0.0,0.0,0.0,0.0
B36f097b84e90,S41983e9ca40a,front,2.0,unknown,1.0,0.0,0.0,0.0,0.0,0.0,0.0,0.0,0.0,0.0,0.0,0.0,0.0,0.0,0.0,0.0
B36f097b84e90,S41983e9ca40a,front,3.0,unknown,1.0,0.0,0.0,0.0,0.0,0.0,0.0,0.0,0.0,0.0,0.0,0.0,0.0,0.0,0.0,0.0
B36f097b84e90,S41983e9ca40a,front,4.0,unknown,1.0,0.0,0.0,0.0,0.0,0.0,0.0,0.0,0.0,0.0,0.0,0.0,0.0,0.0,0.0,0.0
B36f097b84e90,S41983e9ca40a,front,5.0,unknown,1.0,0.0,0.0,0.0,0.0,0.0,0.0,0.0,0.0,0.0,0.0,0.0,0.0,0.0,0.0,0.0
B36f097b84e90,S41983e9ca40a,front,6.0,unknown,1.0,0.0,0.0,0.0,0.0,0.0,0.0,0.0,0.0,0.0,0.0,0.0,0.0,0.0,0.0,0.0
B36f097b84e90,S41983e9ca40a,front,7.0,unknown,1.0,0.0,0.0,0.0,0.0,0.0,0.0,0.0,0.0,0.0,0.0,0.0,0.0,0.0,0.0,0.0
B36f097b84e90,S41983e9ca40a,front,8.0,unknown,1.0,0.0,0.0,0.0,0.0,0.0,0.0,0.0,0.0,0.0,0.0,0.0,0.0,0.0,0.0,0.0
B36f097b84e90,S41983e9ca40a,front,9.0,unknown,1.0,0.0,0.0,0.0,0.0,0.0,0.0,0.0,0.0,0.0,0.0,0.0,0.0,0.0,0.0,0.0
B36f097b84e90,S41983e9ca40a,overhead,0.0,unknown,0.0,1.0,0.0,0.0,0.0,0.0,0.0,0.0,0.0,0.0,0.0,0.0,0.0,0.0,0.0,0.0
B36f097b84e90,S41983e9ca40a,overhead,1.0,unknown,0.0,1.0,0.0,0.0,0.0,0.0,0.0,0.0,0.0,0.0,0.0,0.0,0.0,0.0,0.0,0.0
B36f097b84e90,S41983e9ca40a,overhead,2.0,unknown,0.0,1.0,0.0,0.0,0.0,0.0,0.0,0.0,0.0,0.0,0.0,0.0,0.0,0.0,0.0,0.0
B36f097b84e90,S41983e9ca40a,overhead,3.0,unknown,0.0,1.0,0.0,0.0,0.0,0.0,0.0,0.0,0.0,0.0,0.0,0.0,0.0,0.0,0.0,0.0
B36f097b84e90,S41983e9ca40a,overhead,4.0,unknown,0.0,1.0,0.0,0.0,0.0,0.0,0.0,0.0,0.0,0.0,0.0,0.0,0.0,0.0,0.0,0.0
B36f097b84e90,S41983e9ca40a,overhead,5.0,unknown,0.0,1.0,0.0,0.0,0.0,0.0,0.0,0.0,0.0,0.0,0.0,0.0,0.0,0.0,0.0,0.0
B36f097b84e90,S41983e9ca40a,overhead,6.0,unknown,0.0,1.0,0.0,0.0,0.0,0.0,0.0,0.0,0.0,0.0,0.0,0.0,0.0,0.0,0.0,0.0
B36f097b84e90,S41983e9ca40a,overhead,7.0,unknown,0.0,1.0,0.0,0.0,0.0,0.0,0.0,0.0,0.0,0.0,0.0,0.0,0.0,0.0,0.0,0.0
B36f097b84e90,S41983e9ca40a,overhead,8.0,unknown,0.0,1.0,0.0,0.0,0.0,0.0,0.0,0.0,0.0,0.0,0.0,0.0,0.0,0.0,0.0,0.0
B36f097b84e90,S41983e9ca40a,overhead,9.0,unknown,0.0,1.0,0.0,0.0,0.0,0.0,0.0,0.0,0.0,0.0,0.0,0.0,0.0,0.0,0.0,0.0
B3abe2d29ab08,Sb97749af3711,front,0.0,unknown,1.0,0.0,0.0,0.0,0.0,0.0,0.0,0.0,0.0,0.0,0.0,0.0,0.0,0.0,0.0,0.0
B3abe2d29ab08,Sb97749af3711,front,1.0,unknown,1.0,0.0,0.0,0.0,0.0,0.0,0.0,0.0,0.0,0.0,0.0,0.0,0.0,0.0,0.0,0.0
B3abe2d29ab08,Sb97749af3711,front,2.0,unknown,1.0,0.0,0.0,0.0,0.0,0.0,0.0,0.0,0.0,0.0,0.0,0.0,0.0,0.0,0.0,0.0
B3abe2d29ab08,Sb97749af3711,front,3.0,unknown,1.0,0.0,0.0,0.0,0.0,0.0,0.0,0.0,0.0,0.0,0.0,0.0,0.0,0.0,0.0,0.0
B3abe2d29ab08,Sb97749af3711,front,4.0,unknown,1.0,0.0,0.0,0.0,0.0,0.0,0.0,0.0,0.0,0.0,0.0,0.0,0.0,0.0,0.0,0.0
B3abe2d29ab08,Sb97749af3711,front,5.0,unknown,1.0,0.0,0.0,0.0,0.0,0.0,0.0,0.0,0.0,0.0,0.0,0.0,0.0,0.0,0.0,0.0
B3abe2d29ab08,Sb97749af3711,front,6.0,unknown,1.0,0.0,0.0,0.0,0.0,0.0,0.0,0.0,0.0,0.0,0.0,0.0,0.0,0.0,0.0,0.0
B3abe2d29ab08,Sb97749af3711,front,7.0,unknown,1.0,0.0,0.0,0.0,0.0,0.0,0.0,0.0,0.0,0.0,0.0,0.0,0.0,0.0,0.0,0.0
B3abe2d29ab08,Sb97749af3711,front,8.0,unknown,1.0,0.0,0.0,0.0,0.0,0.0,0.0,0.0,0.0,0.0,0.0,0.0,0.0,0.0,0.0,0.0
B3abe2d29ab08,Sb97749af3711,front,9.0,unknown,1.0,0.0,0.0,0.0,0.0,0.0,0.0,0.0,0.0,0.0,0.0,0.0,0.0,0.0,0.0,0.0
B3abe2d29ab08,Sb97749af3711,overhead,0.0,unknown,0.0,1.0,0.0,0.0,0.0,0.0,0.0,0.0,0.0,0.0,0.0,0.0,0.0,0.0,0.0,0.0
B3abe2d29ab08,Sb97749af3711,overhead,1.0,unknown,0.0,1.0,0.0,0.0,0.0,0.0,0.0,0.0,0.0,0.0,0.0,0.0,0.0,0.0,0.0,0.0
B3abe2d29ab08,Sb97749af3711,overhead,2.0,unknown,0.0,1.0,0.0,0.0,0.0,0.0,0.0,0.0,0.0,0.0,0.0,0.0,0.0,0.0,0.0,0.0
B3abe2d29ab08,Sb97749af3711,overhead,3.0,unknown,0.0,1.0,0.0,0.0,0.0,0.0,0.0,0.0,0.0,0.0,0.0,0.0,0.0,0.0,0.0,0.0
B3abe2d29ab08,Sb97749af3711,overhead,4.0,unknown,0.0,1.0,0.0,0.0,0.0,0.0,0.0,0.0,0.0,0.0,0.0,0.0,0.0,0.0,0.0,0.0
B3abe2d29ab08,Sb97749af3711,overhead,5.0,unknown,0.0,1.0,0.0,0.0,0.0,0.0,0.0,0.0,0.0,0.0,0.0,0.0,0.0,0.0,0.0,0.0
B3abe2d29ab08,Sb97749af3711,overhead,6.0,unknown,0.0,1.0,0.0,0.0,0.0,0.0,0.0,0.0,0.0,0.0,0.0,0.0,0.0,0.0,0.0,0.0
B3abe2d29ab08,Sb97749af3711,overhead,7.0,unknown,0.0,1.0,0.0,0.0,0.0,0.0,0.0,0.0,0.0,0.0,0.0,0.0,0.0,0.0,0.0,0.0
B3abe2d29ab08,Sb97749af3711,overhead,8.0,unknown,0.0,1.0,0.0,0.0,0.0,0.0,0.0,0.0,0.0,0.0,0.0,0.0,0.0,0.0,0.0,0.0
B3abe2d29ab08,Sb97749af3711,overhead,9.0,unknown,0.0,1.0,0.0,0.0,0.0,0.0,0.0,0.0,0.0,0.0,0.0,0.0,0.0,0.0,0.0,0.0
B3afe673d250e,S08ea3e793bb0,front,0.0,focus,1.0,0.0,1.0,0.0,0.0,0.0,0.0,0.0,0.0,0.0,1.0,0.0,0.0,0.0,0.0,0.0
B3afe673d250e,S08ea3e793bb0,front,1.0,focus,1.0,0.0,1.0,0.0,0.0,0.0,0.0,0.0,0.0,0.0,1.0,0.0,0.0,0.0,0.0,0.0
B3afe673d250e,S08ea3e793bb0,front,2.0,focus,1.0,0.0,1.0,0.0,0.0,0.0,0.0,0.0,0.0,0.0,1.0,0.0,0.0,0.0,0.0,0.0
B3afe673d250e,S08ea3e793bb0,front,3.0,focus,1.0,0.0,1.0,0.0,0.0,0.0,1.0,0.0,0.0,1.0,1.0,0.0,0.0,0.0,0.0,0.0
B3afe673d250e,S08ea3e793bb0,front,4.0,focus,1.0,0.0,1.0,0.0,0.0,0.0,1.0,0.0,0.0,1.0,1.0,0.0,0.0,0.0,0.0,0.0
B3afe673d250e,S08ea3e793bb0,front,5.0,focus,1.0,0.0,1.0,0.0,0.0,0.0,0.0,0.0,0.0,0.0,1.0,0.0,0.0,0.0,0.0,0.0
B3afe673d250e,S08ea3e793bb0,front,6.0,focus,1.0,0.0,1.0,0.0,0.0,0.0,0.0,0.0,0.0,0.0,1.0,0.0,0.0,0.0,0.0,0.0
B3afe673d250e,S08ea3e793bb0,front,7.0,focus,1.0,0.0,1.0,0.0,0.0,0.0,0.0,0.0,0.0,0.0,1.0,0.0,0.0,0.0,0.0,0.0
B3afe673d250e,S08ea3e793bb0,front,8.0,focus,1.0,0.0,1.0,0.0,0.0,0.0,0.0,0.0,0.0,0.0,1.0,0.0,0.0,0.0,0.0,0.0
B3afe673d250e,S08ea3e793bb0,front,9.0,focus,1.0,0.0,1.0,0.0,0.0,0.0,0.0,0.0,0.0,0.0,0.0,0.0,0.0,0.0,0.0,0.0
B3afe673d250e,S08ea3e793bb0,overhead,0.0,focus,0.0,1.0,0.0,0.0,0.0,0.0,0.0,0.0,0.0,0.0,0.0,0.0,0.0,0.0,0.0,0.0
B3afe673d250e,S08ea3e793bb0,overhead,1.0,focus,0.0,1.0,0.0,0.0,0.0,0.0,0.0,0.0,0.0,0.0,0.0,0.0,0.0,0.0,0.0,0.0
B3afe673d250e,S08ea3e793bb0,overhead,2.0,focus,0.0,1.0,0.0,0.0,0.0,0.0,0.0,0.0,0.0,0.0,0.0,0.0,0.0,0.0,0.0,0.0
B3afe673d250e,S08ea3e793bb0,overhead,3.0,focus,0.0,1.0,0.0,0.0,0.0,0.0,0.0,0.0,0.0,0.0,0.0,0.0,0.0,0.0,0.0,0.0
B3afe673d250e,S08ea3e793bb0,overhead,4.0,focus,0.0,1.0,0.0,0.0,0.0,0.0,0.0,0.0,0.0,0.0,0.0,0.0,0.0,0.0,0.0,0.0
B3afe673d250e,S08ea3e793bb0,overhead,5.0,focus,0.0,1.0,0.0,0.0,0.0,0.0,0.0,0.0,0.0,0.0,0.0,0.0,0.0,0.0,0.0,0.0
B3afe673d250e,S08ea3e793bb0,overhead,6.0,focus,0.0,1.0,0.0,0.0,0.0,0.0,0.0,0.0,0.0,0.0,0.0,0.0,0.0,0.0,0.0,0.0
B3afe673d250e,S08ea3e793bb0,overhead,7.0,focus,0.0,1.0,0.0,0.0,0.0,0.0,0.0,0.0,0.0,0.0,0.0,0.0,0.0,0.0,0.0,0.0
B3afe673d250e,S08ea3e793bb0,overhead,8.0,focus,0.0,1.0,0.0,0.0,0.0,0.0,0.0,0.0,0.0,0.0,0.0,0.0,0.0,0.0,0.0,0.0
B3afe673d250e,S08ea3e793bb0,overhead,9.0,focus,0.0,1.0,0.0,0.0,0.0,0.0,0.0,0.0,0.0,0.0,0.0,0.0,0.0,0.0,0.0,0.0
B3b0e1bd2be11,S08ea3e793bb0,front,0.0,focus,1.0,0.0,1.0,0.0,0.0,0.0,0.0,0.0,0.0,0.0,1.0,0.0,0.0,0.0,0.0,0.0
B3b0e1bd2be11,S08ea3e793bb0,front,1.0,focus,1.0,0.0,1.0,0.0,0.0,1.0,0.0,0.0,0.0,0.0,1.0,0.0,0.0,0.0,0.0,0.0
B3b0e1bd2be11,S08ea3e793bb0,front,2.0,focus,1.0,0.0,1.0,0.0,0.0,1.0,0.0,0.0,0.0,0.0,1.0,0.0,0.0,0.0,0.0,0.0
B3b0e1bd2be11,S08ea3e793bb0,front,3.0,focus,1.0,0.0,1.0,0.0,0.0,0.0,0.0,0.0,0.0,0.0,1.0,0.0,0.0,0.0,0.0,0.0
B3b0e1bd2be11,S08ea3e793bb0,front,4.0,focus,1.0,0.0,1.0,0.0,0.0,0.0,0.0,0.0,0.0,0.0,1.0,0.0,0.0,0.0,0.0,0.0
B3b0e1bd2be11,S08ea3e793bb0,front,5.0,focus,1.0,0.0,1.0,0.0,0.0,0.0,0.0,0.0,0.0,0.0,1.0,0.0,0.0,0.0,0.0,0.0
B3b0e1bd2be11,S08ea3e793bb0,front,6.0,focus,1.0,0.0,1.0,0.0,0.0,0.0,1.0,0.0,0.0,1.0,1.0,0.0,0.0,0.0,0.0,0.0
B3b0e1bd2be11,S08ea3e793bb0,front,7.0,focus,1.0,0.0,1.0,0.0,0.0,0.0,1.0,0.0,0.0,1.0,0.0,0.0,0.0,0.0,0.0,0.0
B3b0e1bd2be11,S08ea3e793bb0,front,8.0,focus,1.0,0.0,1.0,0.0,0.0,0.0,1.0,0.0,0.0,1.0,1.0,0.0,0.0,0.0,0.0,0.0
B3b0e1bd2be11,S08ea3e793bb0,front,9.0,focus,1.0,0.0,1.0,0.0,0.0,0.0,0.0,0.0,0.0,0.0,1.0,0.0,0.0,0.0,0.0,0.0
B3b0e1bd2be11,S08ea3e793bb0,overhead,0.0,focus,0.0,1.0,0.0,0.0,0.0,0.0,0.0,0.0,0.0,0.0,0.0,0.0,0.0,0.0,0.0,0.0
B3b0e1bd2be11,S08ea3e793bb0,overhead,1.0,focus,0.0,1.0,0.0,0.0,0.0,0.0,0.0,0.0,0.0,0.0,0.0,0.0,0.0,0.0,0.0,0.0
B3b0e1bd2be11,S08ea3e793bb0,overhead,2.0,focus,0.0,1.0,0.0,0.0,0.0,0.0,0.0,0.0,0.0,0.0,0.0,0.0,0.0,0.0,0.0,0.0
B3b0e1bd2be11,S08ea3e793bb0,overhead,3.0,focus,0.0,1.0,0.0,0.0,0.0,0.0,0.0,0.0,0.0,0.0,1.0,0.0,0.0,0.0,0.0,0.0
B3b0e1bd2be11,S08ea3e793bb0,overhead,4.0,focus,0.0,1.0,0.0,0.0,0.0,0.0,0.0,0.0,0.0,0.0,0.0,0.0,0.0,0.0,0.0,0.0
B3b0e1bd2be11,S08ea3e793bb0,overhead,5.0,focus,0.0,1.0,0.0,0.0,0.0,0.0,0.0,0.0,0.0,0.0,0.0,0.0,0.0,0.0,0.0,0.0
B3b0e1bd2be11,S08ea3e793bb0,overhead,6.0,focus,0.0,1.0,0.0,0.0,0.0,0.0,0.0,0.0,0.0,0.0,0.0,0.0,0.0,0.0,0.0,0.0
B3b0e1bd2be11,S08ea3e793bb0,overhead,7.0,focus,0.0,1.0,0.0,0.0,0.0,0.0,0.0,0.0,0.0,0.0,0.0,0.0,0.0,0.0,0.0,0.0
B3b0e1bd2be11,S08ea3e793bb0,overhead,8.0,focus,0.0,1.0,0.0,0.0,0.0,0.0,0.0,0.0,0.0,0.0,0.0,0.0,0.0,0.0,0.0,0.0
B3b0e1bd2be11,S08ea3e793bb0,overhead,9.0,focus,0.0,1.0,0.0,0.0,0.0,0.0,0.0,0.0,0.0,0.0,0.0,0.0,0.0,0.0,0.0,0.0
B3b695f4a5d75,Sb97749af3711,front,0.0,unknown,1.0,0.0,0.0,0.0,0.0,0.0,0.0,0.0,0.0,0.0,0.0,0.0,0.0,0.0,0.0,0.0
B3b695f4a5d75,Sb97749af3711,front,1.0,unknown,1.0,0.0,0.0,0.0,0.0,0.0,0.0,0.0,0.0,0.0,0.0,0.0,0.0,0.0,0.0,0.0
B3b695f4a5d75,Sb97749af3711,front,2.0,unknown,1.0,0.0,0.0,0.0,0.0,0.0,0.0,0.0,0.0,0.0,0.0,0.0,0.0,0.0,0.0,0.0
B3b695f4a5d75,Sb97749af3711,front,3.0,unknown,1.0,0.0,0.0,0.0,0.0,0.0,0.0,0.0,0.0,0.0,0.0,0.0,0.0,0.0,0.0,0.0
B3b695f4a5d75,Sb97749af3711,front,4.0,unknown,1.0,0.0,0.0,0.0,0.0,0.0,0.0,0.0,0.0,0.0,0.0,0.0,0.0,0.0,0.0,0.0
B3b695f4a5d75,Sb97749af3711,front,5.0,unknown,1.0,0.0,0.0,0.0,0.0,0.0,0.0,0.0,0.0,0.0,0.0,0.0,0.0,0.0,0.0,0.0
B3b695f4a5d75,Sb97749af3711,front,6.0,unknown,1.0,0.0,0.0,0.0,0.0,0.0,0.0,0.0,0.0,0.0,0.0,0.0,0.0,0.0,0.0,0.0
B3b695f4a5d75,Sb97749af3711,front,7.0,unknown,1.0,0.0,0.0,0.0,0.0,0.0,0.0,0.0,0.0,0.0,0.0,0.0,0.0,0.0,0.0,0.0
B3b695f4a5d75,Sb97749af3711,front,8.0,unknown,1.0,0.0,0.0,0.0,0.0,0.0,0.0,0.0,0.0,0.0,0.0,0.0,0.0,0.0,0.0,0.0
B3b695f4a5d75,Sb97749af3711,front,9.0,unknown,1.0,0.0,0.0,0.0,0.0,0.0,0.0,0.0,0.0,0.0,0.0,0.0,0.0,0.0,0.0,0.0
B3b695f4a5d75,Sb97749af3711,overhead,0.0,unknown,0.0,1.0,0.0,0.0,0.0,0.0,0.0,0.0,0.0,0.0,0.0,0.0,0.0,0.0,0.0,0.0
B3b695f4a5d75,Sb97749af3711,overhead,1.0,unknown,0.0,1.0,0.0,0.0,0.0,0.0,0.0,0.0,0.0,0.0,0.0,0.0,0.0,0.0,0.0,0.0
B3b695f4a5d75,Sb97749af3711,overhead,2.0,unknown,0.0,1.0,0.0,0.0,0.0,0.0,0.0,0.0,0.0,0.0,0.0,0.0,0.0,0.0,0.0,0.0
B3b695f4a5d75,Sb97749af3711,overhead,3.0,unknown,0.0,1.0,0.0,0.0,0.0,0.0,0.0,0.0,0.0,0.0,0.0,0.0,0.0,0.0,0.0,0.0
B3b695f4a5d75,Sb97749af3711,overhead,4.0,unknown,0.0,1.0,0.0,0.0,0.0,0.0,0.0,0.0,0.0,0.0,0.0,0.0,0.0,0.0,0.0,0.0
B3b695f4a5d75,Sb97749af3711,overhead,5.0,unknown,0.0,1.0,0.0,0.0,0.0,0.0,0.0,0.0,0.0,0.0,0.0,0.0,0.0,0.0,0.0,0.0
B3b695f4a5d75,Sb97749af3711,overhead,6.0,unknown,0.0,1.0,0.0,0.0,0.0,0.0,0.0,0.0,0.0,0.0,0.0,0.0,0.0,0.0,0.0,0.0
B3b695f4a5d75,Sb97749af3711,overhead,7.0,unknown,0.0,1.0,0.0,0.0,0.0,0.0,0.0,0.0,0.0,0.0,0.0,0.0,0.0,0.0,0.0,0.0
B3b695f4a5d75,Sb97749af3711,overhead,8.0,unknown,0.0,1.0,0.0,0.0,0.0,0.0,0.0,0.0,0.0,0.0,0.0,0.0,0.0,0.0,0.0,0.0
B3b695f4a5d75,Sb97749af3711,overhead,9.0,unknown,0.0,1.0,0.0,0.0,0.0,0.0,0.0,0.0,0.0,0.0,0.0,0.0,0.0,0.0,0.0,0.0
B3bb2f9cd9287,S08ea3e793bb0,front,0.0,focus,1.0,0.0,1.0,0.0,0.0,0.0,0.0,0.0,0.0,0.0,1.0,0.0,0.0,0.0,0.0,0.0
B3bb2f9cd9287,S08ea3e793bb0,front,1.0,focus,1.0,0.0,1.0,0.0,0.0,0.0,0.0,0.0,0.0,0.0,1.0,0.0,0.0,0.0,0.0,0.0
B3bb2f9cd9287,S08ea3e793bb0,front,2.0,focus,1.0,0.0,1.0,0.0,0.0,0.0,0.0,0.0,0.0,0.0,0.0,0.0,0.0,0.0,0.0,0.0
B3bb2f9cd9287,S08ea3e793bb0,front,3.0,focus,1.0,0.0,1.0,0.0,0.0,0.0,0.0,0.0,0.0,0.0,0.0,0.0,0.0,0.0,0.0,0.0
B3bb2f9cd9287,S08ea3e793bb0,front,4.0,focus,1.0,0.0,1.0,0.0,0.0,0.0,0.0,0.0,0.0,0.0,0.0,0.0,0.0,0.0,0.0,0.0
B3bb2f9cd9287,S08ea3e793bb0,front,5.0,focus,1.0,0.0,1.0,0.0,0.0,0.0,0.0,0.0,0.0,0.0,1.0,0.0,0.0,0.0,0.0,0.0
B3bb2f9cd9287,S08ea3e793bb0,front,6.0,focus,1.0,0.0,1.0,0.0,0.0,0.0,0.0,0.0,0.0,0.0,0.0,0.0,0.0,0.0,0.0,0.0
B3bb2f9cd9287,S08ea3e793bb0,front,7.0,focus,1.0,0.0,1.0,0.0,0.0,0.0,0.0,0.0,0.0,0.0,0.0,0.0,0.0,0.0,0.0,0.0
B3bb2f9cd9287,S08ea3e793bb0,front,8.0,focus,1.0,0.0,1.0,0.0,0.0,0.0,0.0,0.0,0.0,0.0,1.0,0.0,0.0,0.0,0.0,0.0
B3bb2f9cd9287,S08ea3e793bb0,front,9.0,focus,1.0,0.0,1.0,0.0,0.0,0.0,0.0,0.0,0.0,0.0,0.0,0.0,0.0,0.0,0.0,0.0
B3bb2f9cd9287,S08ea3e793bb0,overhead,0.0,focus,0.0,1.0,0.0,0.0,0.0,0.0,0.0,0.0,0.0,0.0,0.0,0.0,0.0,0.0,0.0,0.0
B3bb2f9cd9287,S08ea3e793bb0,overhead,1.0,focus,0.0,1.0,0.0,0.0,0.0,0.0,0.0,0.0,0.0,0.0,0.0,0.0,0.0,0.0,0.0,0.0
B3bb2f9cd9287,S08ea3e793bb0,overhead,2.0,focus,0.0,1.0,0.0,0.0,0.0,0.0,0.0,0.0,0.0,0.0,0.0,0.0,0.0,0.0,0.0,0.0
B3bb2f9cd9287,S08ea3e793bb0,overhead,3.0,focus,0.0,1.0,0.0,0.0,0.0,0.0,0.0,0.0,0.0,0.0,0.0,0.0,0.0,0.0,0.0,0.0
B3bb2f9cd9287,S08ea3e793bb0,overhead,4.0,focus,0.0,1.0,0.0,0.0,0.0,0.0,0.0,0.0,0.0,0.0,0.0,0.0,0.0,0.0,0.0,0.0
B3bb2f9cd9287,S08ea3e793bb0,overhead,5.0,focus,0.0,1.0,0.0,0.0,0.0,0.0,0.0,0.0,0.0,0.0,0.0,0.0,0.0,0.0,0.0,0.0
B3bb2f9cd9287,S08ea3e793bb0,overhead,6.0,focus,0.0,1.0,0.0,0.0,0.0,0.0,0.0,0.0,0.0,0.0,0.0,0.0,0.0,0.0,0.0,0.0
B3bb2f9cd9287,S08ea3e793bb0,overhead,7.0,focus,0.0,1.0,0.0,0.0,0.0,0.0,0.0,0.0,0.0,0.0,0.0,0.0,0.0,0.0,0.0,0.0
B3bb2f9cd9287,S08ea3e793bb0,overhead,8.0,focus,0.0,1.0,0.0,0.0,0.0,0.0,0.0,0.0,0.0,0.0,0.0,0.0,0.0,0.0,0.0,0.0
B3bb2f9cd9287,S08ea3e793bb0,overhead,9.0,focus,0.0,1.0,0.0,0.0,0.0,0.0,0.0,0.0,0.0,0.0,0.0,0.0,0.0,0.0,0.0,0.0
B3bcca3bfef69,S08ea3e793bb0,front,0.0,focus,1.0,0.0,1.0,0.0,0.0,0.0,0.0,0.0,0.0,0.0,1.0,0.0,0.0,0.0,0.0,0.0
B3bcca3bfef69,S08ea3e793bb0,front,1.0,focus,1.0,0.0,1.0,0.0,0.0,0.0,0.0,0.0,0.0,0.0,1.0,0.0,0.0,0.0,0.0,0.0
B3bcca3bfef69,S08ea3e793bb0,front,2.0,focus,1.0,0.0,1.0,0.0,0.0,1.0,1.0,1.0,0.0,1.0,1.0,0.0,0.0,0.0,0.0,0.0
B3bcca3bfef69,S08ea3e793bb0,front,3.0,focus,1.0,0.0,1.0,0.0,0.0,1.0,0.0,0.0,0.0,0.0,1.0,0.0,0.0,0.0,0.0,0.0
B3bcca3bfef69,S08ea3e793bb0,front,4.0,focus,1.0,0.0,1.0,0.0,0.0,1.0,0.0,0.0,0.0,0.0,1.0,0.0,0.0,0.0,0.0,0.0
B3bcca3bfef69,S08ea3e793bb0,front,5.0,focus,1.0,0.0,1.0,0.0,0.0,1.0,1.0,0.0,0.0,1.0,1.0,0.0,0.0,0.0,0.0,0.0
B3bcca3bfef69,S08ea3e793bb0,front,6.0,focus,1.0,0.0,1.0,0.0,0.0,1.0,1.0,0.0,0.0,1.0,1.0,0.0,0.0,0.0,0.0,0.0
B3bcca3bfef69,S08ea3e793bb0,front,7.0,focus,1.0,0.0,1.0,0.0,0.0,1.0,1.0,0.0,0.0,1.0,1.0,0.0,0.0,0.0,0.0,0.0
B3bcca3bfef69,S08ea3e793bb0,front,8.0,focus,1.0,0.0,1.0,0.0,0.0,1.0,0.0,0.0,0.0,0.0,1.0,0.0,0.0,0.0,0.0,0.0
B3bcca3bfef69,S08ea3e793bb0,front,9.0,focus,1.0,0.0,1.0,0.0,0.0,1.0,0.0,0.0,0.0,0.0,1.0,0.0,0.0,0.0,0.0,0.0
B3bcca3bfef69,S08ea3e793bb0,overhead,0.0,focus,0.0,1.0,0.0,0.0,0.0,1.0,0.0,0.0,0.0,0.0,1.0,0.0,0.0,0.0,0.0,0.0
B3bcca3bfef69,S08ea3e793bb0,overhead,1.0,focus,0.0,1.0,0.0,0.0,0.0,1.0,0.0,0.0,0.0,0.0,1.0,0.0,0.0,0.0,0.0,0.0
B3bcca3bfef69,S08ea3e793bb0,overhead,2.0,focus,0.0,1.0,0.0,0.0,0.0,1.0,0.0,0.0,0.0,0.0,1.0,0.0,0.0,0.0,0.0,0.0
B3bcca3bfef69,S08ea3e793bb0,overhead,3.0,focus,0.0,1.0,0.0,0.0,0.0,1.0,0.0,0.0,0.0,0.0,1.0,0.0,0.0,0.0,0.0,0.0
B3bcca3bfef69,S08ea3e793bb0,overhead,4.0,focus,0.0,1.0,0.0,0.0,0.0,1.0,0.0,0.0,0.0,0.0,1.0,0.0,0.0,0.0,0.0,0.0
B3bcca3bfef69,S08ea3e793bb0,overhead,5.0,focus,0.0,1.0,0.0,0.0,0.0,1.0,0.0,0.0,0.0,0.0,1.0,0.0,0.0,0.0,0.0,0.0
B3bcca3bfef69,S08ea3e793bb0,overhead,6.0,focus,0.0,1.0,0.0,0.0,0.0,1.0,0.0,0.0,0.0,0.0,1.0,0.0,0.0,0.0,0.0,0.0
B3bcca3bfef69,S08ea3e793bb0,overhead,7.0,focus,0.0,1.0,0.0,0.0,0.0,1.0,0.0,0.0,0.0,0.0,1.0,0.0,0.0,0.0,0.0,0.0
B3bcca3bfef69,S08ea3e793bb0,overhead,8.0,focus,0.0,1.0,0.0,0.0,0.0,0.0,0.0,0.0,0.0,0.0,0.0,0.0,0.0,0.0,0.0,0.0
B3bcca3bfef69,S08ea3e793bb0,overhead,9.0,focus,0.0,1.0,0.0,0.0,0.0,0.0,0.0,0.0,0.0,0.0,0.0,0.0,0.0,0.0,0.0,0.0
B3d02721ea082,S38533928bb7e,front,1118.0,gaze_side,1.0,0.0,1.0,1.0,0.0,1.0,0.0,0.0,0.0,0.0,1.0,0.0,0.0,0.0,0.0,0.0
B3d02721ea082,S38533928bb7e,front,1119.0,gaze_side,1.0,0.0,1.0,1.0,0.0,1.0,0.0,0.0,0.0,0.0,1.0,0.0,0.0,0.0,0.0,0.0
B3d02721ea082,S38533928bb7e,front,1120.0,gaze_side,1.0,0.0,1.0,1.0,0.0,1.0,0.0,0.0,0.0,0.0,1.0,0.0,0.0,0.0,0.0,0.0
B3d02721ea082,S38533928bb7e,front,1121.0,gaze_side,1.0,0.0,1.0,1.0,0.0,1.0,0.0,0.0,0.0,0.0,1.0,0.0,0.0,0.0,0.0,0.0
B3d02721ea082,S38533928bb7e,front,1122.0,gaze_side,1.0,0.0,1.0,1.0,0.0,1.0,0.0,0.0,0.0,0.0,1.0,0.0,0.0,0.0,0.0,0.0
B3d02721ea082,S38533928bb7e,front,1123.0,gaze_side,1.0,0.0,1.0,1.0,0.0,1.0,0.0,0.0,0.0,0.0,1.0,0.0,0.0,0.0,0.0,0.0
B3d02721ea082,S38533928bb7e,front,1124.0,gaze_side,1.0,0.0,1.0,1.0,0.0,1.0,0.0,0.0,0.0,0.0,1.0,0.0,0.0,0.0,0.0,0.0
B3d02721ea082,S38533928bb7e,front,1125.0,gaze_side,1.0,0.0,1.0,1.0,0.0,1.0,0.0,0.0,0.0,0.0,1.0,0.0,0.0,0.0,0.0,0.0
B3d02721ea082,S38533928bb7e,front,1126.0,gaze_side,1.0,0.0,1.0,1.0,0.0,1.0,0.0,0.0,0.0,0.0,1.0,0.0,0.0,0.0,0.0,0.0
B3d02721ea082,S38533928bb7e,front,1127.0,gaze_side,1.0,0.0,1.0,1.0,0.0,1.0,0.0,0.0,0.0,0.0,1.0,0.0,0.0,0.0,0.0,0.0
B3d02721ea082,S38533928bb7e,overhead,1118.0,gaze_side,0.0,1.0,0.0,0.0,0.0,0.0,0.0,0.0,0.0,0.0,0.0,0.0,0.0,0.0,0.0,0.0
B3d02721ea082,S38533928bb7e,overhead,1119.0,gaze_side,0.0,1.0,0.0,0.0,0.0,0.0,0.0,0.0,0.0,0.0,0.0,0.0,0.0,0.0,0.0,0.0
B3d02721ea082,S38533928bb7e,overhead,1120.0,gaze_side,0.0,1.0,0.0,0.0,0.0,0.0,0.0,0.0,0.0,0.0,0.0,0.0,0.0,0.0,0.0,0.0
B3d02721ea082,S38533928bb7e,overhead,1121.0,gaze_side,0.0,1.0,0.0,0.0,0.0,0.0,0.0,0.0,0.0,0.0,0.0,0.0,0.0,0.0,0.0,0.0
B3d02721ea082,S38533928bb7e,overhead,1122.0,gaze_side,0.0,1.0,0.0,0.0,0.0,0.0,0.0,0.0,0.0,0.0,0.0,0.0,0.0,0.0,0.0,0.0
B3d02721ea082,S38533928bb7e,overhead,1123.0,gaze_side,0.0,1.0,0.0,0.0,0.0,0.0,0.0,0.0,0.0,0.0,0.0,0.0,0.0,0.0,0.0,0.0
B3d02721ea082,S38533928bb7e,overhead,1124.0,gaze_side,0.0,1.0,0.0,0.0,0.0,0.0,0.0,0.0,0.0,0.0,0.0,0.0,0.0,0.0,0.0,0.0
B3d02721ea082,S38533928bb7e,overhead,1125.0,gaze_side,0.0,1.0,0.0,0.0,0.0,0.0,0.0,0.0,0.0,0.0,0.0,0.0,0.0,0.0,0.0,0.0
B3d02721ea082,S38533928bb7e,overhead,1126.0,gaze_side,0.0,1.0,0.0,0.0,0.0,0.0,0.0,0.0,0.0,0.0,0.0,0.0,0.0,0.0,0.0,0.0
B3d02721ea082,S38533928bb7e,overhead,1127.0,gaze_side,0.0,1.0,0.0,0.0,0.0,0.0,0.0,0.0,0.0,0.0,0.0,0.0,0.0,0.0,0.0,0.0
B3d286267b538,Se9ae4c661219,front,0.0,focus,1.0,0.0,1.0,0.0,0.0,0.0,0.0,0.0,0.0,0.0,0.0,0.0,0.0,0.0,0.0,0.0
B3d286267b538,Se9ae4c661219,front,1.0,focus,1.0,0.0,0.0,0.0,0.0,0.0,0.0,0.0,0.0,0.0,1.0,0.0,0.0,0.0,0.0,1.0
B3d286267b538,Se9ae4c661219,front,2.0,focus,1.0,0.0,0.0,0.0,0.0,0.0,0.0,0.0,0.0,0.0,1.0,0.0,0.0,0.0,0.0,1.0
B3d286267b538,Se9ae4c661219,front,3.0,focus,1.0,0.0,0.0,0.0,0.0,0.0,0.0,0.0,0.0,0.0,0.0,0.0,0.0,0.0,0.0,1.0
B3d286267b538,Se9ae4c661219,front,4.0,focus,1.0,0.0,0.0,0.0,0.0,0.0,0.0,0.0,0.0,0.0,1.0,0.0,0.0,0.0,0.0,1.0
B3d286267b538,Se9ae4c661219,front,5.0,focus,1.0,0.0,1.0,0.0,0.0,0.0,0.0,0.0,0.0,0.0,1.0,0.0,0.0,0.0,0.0,0.0
B3d286267b538,Se9ae4c661219,front,6.0,focus,1.0,0.0,1.0,0.0,0.0,0.0,0.0,0.0,0.0,0.0,0.0,0.0,0.0,0.0,0.0,0.0
B3d286267b538,Se9ae4c661219,front,7.0,focus,1.0,0.0,1.0,0.0,0.0,0.0,0.0,0.0,0.0,0.0,1.0,0.0,0.0,0.0,0.0,0.0
B3d286267b538,Se9ae4c661219,front,8.0,focus,1.0,0.0,1.0,0.0,0.0,0.0,0.0,0.0,0.0,0.0,1.0,0.0,0.0,0.0,0.0,0.0
B3d286267b538,Se9ae4c661219,front,9.0,focus,1.0,0.0,0.0,0.0,0.0,0.0,0.0,0.0,0.0,0.0,1.0,0.0,0.0,0.0,0.0,1.0
B3d286267b538,Se9ae4c661219,overhead,0.0,focus,0.0,1.0,0.0,0.0,0.0,0.0,0.0,0.0,0.0,0.0,0.0,0.0,0.0,0.0,0.0,0.0
B3d286267b538,Se9ae4c661219,overhead,1.0,focus,0.0,1.0,0.0,0.0,0.0,0.0,0.0,0.0,0.0,0.0,0.0,0.0,0.0,0.0,0.0,0.0
B3d286267b538,Se9ae4c661219,overhead,2.0,focus,0.0,1.0,0.0,0.0,0.0,0.0,0.0,0.0,0.0,0.0,0.0,0.0,0.0,0.0,0.0,0.0
B3d286267b538,Se9ae4c661219,overhead,3.0,focus,0.0,1.0,0.0,0.0,0.0,0.0,0.0,0.0,0.0,0.0,0.0,0.0,0.0,0.0,0.0,0.0
B3d286267b538,Se9ae4c661219,overhead,4.0,focus,0.0,1.0,0.0,0.0,0.0,0.0,0.0,0.0,0.0,0.0,0.0,0.0,0.0,0.0,0.0,0.0
B3d286267b538,Se9ae4c661219,overhead,5.0,focus,0.0,1.0,0.0,0.0,0.0,0.0,0.0,0.0,0.0,0.0,0.0,0.0,0.0,0.0,0.0,0.0
B3d286267b538,Se9ae4c661219,overhead,6.0,focus,0.0,1.0,0.0,0.0,0.0,0.0,0.0,0.0,0.0,0.0,0.0,0.0,0.0,0.0,0.0,0.0
B3d286267b538,Se9ae4c661219,overhead,7.0,focus,0.0,1.0,0.0,0.0,0.0,0.0,0.0,0.0,0.0,0.0,0.0,0.0,0.0,0.0,0.0,0.0
B3d286267b538,Se9ae4c661219,overhead,8.0,focus,0.0,1.0,0.0,0.0,0.0,0.0,0.0,0.0,0.0,0.0,0.0,0.0,0.0,0.0,0.0,0.0
B3d286267b538,Se9ae4c661219,overhead,9.0,focus,0.0,1.0,0.0,0.0,0.0,0.0,0.0,0.0,0.0,0.0,0.0,0.0,0.0,0.0,0.0,0.0
B3e9c05bd19c8,S38533928bb7e,front,3088.0,gaze_down,1.0,0.0,1.0,0.0,0.0,1.0,0.0,0.0,0.0,0.0,1.0,0.0,0.0,0.0,0.0,0.0
B3e9c05bd19c8,S38533928bb7e,front,3089.0,gaze_down,1.0,0.0,1.0,0.0,0.0,1.0,0.0,0.0,0.0,0.0,1.0,0.0,0.0,0.0,0.0,0.0
B3e9c05bd19c8,S38533928bb7e,front,3090.0,gaze_down,1.0,0.0,0.0,0.0,0.0,1.0,0.0,0.0,0.0,0.0,1.0,1.0,0.0,0.0,0.0,0.0
B3e9c05bd19c8,S38533928bb7e,front,3091.0,gaze_down,1.0,0.0,1.0,0.0,0.0,1.0,0.0,0.0,0.0,0.0,1.0,0.0,0.0,0.0,0.0,0.0
B3e9c05bd19c8,S38533928bb7e,front,3092.0,gaze_down,1.0,0.0,1.0,0.0,0.0,1.0,0.0,0.0,0.0,0.0,1.0,0.0,0.0,0.0,0.0,0.0
B3e9c05bd19c8,S38533928bb7e,front,3093.0,gaze_down,1.0,0.0,1.0,0.0,0.0,1.0,0.0,0.0,0.0,0.0,1.0,0.0,0.0,0.0,0.0,0.0
B3e9c05bd19c8,S38533928bb7e,front,3094.0,gaze_down,1.0,0.0,1.0,0.0,1.0,1.0,0.0,0.0,0.0,0.0,1.0,0.0,0.0,0.0,0.0,0.0
B3e9c05bd19c8,S38533928bb7e,front,3095.0,gaze_down,1.0,0.0,1.0,0.0,1.0,1.0,0.0,0.0,0.0,0.0,1.0,0.0,0.0,0.0,0.0,0.0
B3e9c05bd19c8,S38533928bb7e,front,3096.0,gaze_down,1.0,0.0,1.0,0.0,0.0,1.0,0.0,0.0,0.0,0.0,1.0,0.0,0.0,0.0,0.0,0.0
B3e9c05bd19c8,S38533928bb7e,front,3097.0,gaze_down,1.0,0.0,1.0,0.0,0.0,1.0,0.0,0.0,0.0,0.0,1.0,0.0,0.0,0.0,0.0,0.0
B3e9c05bd19c8,S38533928bb7e,overhead,3088.0,gaze_down,0.0,1.0,0.0,0.0,0.0,0.0,0.0,0.0,0.0,0.0,0.0,0.0,0.0,0.0,0.0,0.0
B3e9c05bd19c8,S38533928bb7e,overhead,3089.0,gaze_down,0.0,1.0,0.0,0.0,0.0,0.0,0.0,0.0,0.0,0.0,0.0,0.0,0.0,0.0,0.0,0.0
B3e9c05bd19c8,S38533928bb7e,overhead,3090.0,gaze_down,0.0,1.0,0.0,0.0,0.0,0.0,0.0,0.0,0.0,0.0,0.0,0.0,0.0,0.0,0.0,0.0
B3e9c05bd19c8,S38533928bb7e,overhead,3091.0,gaze_down,0.0,1.0,0.0,0.0,0.0,0.0,0.0,0.0,0.0,0.0,0.0,0.0,0.0,0.0,0.0,0.0
B3e9c05bd19c8,S38533928bb7e,overhead,3092.0,gaze_down,0.0,1.0,0.0,0.0,0.0,0.0,0.0,0.0,0.0,0.0,0.0,0.0,0.0,0.0,0.0,0.0
B3e9c05bd19c8,S38533928bb7e,overhead,3093.0,gaze_down,0.0,1.0,0.0,0.0,0.0,0.0,0.0,0.0,0.0,0.0,0.0,0.0,0.0,0.0,0.0,0.0
B3e9c05bd19c8,S38533928bb7e,overhead,3094.0,gaze_down,0.0,1.0,0.0,0.0,0.0,0.0,0.0,0.0,0.0,0.0,0.0,0.0,0.0,0.0,0.0,0.0
B3e9c05bd19c8,S38533928bb7e,overhead,3095.0,gaze_down,0.0,1.0,0.0,0.0,0.0,0.0,0.0,0.0,0.0,0.0,0.0,0.0,0.0,0.0,0.0,0.0
B3e9c05bd19c8,S38533928bb7e,overhead,3096.0,gaze_down,0.0,1.0,0.0,0.0,0.0,0.0,0.0,0.0,0.0,0.0,0.0,0.0,0.0,0.0,0.0,0.0
B3e9c05bd19c8,S38533928bb7e,overhead,3097.0,gaze_down,0.0,1.0,0.0,0.0,0.0,0.0,0.0,0.0,0.0,0.0,0.0,0.0,0.0,0.0,0.0,0.0
B3f06516f89b2,Sc17507c06476,front,0.0,focus,1.0,0.0,1.0,0.0,0.0,0.0,0.0,0.0,0.0,0.0,1.0,0.0,0.0,0.0,0.0,0.0
B3f06516f89b2,Sc17507c06476,front,1.0,focus,1.0,0.0,1.0,0.0,0.0,0.0,0.0,0.0,0.0,0.0,1.0,0.0,0.0,0.0,0.0,0.0
B3f06516f89b2,Sc17507c06476,front,2.0,focus,1.0,0.0,1.0,0.0,0.0,1.0,0.0,0.0,0.0,0.0,1.0,0.0,0.0,0.0,0.0,0.0
B3f06516f89b2,Sc17507c06476,front,3.0,focus,1.0,0.0,0.0,0.0,0.0,1.0,0.0,0.0,0.0,0.0,1.0,0.0,0.0,0.0,0.0,0.0
B3f06516f89b2,Sc17507c06476,front,4.0,focus,1.0,0.0,1.0,0.0,0.0,1.0,0.0,0.0,0.0,0.0,1.0,0.0,0.0,0.0,0.0,0.0
B3f06516f89b2,Sc17507c06476,front,5.0,focus,1.0,0.0,1.0,0.0,0.0,1.0,0.0,0.0,0.0,0.0,1.0,0.0,0.0,0.0,0.0,0.0
B3f06516f89b2,Sc17507c06476,front,6.0,focus,1.0,0.0,1.0,0.0,0.0,0.0,0.0,0.0,0.0,0.0,0.0,0.0,0.0,0.0,0.0,0.0
B3f06516f89b2,Sc17507c06476,front,7.0,focus,1.0,0.0,1.0,0.0,0.0,0.0,0.0,0.0,0.0,0.0,0.0,0.0,0.0,0.0,0.0,0.0
B3f06516f89b2,Sc17507c06476,front,8.0,focus,1.0,0.0,1.0,0.0,0.0,0.0,1.0,1.0,0.0,1.0,0.0,0.0,0.0,0.0,0.0,0.0
B3f06516f89b2,Sc17507c06476,front,9.0,focus,1.0,0.0,1.0,0.0,0.0,0.0,0.0,0.0,0.0,0.0,0.0,0.0,0.0,0.0,0.0,0.0
B3f06516f89b2,Sc17507c06476,overhead,0.0,focus,0.0,1.0,0.0,0.0,0.0,0.0,0.0,0.0,0.0,0.0,0.0,0.0,0.0,0.0,0.0,0.0
B3f06516f89b2,Sc17507c06476,overhead,1.0,focus,0.0,1.0,0.0,0.0,0.0,0.0,0.0,0.0,0.0,0.0,0.0,0.0,0.0,0.0,0.0,0.0
B3f06516f89b2,Sc17507c06476,overhead,2.0,focus,0.0,1.0,0.0,0.0,0.0,0.0,0.0,0.0,0.0,0.0,0.0,0.0,0.0,0.0,0.0,0.0
B3f06516f89b2,Sc17507c06476,overhead,3.0,focus,0.0,1.0,0.0,0.0,0.0,0.0,0.0,0.0,0.0,0.0,0.0,0.0,0.0,0.0,0.0,0.0
B3f06516f89b2,Sc17507c06476,overhead,4.0,focus,0.0,1.0,0.0,0.0,0.0,0.0,0.0,0.0,0.0,0.0,0.0,0.0,0.0,0.0,0.0,0.0
B3f06516f89b2,Sc17507c06476,overhead,5.0,focus,0.0,1.0,0.0,0.0,0.0,0.0,0.0,0.0,0.0,0.0,0.0,0.0,0.0,0.0,0.0,0.0
B3f06516f89b2,Sc17507c06476,overhead,6.0,focus,0.0,1.0,0.0,0.0,0.0,0.0,0.0,0.0,0.0,0.0,0.0,0.0,0.0,0.0,0.0,0.0
B3f06516f89b2,Sc17507c06476,overhead,7.0,focus,0.0,1.0,0.0,0.0,0.0,0.0,0.0,0.0,0.0,0.0,0.0,0.0,0.0,0.0,0.0,0.0
B3f06516f89b2,Sc17507c06476,overhead,8.0,focus,0.0,1.0,0.0,0.0,0.0,1.0,0.0,0.0,0.0,0.0,1.0,0.0,0.0,0.0,0.0,0.0
B3f06516f89b2,Sc17507c06476,overhead,9.0,focus,0.0,1.0,0.0,0.0,0.0,1.0,0.0,0.0,0.0,0.0,1.0,0.0,0.0,0.0,0.0,0.0
B3f393791e9d5,S38533928bb7e,front,1098.0,gaze_side,1.0,0.0,1.0,1.0,0.0,1.0,0.0,0.0,0.0,0.0,1.0,0.0,0.0,0.0,0.0,0.0
B3f393791e9d5,S38533928bb7e,front,1099.0,gaze_side,1.0,0.0,1.0,1.0,0.0,1.0,0.0,0.0,0.0,0.0,1.0,0.0,0.0,0.0,0.0,0.0
B3f393791e9d5,S38533928bb7e,front,1100.0,gaze_side,1.0,0.0,1.0,1.0,0.0,0.0,0.0,0.0,0.0,0.0,1.0,0.0,0.0,0.0,0.0,0.0
B3f393791e9d5,S38533928bb7e,front,1101.0,gaze_side,1.0,0.0,1.0,1.0,0.0,1.0,0.0,0.0,0.0,0.0,1.0,0.0,0.0,0.0,0.0,0.0
B3f393791e9d5,S38533928bb7e,front,1102.0,gaze_side,1.0,0.0,1.0,1.0,0.0,1.0,0.0,0.0,0.0,0.0,1.0,0.0,0.0,0.0,0.0,0.0
B3f393791e9d5,S38533928bb7e,front,1103.0,gaze_side,1.0,0.0,1.0,1.0,0.0,1.0,0.0,0.0,0.0,0.0,1.0,0.0,0.0,0.0,0.0,0.0
B3f393791e9d5,S38533928bb7e,front,1104.0,gaze_side,1.0,0.0,1.0,1.0,0.0,1.0,0.0,0.0,0.0,0.0,1.0,0.0,0.0,0.0,0.0,0.0
B3f393791e9d5,S38533928bb7e,front,1105.0,gaze_side,1.0,0.0,1.0,1.0,0.0,0.0,0.0,0.0,0.0,0.0,1.0,0.0,0.0,0.0,0.0,0.0
B3f393791e9d5,S38533928bb7e,front,1106.0,gaze_side,1.0,0.0,1.0,1.0,0.0,0.0,0.0,0.0,0.0,0.0,1.0,0.0,0.0,0.0,0.0,0.0
B3f393791e9d5,S38533928bb7e,front,1107.0,gaze_side,1.0,0.0,1.0,1.0,0.0,1.0,0.0,0.0,0.0,0.0,1.0,0.0,0.0,0.0,0.0,0.0
B3f393791e9d5,S38533928bb7e,overhead,1098.0,gaze_side,0.0,1.0,0.0,0.0,0.0,0.0,0.0,0.0,0.0,0.0,0.0,0.0,0.0,0.0,0.0,0.0
B3f393791e9d5,S38533928bb7e,overhead,1099.0,gaze_side,0.0,1.0,0.0,0.0,0.0,0.0,0.0,0.0,0.0,0.0,0.0,0.0,0.0,0.0,0.0,0.0
B3f393791e9d5,S38533928bb7e,overhead,1100.0,gaze_side,0.0,1.0,0.0,0.0,0.0,0.0,0.0,0.0,0.0,0.0,0.0,0.0,0.0,0.0,0.0,0.0
B3f393791e9d5,S38533928bb7e,overhead,1101.0,gaze_side,0.0,1.0,0.0,0.0,0.0,0.0,0.0,0.0,0.0,0.0,0.0,0.0,0.0,0.0,0.0,0.0
B3f393791e9d5,S38533928bb7e,overhead,1102.0,gaze_side,0.0,1.0,0.0,0.0,0.0,0.0,0.0,0.0,0.0,0.0,0.0,0.0,0.0,0.0,0.0,0.0
B3f393791e9d5,S38533928bb7e,overhead,1103.0,gaze_side,0.0,1.0,0.0,0.0,0.0,0.0,0.0,0.0,0.0,0.0,0.0,0.0,0.0,0.0,0.0,0.0
B3f393791e9d5,S38533928bb7e,overhead,1104.0,gaze_side,0.0,1.0,0.0,0.0,0.0,0.0,0.0,0.0,0.0,0.0,0.0,0.0,0.0,0.0,0.0,0.0
B3f393791e9d5,S38533928bb7e,overhead,1105.0,gaze_side,0.0,1.0,0.0,0.0,0.0,0.0,0.0,0.0,0.0,0.0,0.0,0.0,0.0,0.0,0.0,0.0
B3f393791e9d5,S38533928bb7e,overhead,1106.0,gaze_side,0.0,1.0,0.0,0.0,0.0,0.0,0.0,0.0,0.0,0.0,0.0,0.0,0.0,0.0,0.0,0.0
B3f393791e9d5,S38533928bb7e,overhead,1107.0,gaze_side,0.0,1.0,0.0,0.0,0.0,0.0,0.0,0.0,0.0,0.0,0.0,0.0,0.0,0.0,0.0,0.0
B4057655cb575,Se9ae4c661219,front,0.0,focus,1.0,0.0,0.0,0.0,0.0,0.0,0.0,0.0,0.0,0.0,0.0,0.0,0.0,0.0,0.0,0.0
B4057655cb575,Se9ae4c661219,front,1.0,focus,1.0,0.0,0.0,0.0,0.0,0.0,0.0,0.0,0.0,0.0,0.0,0.0,0.0,0.0,0.0,0.0
B4057655cb575,Se9ae4c661219,front,2.0,focus,1.0,0.0,0.0,0.0,0.0,0.0,0.0,0.0,0.0,0.0,0.0,0.0,0.0,0.0,0.0,0.0
B4057655cb575,Se9ae4c661219,front,3.0,focus,1.0,0.0,0.0,0.0,0.0,0.0,0.0,0.0,0.0,0.0,0.0,0.0,0.0,0.0,0.0,0.0
B4057655cb575,Se9ae4c661219,front,4.0,focus,1.0,0.0,0.0,0.0,0.0,0.0,0.0,0.0,0.0,0.0,0.0,0.0,0.0,0.0,0.0,0.0
B4057655cb575,Se9ae4c661219,front,5.0,focus,1.0,0.0,0.0,0.0,0.0,0.0,0.0,0.0,0.0,0.0,1.0,0.0,0.0,0.0,0.0,0.0
B4057655cb575,Se9ae4c661219,front,6.0,focus,1.0,0.0,0.0,0.0,0.0,0.0,0.0,0.0,0.0,0.0,1.0,0.0,0.0,0.0,0.0,0.0
B4057655cb575,Se9ae4c661219,front,7.0,focus,1.0,0.0,0.0,0.0,0.0,0.0,0.0,0.0,0.0,0.0,0.0,0.0,0.0,0.0,0.0,0.0
B4057655cb575,Se9ae4c661219,front,8.0,focus,1.0,0.0,0.0,0.0,0.0,0.0,0.0,0.0,0.0,0.0,1.0,0.0,0.0,0.0,0.0,0.0
B4057655cb575,Se9ae4c661219,front,9.0,focus,1.0,0.0,0.0,0.0,0.0,0.0,0.0,0.0,0.0,0.0,0.0,0.0,0.0,0.0,0.0,0.0
B4057655cb575,Se9ae4c661219,overhead,0.0,focus,0.0,1.0,0.0,0.0,0.0,0.0,0.0,0.0,0.0,0.0,1.0,0.0,0.0,0.0,0.0,0.0
B4057655cb575,Se9ae4c661219,overhead,1.0,focus,0.0,1.0,0.0,0.0,0.0,0.0,0.0,0.0,0.0,0.0,0.0,0.0,0.0,0.0,0.0,0.0
B4057655cb575,Se9ae4c661219,overhead,2.0,focus,0.0,1.0,0.0,0.0,0.0,1.0,0.0,0.0,0.0,0.0,0.0,0.0,0.0,0.0,0.0,0.0
B4057655cb575,Se9ae4c661219,overhead,3.0,focus,0.0,1.0,0.0,0.0,0.0,1.0,0.0,0.0,0.0,0.0,1.0,0.0,0.0,0.0,0.0,0.0
B4057655cb575,Se9ae4c661219,overhead,4.0,focus,0.0,1.0,0.0,0.0,0.0,1.0,0.0,0.0,0.0,0.0,1.0,0.0,0.0,0.0,0.0,0.0
B4057655cb575,Se9ae4c661219,overhead,5.0,focus,0.0,1.0,0.0,0.0,0.0,1.0,0.0,0.0,0.0,0.0,1.0,0.0,0.0,0.0,0.0,0.0
B4057655cb575,Se9ae4c661219,overhead,6.0,focus,0.0,1.0,0.0,0.0,0.0,1.0,0.0,0.0,0.0,0.0,1.0,0.0,0.0,0.0,0.0,0.0
B4057655cb575,Se9ae4c661219,overhead,7.0,focus,0.0,1.0,0.0,0.0,0.0,1.0,0.0,0.0,0.0,0.0,1.0,0.0,0.0,0.0,0.0,0.0
B4057655cb575,Se9ae4c661219,overhead,8.0,focus,0.0,1.0,0.0,0.0,0.0,1.0,0.0,0.0,0.0,0.0,1.0,0.0,0.0,0.0,0.0,0.0
B4057655cb575,Se9ae4c661219,overhead,9.0,focus,0.0,1.0,0.0,0.0,0.0,1.0,0.0,0.0,0.0,0.0,1.0,0.0,0.0,0.0,0.0,0.0
B41946f420060,S08ea3e793bb0,front,0.0,focus,1.0,0.0,1.0,0.0,0.0,0.0,0.0,0.0,0.0,0.0,0.0,0.0,0.0,0.0,0.0,0.0
B41946f420060,S08ea3e793bb0,front,1.0,focus,1.0,0.0,1.0,0.0,0.0,0.0,0.0,0.0,0.0,0.0,0.0,0.0,0.0,0.0,0.0,0.0
B41946f420060,S08ea3e793bb0,front,2.0,focus,1.0,0.0,1.0,0.0,0.0,0.0,0.0,0.0,0.0,0.0,0.0,0.0,0.0,0.0,0.0,0.0
B41946f420060,S08ea3e793bb0,front,3.0,focus,1.0,0.0,1.0,0.0,0.0,0.0,0.0,0.0,0.0,0.0,0.0,0.0,0.0,0.0,0.0,0.0
B41946f420060,S08ea3e793bb0,front,4.0,focus,1.0,0.0,1.0,0.0,0.0,0.0,0.0,0.0,0.0,0.0,0.0,0.0,0.0,0.0,0.0,0.0
B41946f420060,S08ea3e793bb0,front,5.0,focus,1.0,0.0,1.0,0.0,0.0,0.0,0.0,0.0,0.0,0.0,1.0,0.0,0.0,0.0,0.0,0.0
B41946f420060,S08ea3e793bb0,front,6.0,focus,1.0,0.0,1.0,0.0,0.0,0.0,0.0,0.0,0.0,0.0,1.0,0.0,0.0,0.0,0.0,0.0
B41946f420060,S08ea3e793bb0,front,7.0,focus,1.0,0.0,1.0,0.0,0.0,0.0,0.0,0.0,0.0,0.0,1.0,0.0,0.0,0.0,0.0,0.0
B41946f420060,S08ea3e793bb0,front,8.0,focus,1.0,0.0,1.0,0.0,0.0,0.0,1.0,1.0,0.0,1.0,1.0,0.0,0.0,0.0,0.0,0.0
B41946f420060,S08ea3e793bb0,front,9.0,focus,1.0,0.0,1.0,0.0,0.0,0.0,0.0,0.0,0.0,0.0,1.0,0.0,0.0,0.0,0.0,0.0
B41946f420060,S08ea3e793bb0,overhead,0.0,focus,0.0,1.0,0.0,0.0,0.0,0.0,0.0,0.0,0.0,0.0,0.0,0.0,0.0,0.0,0.0,0.0
B41946f420060,S08ea3e793bb0,overhead,1.0,focus,0.0,1.0,0.0,0.0,0.0,0.0,0.0,0.0,0.0,0.0,0.0,0.0,0.0,0.0,0.0,0.0
B41946f420060,S08ea3e793bb0,overhead,2.0,focus,0.0,1.0,0.0,0.0,0.0,0.0,0.0,0.0,0.0,0.0,0.0,0.0,0.0,0.0,0.0,0.0
B41946f420060,S08ea3e793bb0,overhead,3.0,focus,0.0,1.0,0.0,0.0,0.0,0.0,0.0,0.0,0.0,0.0,0.0,0.0,0.0,0.0,0.0,0.0
B41946f420060,S08ea3e793bb0,overhead,4.0,focus,0.0,1.0,0.0,0.0,0.0,0.0,0.0,0.0,0.0,0.0,0.0,0.0,0.0,0.0,0.0,0.0
B41946f420060,S08ea3e793bb0,overhead,5.0,focus,0.0,1.0,0.0,0.0,0.0,0.0,0.0,0.0,0.0,0.0,0.0,0.0,0.0,0.0,0.0,0.0
B41946f420060,S08ea3e793bb0,overhead,6.0,focus,0.0,1.0,0.0,0.0,0.0,0.0,0.0,0.0,0.0,0.0,0.0,0.0,0.0,0.0,0.0,0.0
B41946f420060,S08ea3e793bb0,overhead,7.0,focus,0.0,1.0,0.0,0.0,0.0,0.0,0.0,0.0,0.0,0.0,0.0,0.0,0.0,0.0,0.0,0.0
B41946f420060,S08ea3e793bb0,overhead,8.0,focus,0.0,1.0,0.0,0.0,0.0,0.0,0.0,0.0,0.0,0.0,0.0,0.0,0.0,0.0,0.0,0.0
B41946f420060,S08ea3e793bb0,overhead,9.0,focus,0.0,1.0,0.0,0.0,0.0,0.0,0.0,0.0,0.0,0.0,1.0,0.0,0.0,0.0,0.0,0.0
B41b440c096cf,Sc17507c06476,front,0.0,focus,1.0,0.0,1.0,0.0,0.0,0.0,0.0,0.0,0.0,0.0,1.0,0.0,0.0,0.0,0.0,0.0
B41b440c096cf,Sc17507c06476,front,1.0,focus,1.0,0.0,1.0,0.0,0.0,0.0,0.0,0.0,0.0,0.0,1.0,0.0,0.0,0.0,0.0,0.0
B41b440c096cf,Sc17507c06476,front,2.0,focus,1.0,0.0,1.0,0.0,0.0,0.0,0.0,0.0,0.0,0.0,1.0,0.0,0.0,0.0,0.0,0.0
B41b440c096cf,Sc17507c06476,front,3.0,focus,1.0,0.0,1.0,0.0,0.0,0.0,0.0,0.0,0.0,0.0,1.0,0.0,0.0,0.0,0.0,0.0
B41b440c096cf,Sc17507c06476,front,4.0,focus,1.0,0.0,1.0,0.0,0.0,1.0,0.0,0.0,0.0,0.0,1.0,0.0,0.0,0.0,0.0,0.0
B41b440c096cf,Sc17507c06476,front,5.0,focus,1.0,0.0,1.0,0.0,0.0,1.0,0.0,0.0,0.0,0.0,1.0,0.0,0.0,0.0,0.0,0.0
B41b440c096cf,Sc17507c06476,front,6.0,focus,1.0,0.0,1.0,0.0,0.0,1.0,0.0,0.0,0.0,0.0,1.0,0.0,0.0,0.0,0.0,0.0
B41b440c096cf,Sc17507c06476,front,7.0,focus,1.0,0.0,1.0,0.0,0.0,1.0,0.0,0.0,0.0,0.0,1.0,0.0,0.0,0.0,0.0,0.0
B41b440c096cf,Sc17507c06476,front,8.0,focus,1.0,0.0,1.0,0.0,0.0,1.0,0.0,0.0,0.0,0.0,1.0,0.0,0.0,0.0,0.0,0.0
B41b440c096cf,Sc17507c06476,front,9.0,focus,1.0,0.0,1.0,0.0,0.0,1.0,0.0,0.0,0.0,0.0,1.0,0.0,0.0,0.0,0.0,0.0
B41b440c096cf,Sc17507c06476,overhead,0.0,focus,0.0,1.0,0.0,0.0,0.0,0.0,0.0,0.0,0.0,0.0,1.0,0.0,0.0,0.0,0.0,1.0
B41b440c096cf,Sc17507c06476,overhead,1.0,focus,0.0,1.0,1.0,0.0,0.0,0.0,0.0,0.0,0.0,0.0,1.0,0.0,0.0,0.0,0.0,0.0
B41b440c096cf,Sc17507c06476,overhead,2.0,focus,0.0,1.0,0.0,0.0,0.0,1.0,0.0,0.0,0.0,0.0,1.0,0.0,0.0,0.0,0.0,0.0
B41b440c096cf,Sc17507c06476,overhead,3.0,focus,0.0,1.0,0.0,0.0,0.0,1.0,0.0,0.0,0.0,0.0,1.0,0.0,0.0,0.0,0.0,0.0
B41b440c096cf,Sc17507c06476,overhead,4.0,focus,0.0,1.0,0.0,0.0,0.0,1.0,0.0,0.0,0.0,0.0,1.0,0.0,0.0,0.0,0.0,0.0
B41b440c096cf,Sc17507c06476,overhead,5.0,focus,0.0,1.0,0.0,0.0,0.0,1.0,0.0,0.0,0.0,0.0,1.0,0.0,0.0,0.0,0.0,0.0
B41b440c096cf,Sc17507c06476,overhead,6.0,focus,0.0,1.0,0.0,0.0,0.0,1.0,0.0,0.0,0.0,0.0,1.0,0.0,0.0,0.0,0.0,0.0
B41b440c096cf,Sc17507c06476,overhead,7.0,focus,0.0,1.0,0.0,0.0,0.0,1.0,0.0,0.0,0.0,0.0,1.0,0.0,0.0,0.0,0.0,0.0
B41b440c096cf,Sc17507c06476,overhead,8.0,focus,0.0,1.0,0.0,0.0,0.0,1.0,0.0,0.0,0.0,0.0,1.0,0.0,0.0,0.0,0.0,0.0
B41b440c096cf,Sc17507c06476,overhead,9.0,focus,0.0,1.0,0.0,0.0,0.0,0.0,0.0,0.0,0.0,0.0,0.0,0.0,0.0,0.0,0.0,0.0
B41fa5f3a49a1,S38533928bb7e,front,1530.0,gaze_side,1.0,0.0,1.0,1.0,0.0,0.0,0.0,0.0,0.0,0.0,1.0,0.0,0.0,0.0,0.0,0.0
B41fa5f3a49a1,S38533928bb7e,front,1531.0,gaze_side,1.0,0.0,1.0,1.0,0.0,0.0,0.0,0.0,0.0,0.0,1.0,0.0,0.0,0.0,0.0,0.0
B41fa5f3a49a1,S38533928bb7e,front,1532.0,gaze_side,1.0,0.0,1.0,1.0,0.0,0.0,0.0,0.0,0.0,0.0,1.0,0.0,0.0,0.0,0.0,0.0
B41fa5f3a49a1,S38533928bb7e,front,1533.0,gaze_side,1.0,0.0,1.0,0.0,0.0,1.0,0.0,0.0,0.0,0.0,1.0,0.0,0.0,0.0,0.0,0.0
B41fa5f3a49a1,S38533928bb7e,front,1534.0,gaze_side,1.0,0.0,1.0,0.0,1.0,1.0,0.0,0.0,0.0,0.0,1.0,0.0,0.0,0.0,0.0,0.0
B41fa5f3a49a1,S38533928bb7e,overhead,1530.0,gaze_side,0.0,1.0,0.0,0.0,0.0,0.0,0.0,0.0,0.0,0.0,0.0,0.0,0.0,0.0,0.0,0.0
B41fa5f3a49a1,S38533928bb7e,overhead,1531.0,gaze_side,0.0,1.0,0.0,0.0,0.0,0.0,0.0,0.0,0.0,0.0,0.0,0.0,0.0,0.0,0.0,0.0
B41fa5f3a49a1,S38533928bb7e,overhead,1532.0,gaze_side,0.0,1.0,0.0,0.0,0.0,0.0,0.0,0.0,0.0,0.0,0.0,0.0,0.0,0.0,0.0,0.0
B41fa5f3a49a1,S38533928bb7e,overhead,1533.0,gaze_side,0.0,1.0,0.0,0.0,0.0,0.0,0.0,0.0,0.0,0.0,0.0,0.0,0.0,0.0,0.0,0.0
B41fa5f3a49a1,S38533928bb7e,overhead,1534.0,gaze_side,0.0,1.0,0.0,0.0,0.0,0.0,0.0,0.0,0.0,0.0,0.0,0.0,0.0,0.0,0.0,0.0
B43280046c1ad,S8bb31e565816,front,0.0,focus,1.0,0.0,1.0,0.0,0.0,0.0,1.0,0.0,0.0,1.0,0.0,0.0,0.0,0.0,0.0,0.0
B43280046c1ad,S8bb31e565816,front,1.0,focus,1.0,0.0,1.0,0.0,0.0,0.0,1.0,0.0,0.0,1.0,0.0,0.0,0.0,0.0,0.0,0.0
B43280046c1ad,S8bb31e565816,front,2.0,focus,1.0,0.0,1.0,0.0,0.0,0.0,0.0,0.0,0.0,0.0,0.0,0.0,0.0,0.0,0.0,0.0
B43280046c1ad,S8bb31e565816,front,3.0,focus,1.0,0.0,1.0,0.0,0.0,0.0,0.0,0.0,0.0,0.0,0.0,0.0,0.0,0.0,0.0,0.0
B43280046c1ad,S8bb31e565816,front,4.0,focus,1.0,0.0,1.0,0.0,0.0,0.0,0.0,0.0,0.0,0.0,0.0,0.0,0.0,0.0,0.0,0.0
B43280046c1ad,S8bb31e565816,front,5.0,focus,1.0,0.0,1.0,0.0,0.0,0.0,0.0,0.0,0.0,0.0,0.0,0.0,0.0,0.0,0.0,0.0
B43280046c1ad,S8bb31e565816,front,6.0,focus,1.0,0.0,1.0,0.0,0.0,0.0,0.0,0.0,0.0,0.0,0.0,0.0,0.0,0.0,0.0,0.0
B43280046c1ad,S8bb31e565816,front,7.0,focus,1.0,0.0,1.0,0.0,0.0,0.0,1.0,0.0,0.0,1.0,0.0,0.0,0.0,0.0,0.0,0.0
B43280046c1ad,S8bb31e565816,front,8.0,focus,1.0,0.0,1.0,0.0,0.0,0.0,1.0,0.0,0.0,1.0,0.0,0.0,0.0,0.0,0.0,0.0
B43280046c1ad,S8bb31e565816,front,9.0,focus,1.0,0.0,1.0,0.0,0.0,0.0,0.0,0.0,0.0,0.0,0.0,0.0,0.0,0.0,0.0,0.0
B43280046c1ad,S8bb31e565816,overhead,0.0,focus,0.0,1.0,0.0,0.0,0.0,0.0,0.0,0.0,0.0,0.0,0.0,0.0,0.0,0.0,0.0,0.0
B43280046c1ad,S8bb31e565816,overhead,1.0,focus,0.0,1.0,0.0,0.0,0.0,0.0,0.0,0.0,0.0,0.0,0.0,0.0,0.0,0.0,0.0,0.0
B43280046c1ad,S8bb31e565816,overhead,2.0,focus,0.0,1.0,0.0,0.0,0.0,0.0,0.0,0.0,0.0,0.0,0.0,0.0,0.0,0.0,0.0,0.0
B43280046c1ad,S8bb31e565816,overhead,3.0,focus,0.0,1.0,0.0,0.0,0.0,0.0,0.0,0.0,0.0,0.0,0.0,0.0,0.0,0.0,0.0,0.0
B43280046c1ad,S8bb31e565816,overhead,4.0,focus,0.0,1.0,0.0,0.0,0.0,0.0,0.0,0.0,0.0,0.0,0.0,0.0,0.0,0.0,0.0,0.0
B43280046c1ad,S8bb31e565816,overhead,5.0,focus,0.0,1.0,0.0,0.0,0.0,0.0,0.0,0.0,0.0,0.0,0.0,0.0,0.0,0.0,0.0,0.0
B43280046c1ad,S8bb31e565816,overhead,6.0,focus,0.0,1.0,0.0,0.0,0.0,0.0,0.0,0.0,0.0,0.0,0.0,0.0,0.0,0.0,0.0,0.0
B43280046c1ad,S8bb31e565816,overhead,7.0,focus,0.0,1.0,0.0,0.0,0.0,0.0,0.0,0.0,0.0,0.0,0.0,0.0,0.0,0.0,0.0,0.0
B43280046c1ad,S8bb31e565816,overhead,8.0,focus,0.0,1.0,0.0,0.0,0.0,0.0,0.0,0.0,0.0,0.0,0.0,0.0,0.0,0.0,0.0,0.0
B43280046c1ad,S8bb31e565816,overhead,9.0,focus,0.0,1.0,0.0,0.0,0.0,0.0,0.0,0.0,0.0,0.0,0.0,0.0,0.0,0.0,0.0,0.0
B435ccccb877f,S38533928bb7e,front,1874.0,gaze_down,1.0,0.0,1.0,0.0,0.0,0.0,0.0,0.0,0.0,0.0,0.0,0.0,0.0,0.0,0.0,0.0
B435ccccb877f,S38533928bb7e,front,1875.0,gaze_down,1.0,0.0,0.0,0.0,0.0,0.0,0.0,0.0,0.0,0.0,1.0,0.0,0.0,0.0,0.0,1.0
B435ccccb877f,S38533928bb7e,front,1876.0,gaze_down,1.0,0.0,0.0,0.0,0.0,1.0,0.0,0.0,0.0,0.0,1.0,0.0,0.0,0.0,0.0,0.0
B435ccccb877f,S38533928bb7e,front,1877.0,gaze_down,1.0,0.0,1.0,0.0,0.0,1.0,0.0,0.0,0.0,0.0,1.0,0.0,0.0,0.0,0.0,0.0
B435ccccb877f,S38533928bb7e,front,1878.0,gaze_down,1.0,0.0,0.0,0.0,0.0,0.0,0.0,0.0,0.0,0.0,0.0,0.0,0.0,0.0,0.0,1.0
B435ccccb877f,S38533928bb7e,front,1879.0,gaze_down,1.0,0.0,1.0,0.0,0.0,0.0,0.0,0.0,0.0,0.0,1.0,0.0,0.0,0.0,0.0,0.0
B435ccccb877f,S38533928bb7e,overhead,1874.0,gaze_down,0.0,1.0,0.0,0.0,0.0,1.0,0.0,0.0,0.0,0.0,1.0,0.0,0.0,0.0,0.0,0.0
B435ccccb877f,S38533928bb7e,overhead,1875.0,gaze_down,0.0,1.0,0.0,0.0,0.0,1.0,0.0,0.0,0.0,0.0,1.0,0.0,0.0,0.0,0.0,0.0
B435ccccb877f,S38533928bb7e,overhead,1876.0,gaze_down,0.0,1.0,0.0,0.0,0.0,1.0,0.0,0.0,0.0,0.0,1.0,0.0,0.0,0.0,0.0,0.0
B435ccccb877f,S38533928bb7e,overhead,1877.0,gaze_down,0.0,1.0,0.0,0.0,0.0,1.0,0.0,0.0,0.0,0.0,1.0,0.0,0.0,0.0,0.0,0.0
B435ccccb877f,S38533928bb7e,overhead,1878.0,gaze_down,0.0,1.0,0.0,0.0,0.0,1.0,0.0,0.0,0.0,0.0,1.0,0.0,0.0,0.0,0.0,0.0
B435ccccb877f,S38533928bb7e,overhead,1879.0,gaze_down,0.0,1.0,0.0,0.0,0.0,1.0,0.0,0.0,0.0,0.0,1.0,0.0,0.0,0.0,0.0,0.0
B44098786e7e3,Sd507e72fb21a,front,0.0,unknown,1.0,0.0,0.0,0.0,0.0,0.0,0.0,0.0,0.0,0.0,0.0,0.0,0.0,0.0,0.0,0.0
B44098786e7e3,Sd507e72fb21a,front,1.0,unknown,1.0,0.0,0.0,0.0,0.0,0.0,0.0,0.0,0.0,0.0,0.0,0.0,0.0,0.0,0.0,0.0
B44098786e7e3,Sd507e72fb21a,front,2.0,unknown,1.0,0.0,0.0,0.0,0.0,0.0,0.0,0.0,0.0,0.0,0.0,0.0,0.0,0.0,0.0,0.0
B44098786e7e3,Sd507e72fb21a,front,3.0,unknown,1.0,0.0,0.0,0.0,0.0,0.0,0.0,0.0,0.0,0.0,0.0,0.0,0.0,0.0,0.0,0.0
B44098786e7e3,Sd507e72fb21a,front,4.0,unknown,1.0,0.0,0.0,0.0,0.0,0.0,0.0,0.0,0.0,0.0,0.0,0.0,0.0,0.0,0.0,0.0
B44098786e7e3,Sd507e72fb21a,front,5.0,unknown,1.0,0.0,0.0,0.0,0.0,0.0,0.0,0.0,0.0,0.0,0.0,0.0,0.0,0.0,0.0,0.0
B44098786e7e3,Sd507e72fb21a,front,6.0,unknown,1.0,0.0,0.0,0.0,0.0,0.0,0.0,0.0,0.0,0.0,0.0,0.0,0.0,0.0,0.0,0.0
B44098786e7e3,Sd507e72fb21a,front,7.0,unknown,1.0,0.0,0.0,0.0,0.0,0.0,0.0,0.0,0.0,0.0,0.0,0.0,0.0,0.0,0.0,0.0
B44098786e7e3,Sd507e72fb21a,front,8.0,unknown,1.0,0.0,0.0,0.0,0.0,0.0,0.0,0.0,0.0,0.0,0.0,0.0,0.0,0.0,0.0,0.0
B44098786e7e3,Sd507e72fb21a,front,9.0,unknown,1.0,0.0,0.0,0.0,0.0,0.0,0.0,0.0,0.0,0.0,0.0,0.0,0.0,0.0,0.0,0.0
B44098786e7e3,Sd507e72fb21a,overhead,0.0,unknown,0.0,1.0,0.0,0.0,0.0,0.0,0.0,0.0,0.0,0.0,0.0,0.0,0.0,0.0,0.0,0.0
B44098786e7e3,Sd507e72fb21a,overhead,1.0,unknown,0.0,1.0,0.0,0.0,0.0,0.0,0.0,0.0,0.0,0.0,0.0,0.0,0.0,0.0,0.0,0.0
B44098786e7e3,Sd507e72fb21a,overhead,2.0,unknown,0.0,1.0,0.0,0.0,0.0,0.0,0.0,0.0,0.0,0.0,0.0,0.0,0.0,0.0,0.0,0.0
B44098786e7e3,Sd507e72fb21a,overhead,3.0,unknown,0.0,1.0,0.0,0.0,0.0,0.0,0.0,0.0,0.0,0.0,0.0,0.0,0.0,0.0,0.0,0.0
B44098786e7e3,Sd507e72fb21a,overhead,4.0,unknown,0.0,1.0,0.0,0.0,0.0,0.0,0.0,0.0,0.0,0.0,0.0,0.0,0.0,0.0,0.0,0.0
B44098786e7e3,Sd507e72fb21a,overhead,5.0,unknown,0.0,1.0,0.0,0.0,0.0,0.0,0.0,0.0,0.0,0.0,0.0,0.0,0.0,0.0,0.0,0.0
B44098786e7e3,Sd507e72fb21a,overhead,6.0,unknown,0.0,1.0,0.0,0.0,0.0,0.0,0.0,0.0,0.0,0.0,0.0,0.0,0.0,0.0,0.0,0.0
B44098786e7e3,Sd507e72fb21a,overhead,7.0,unknown,0.0,1.0,0.0,0.0,0.0,0.0,0.0,0.0,0.0,0.0,0.0,0.0,0.0,0.0,0.0,0.0
B44098786e7e3,Sd507e72fb21a,overhead,8.0,unknown,0.0,1.0,0.0,0.0,0.0,0.0,0.0,0.0,0.0,0.0,0.0,0.0,0.0,0.0,0.0,0.0
B44098786e7e3,Sd507e72fb21a,overhead,9.0,unknown,0.0,1.0,0.0,0.0,0.0,0.0,0.0,0.0,0.0,0.0,0.0,0.0,0.0,0.0,0.0,0.0
B455b9ed4d66e,S38533928bb7e,front,1503.0,gaze_side,1.0,0.0,1.0,1.0,0.0,0.0,0.0,0.0,0.0,0.0,1.0,0.0,0.0,0.0,0.0,0.0
B455b9ed4d66e,S38533928bb7e,front,1504.0,gaze_side,1.0,0.0,1.0,1.0,0.0,0.0,0.0,0.0,0.0,0.0,1.0,0.0,0.0,0.0,0.0,0.0
B455b9ed4d66e,S38533928bb7e,front,1505.0,gaze_side,1.0,0.0,1.0,1.0,0.0,0.0,0.0,0.0,0.0,0.0,1.0,0.0,0.0,0.0,0.0,0.0
B455b9ed4d66e,S38533928bb7e,front,1506.0,gaze_side,1.0,0.0,1.0,1.0,0.0,0.0,0.0,0.0,0.0,0.0,1.0,0.0,0.0,0.0,0.0,0.0
B455b9ed4d66e,S38533928bb7e,front,1507.0,gaze_side,1.0,0.0,1.0,1.0,0.0,0.0,0.0,0.0,0.0,0.0,1.0,0.0,0.0,0.0,0.0,0.0
B455b9ed4d66e,S38533928bb7e,front,1508.0,gaze_side,1.0,0.0,1.0,1.0,0.0,0.0,0.0,0.0,0.0,0.0,1.0,0.0,0.0,0.0,0.0,0.0
B455b9ed4d66e,S38533928bb7e,front,1509.0,gaze_side,1.0,0.0,1.0,1.0,0.0,0.0,0.0,0.0,0.0,0.0,1.0,0.0,0.0,0.0,0.0,0.0
B455b9ed4d66e,S38533928bb7e,front,1510.0,gaze_side,1.0,0.0,1.0,1.0,0.0,0.0,0.0,0.0,0.0,0.0,1.0,0.0,0.0,0.0,0.0,0.0
B455b9ed4d66e,S38533928bb7e,front,1511.0,gaze_side,1.0,0.0,1.0,1.0,0.0,0.0,0.0,0.0,0.0,0.0,1.0,0.0,0.0,0.0,0.0,0.0
B455b9ed4d66e,S38533928bb7e,front,1512.0,gaze_side,1.0,0.0,1.0,1.0,0.0,0.0,0.0,0.0,0.0,0.0,1.0,0.0,0.0,0.0,0.0,0.0
B455b9ed4d66e,S38533928bb7e,overhead,1503.0,gaze_side,0.0,1.0,0.0,0.0,0.0,0.0,0.0,0.0,0.0,0.0,0.0,0.0,0.0,0.0,0.0,0.0
B455b9ed4d66e,S38533928bb7e,overhead,1504.0,gaze_side,0.0,1.0,0.0,0.0,0.0,0.0,0.0,0.0,0.0,0.0,0.0,0.0,0.0,0.0,0.0,0.0
B455b9ed4d66e,S38533928bb7e,overhead,1505.0,gaze_side,0.0,1.0,0.0,0.0,0.0,0.0,0.0,0.0,0.0,0.0,0.0,0.0,0.0,0.0,0.0,0.0
B455b9ed4d66e,S38533928bb7e,overhead,1506.0,gaze_side,0.0,1.0,0.0,0.0,0.0,0.0,0.0,0.0,0.0,0.0,0.0,0.0,0.0,0.0,0.0,0.0
B455b9ed4d66e,S38533928bb7e,overhead,1507.0,gaze_side,0.0,1.0,0.0,0.0,0.0,0.0,0.0,0.0,0.0,0.0,0.0,0.0,0.0,0.0,0.0,0.0
B455b9ed4d66e,S38533928bb7e,overhead,1508.0,gaze_side,0.0,1.0,0.0,0.0,0.0,0.0,0.0,0.0,0.0,0.0,0.0,0.0,0.0,0.0,0.0,0.0
B455b9ed4d66e,S38533928bb7e,overhead,1509.0,gaze_side,0.0,1.0,0.0,0.0,0.0,0.0,0.0,0.0,0.0,0.0,0.0,0.0,0.0,0.0,0.0,0.0
B455b9ed4d66e,S38533928bb7e,overhead,1510.0,gaze_side,0.0,1.0,0.0,0.0,0.0,0.0,0.0,0.0,0.0,0.0,0.0,0.0,0.0,0.0,0.0,0.0
B455b9ed4d66e,S38533928bb7e,overhead,1511.0,gaze_side,0.0,1.0,0.0,0.0,0.0,0.0,0.0,0.0,0.0,0.0,0.0,0.0,0.0,0.0,0.0,0.0
B455b9ed4d66e,S38533928bb7e,overhead,1512.0,gaze_side,0.0,1.0,0.0,0.0,0.0,0.0,0.0,0.0,0.0,0.0,0.0,0.0,0.0,0.0,0.0,0.0
B47e8d694b57e,S38533928bb7e,front,1148.0,gaze_side,1.0,0.0,1.0,1.0,0.0,1.0,0.0,0.0,0.0,0.0,1.0,0.0,0.0,0.0,0.0,0.0
B47e8d694b57e,S38533928bb7e,front,1149.0,gaze_side,1.0,0.0,1.0,1.0,0.0,1.0,0.0,0.0,0.0,0.0,1.0,0.0,0.0,0.0,0.0,0.0
B47e8d694b57e,S38533928bb7e,front,1150.0,gaze_side,1.0,0.0,1.0,1.0,0.0,0.0,0.0,0.0,0.0,0.0,1.0,0.0,0.0,0.0,0.0,0.0
B47e8d694b57e,S38533928bb7e,front,1151.0,gaze_side,1.0,0.0,1.0,1.0,0.0,1.0,0.0,0.0,0.0,0.0,1.0,0.0,0.0,0.0,0.0,0.0
B47e8d694b57e,S38533928bb7e,front,1152.0,gaze_side,1.0,0.0,1.0,1.0,0.0,1.0,0.0,0.0,0.0,0.0,1.0,0.0,0.0,0.0,0.0,0.0
B47e8d694b57e,S38533928bb7e,front,1153.0,gaze_side,1.0,0.0,1.0,1.0,0.0,1.0,0.0,0.0,0.0,0.0,1.0,0.0,0.0,0.0,0.0,0.0
B47e8d694b57e,S38533928bb7e,front,1154.0,gaze_side,1.0,0.0,1.0,1.0,0.0,1.0,0.0,0.0,0.0,0.0,1.0,0.0,0.0,0.0,0.0,0.0
B47e8d694b57e,S38533928bb7e,front,1155.0,gaze_side,1.0,0.0,1.0,1.0,0.0,1.0,0.0,0.0,0.0,0.0,1.0,0.0,0.0,0.0,0.0,0.0
B47e8d694b57e,S38533928bb7e,front,1156.0,gaze_side,1.0,0.0,1.0,1.0,0.0,0.0,0.0,0.0,0.0,0.0,1.0,0.0,0.0,0.0,0.0,0.0
B47e8d694b57e,S38533928bb7e,front,1157.0,gaze_side,1.0,0.0,1.0,1.0,0.0,0.0,0.0,0.0,0.0,0.0,1.0,0.0,0.0,0.0,0.0,0.0
B47e8d694b57e,S38533928bb7e,overhead,1148.0,gaze_side,0.0,1.0,0.0,0.0,0.0,0.0,0.0,0.0,0.0,0.0,0.0,0.0,0.0,0.0,0.0,0.0
B47e8d694b57e,S38533928bb7e,overhead,1149.0,gaze_side,0.0,1.0,0.0,0.0,0.0,0.0,0.0,0.0,0.0,0.0,0.0,0.0,0.0,0.0,0.0,0.0
B47e8d694b57e,S38533928bb7e,overhead,1150.0,gaze_side,0.0,1.0,0.0,0.0,0.0,0.0,0.0,0.0,0.0,0.0,0.0,0.0,0.0,0.0,0.0,0.0
B47e8d694b57e,S38533928bb7e,overhead,1151.0,gaze_side,0.0,1.0,0.0,0.0,0.0,0.0,0.0,0.0,0.0,0.0,0.0,0.0,0.0,0.0,0.0,0.0
B47e8d694b57e,S38533928bb7e,overhead,1152.0,gaze_side,0.0,1.0,0.0,0.0,0.0,0.0,0.0,0.0,0.0,0.0,0.0,0.0,0.0,0.0,0.0,0.0
B47e8d694b57e,S38533928bb7e,overhead,1153.0,gaze_side,0.0,1.0,0.0,0.0,0.0,0.0,0.0,0.0,0.0,0.0,0.0,0.0,0.0,0.0,0.0,0.0
B47e8d694b57e,S38533928bb7e,overhead,1154.0,gaze_side,0.0,1.0,0.0,0.0,0.0,0.0,0.0,0.0,0.0,0.0,0.0,0.0,0.0,0.0,0.0,0.0
B47e8d694b57e,S38533928bb7e,overhead,1155.0,gaze_side,0.0,1.0,0.0,0.0,0.0,0.0,0.0,0.0,0.0,0.0,0.0,0.0,0.0,0.0,0.0,0.0
B47e8d694b57e,S38533928bb7e,overhead,1156.0,gaze_side,0.0,1.0,0.0,0.0,0.0,0.0,0.0,0.0,0.0,0.0,0.0,0.0,0.0,0.0,0.0,0.0
B47e8d694b57e,S38533928bb7e,overhead,1157.0,gaze_side,0.0,1.0,0.0,0.0,0.0,0.0,0.0,0.0,0.0,0.0,0.0,0.0,0.0,0.0,0.0,0.0
B4a1ead4ed460,Sb97749af3711,front,0.0,unknown,1.0,0.0,0.0,0.0,0.0,0.0,0.0,0.0,0.0,0.0,0.0,0.0,0.0,0.0,0.0,0.0
B4a1ead4ed460,Sb97749af3711,front,1.0,unknown,1.0,0.0,0.0,0.0,0.0,0.0,0.0,0.0,0.0,0.0,0.0,0.0,0.0,0.0,0.0,0.0
B4a1ead4ed460,Sb97749af3711,front,2.0,unknown,1.0,0.0,0.0,0.0,0.0,0.0,0.0,0.0,0.0,0.0,0.0,0.0,0.0,0.0,0.0,0.0
B4a1ead4ed460,Sb97749af3711,front,3.0,unknown,1.0,0.0,0.0,0.0,0.0,0.0,0.0,0.0,0.0,0.0,0.0,0.0,0.0,0.0,0.0,0.0
B4a1ead4ed460,Sb97749af3711,front,4.0,unknown,1.0,0.0,0.0,0.0,0.0,0.0,0.0,0.0,0.0,0.0,0.0,0.0,0.0,0.0,0.0,0.0
B4a1ead4ed460,Sb97749af3711,front,5.0,unknown,1.0,0.0,0.0,0.0,0.0,0.0,0.0,0.0,0.0,0.0,0.0,0.0,0.0,0.0,0.0,0.0
B4a1ead4ed460,Sb97749af3711,front,6.0,unknown,1.0,0.0,0.0,0.0,0.0,0.0,0.0,0.0,0.0,0.0,0.0,0.0,0.0,0.0,0.0,0.0
B4a1ead4ed460,Sb97749af3711,front,7.0,unknown,1.0,0.0,0.0,0.0,0.0,0.0,0.0,0.0,0.0,0.0,0.0,0.0,0.0,0.0,0.0,0.0
B4a1ead4ed460,Sb97749af3711,front,8.0,unknown,1.0,0.0,0.0,0.0,0.0,0.0,0.0,0.0,0.0,0.0,0.0,0.0,0.0,0.0,0.0,0.0
B4a1ead4ed460,Sb97749af3711,front,9.0,unknown,1.0,0.0,0.0,0.0,0.0,0.0,0.0,0.0,0.0,0.0,0.0,0.0,0.0,0.0,0.0,0.0
B4a1ead4ed460,Sb97749af3711,overhead,0.0,unknown,0.0,1.0,0.0,0.0,0.0,0.0,0.0,0.0,0.0,0.0,0.0,0.0,0.0,0.0,0.0,0.0
B4a1ead4ed460,Sb97749af3711,overhead,1.0,unknown,0.0,1.0,0.0,0.0,0.0,0.0,0.0,0.0,0.0,0.0,0.0,0.0,0.0,0.0,0.0,0.0
B4a1ead4ed460,Sb97749af3711,overhead,2.0,unknown,0.0,1.0,0.0,0.0,0.0,0.0,0.0,0.0,0.0,0.0,0.0,0.0,0.0,0.0,0.0,0.0
B4a1ead4ed460,Sb97749af3711,overhead,3.0,unknown,0.0,1.0,0.0,0.0,0.0,0.0,0.0,0.0,0.0,0.0,0.0,0.0,0.0,0.0,0.0,0.0
B4a1ead4ed460,Sb97749af3711,overhead,4.0,unknown,0.0,1.0,0.0,0.0,0.0,0.0,0.0,0.0,0.0,0.0,0.0,0.0,0.0,0.0,0.0,0.0
B4a1ead4ed460,Sb97749af3711,overhead,5.0,unknown,0.0,1.0,0.0,0.0,0.0,0.0,0.0,0.0,0.0,0.0,0.0,0.0,0.0,0.0,0.0,0.0
B4a1ead4ed460,Sb97749af3711,overhead,6.0,unknown,0.0,1.0,0.0,0.0,0.0,0.0,0.0,0.0,0.0,0.0,0.0,0.0,0.0,0.0,0.0,0.0
B4a1ead4ed460,Sb97749af3711,overhead,7.0,unknown,0.0,1.0,0.0,0.0,0.0,0.0,0.0,0.0,0.0,0.0,0.0,0.0,0.0,0.0,0.0,0.0
B4a1ead4ed460,Sb97749af3711,overhead,8.0,unknown,0.0,1.0,0.0,0.0,0.0,0.0,0.0,0.0,0.0,0.0,0.0,0.0,0.0,0.0,0.0,0.0
B4a1ead4ed460,Sb97749af3711,overhead,9.0,unknown,0.0,1.0,0.0,0.0,0.0,0.0,0.0,0.0,0.0,0.0,0.0,0.0,0.0,0.0,0.0,0.0
B4a8159212cbd,S38533928bb7e,front,4241.0,gaze_down,1.0,0.0,1.0,1.0,0.0,1.0,0.0,0.0,0.0,0.0,1.0,0.0,0.0,0.0,0.0,0.0
B4a8159212cbd,S38533928bb7e,front,4242.0,gaze_down,1.0,0.0,1.0,1.0,0.0,1.0,0.0,0.0,0.0,0.0,1.0,0.0,0.0,0.0,0.0,0.0
B4a8159212cbd,S38533928bb7e,front,4243.0,gaze_down,1.0,0.0,1.0,1.0,0.0,1.0,0.0,0.0,0.0,0.0,1.0,0.0,0.0,0.0,0.0,0.0
B4a8159212cbd,S38533928bb7e,front,4244.0,gaze_down,1.0,0.0,1.0,0.0,0.0,1.0,0.0,0.0,0.0,0.0,1.0,0.0,0.0,0.0,0.0,0.0
B4a8159212cbd,S38533928bb7e,front,4245.0,gaze_down,1.0,0.0,1.0,0.0,0.0,1.0,0.0,0.0,0.0,0.0,1.0,0.0,0.0,0.0,0.0,0.0
B4a8159212cbd,S38533928bb7e,overhead,4241.0,gaze_down,0.0,1.0,0.0,0.0,0.0,1.0,0.0,0.0,0.0,0.0,1.0,0.0,0.0,0.0,0.0,0.0
B4a8159212cbd,S38533928bb7e,overhead,4242.0,gaze_down,0.0,1.0,0.0,0.0,0.0,1.0,0.0,0.0,0.0,0.0,1.0,0.0,0.0,0.0,0.0,0.0
B4a8159212cbd,S38533928bb7e,overhead,4243.0,gaze_down,0.0,1.0,0.0,0.0,0.0,1.0,0.0,0.0,0.0,0.0,1.0,0.0,0.0,0.0,0.0,0.0
B4a8159212cbd,S38533928bb7e,overhead,4244.0,gaze_down,0.0,1.0,0.0,0.0,0.0,1.0,0.0,0.0,0.0,0.0,1.0,0.0,0.0,0.0,0.0,0.0
B4a8159212cbd,S38533928bb7e,overhead,4245.0,gaze_down,0.0,1.0,0.0,0.0,0.0,1.0,0.0,0.0,0.0,0.0,1.0,0.0,0.0,0.0,0.0,0.0
B4c702d73a69a,S08ea3e793bb0,front,0.0,focus,1.0,0.0,1.0,0.0,0.0,0.0,0.0,0.0,0.0,0.0,0.0,0.0,0.0,0.0,0.0,0.0
B4c702d73a69a,S08ea3e793bb0,front,1.0,focus,1.0,0.0,1.0,0.0,0.0,0.0,0.0,0.0,0.0,0.0,0.0,0.0,0.0,0.0,0.0,0.0
B4c702d73a69a,S08ea3e793bb0,front,2.0,focus,1.0,0.0,1.0,0.0,0.0,0.0,0.0,0.0,0.0,0.0,1.0,0.0,0.0,0.0,0.0,0.0
B4c702d73a69a,S08ea3e793bb0,front,3.0,focus,1.0,0.0,1.0,0.0,0.0,0.0,0.0,0.0,0.0,0.0,0.0,0.0,0.0,0.0,0.0,0.0
B4c702d73a69a,S08ea3e793bb0,front,4.0,focus,1.0,0.0,1.0,0.0,0.0,0.0,0.0,0.0,0.0,0.0,0.0,0.0,0.0,0.0,0.0,0.0
B4c702d73a69a,S08ea3e793bb0,front,5.0,focus,1.0,0.0,1.0,0.0,0.0,0.0,0.0,0.0,0.0,0.0,1.0,0.0,0.0,0.0,0.0,0.0
B4c702d73a69a,S08ea3e793bb0,front,6.0,focus,1.0,0.0,1.0,0.0,0.0,0.0,0.0,0.0,0.0,0.0,0.0,0.0,0.0,0.0,0.0,0.0
B4c702d73a69a,S08ea3e793bb0,front,7.0,focus,1.0,0.0,1.0,0.0,0.0,0.0,0.0,0.0,0.0,0.0,0.0,0.0,0.0,0.0,0.0,0.0
B4c702d73a69a,S08ea3e793bb0,front,8.0,focus,1.0,0.0,1.0,0.0,0.0,0.0,0.0,0.0,0.0,0.0,0.0,0.0,0.0,0.0,0.0,0.0
B4c702d73a69a,S08ea3e793bb0,front,9.0,focus,1.0,0.0,1.0,0.0,0.0,0.0,0.0,0.0,0.0,0.0,1.0,0.0,0.0,0.0,0.0,0.0
B4c702d73a69a,S08ea3e793bb0,overhead,0.0,focus,0.0,1.0,0.0,0.0,0.0,0.0,0.0,0.0,0.0,0.0,0.0,0.0,0.0,0.0,0.0,0.0
B4c702d73a69a,S08ea3e793bb0,overhead,1.0,focus,0.0,1.0,0.0,0.0,0.0,0.0,0.0,0.0,0.0,0.0,0.0,0.0,0.0,0.0,0.0,0.0
B4c702d73a69a,S08ea3e793bb0,overhead,2.0,focus,0.0,1.0,0.0,0.0,0.0,0.0,0.0,0.0,0.0,0.0,0.0,0.0,0.0,0.0,0.0,0.0
B4c702d73a69a,S08ea3e793bb0,overhead,3.0,focus,0.0,1.0,0.0,0.0,0.0,0.0,0.0,0.0,0.0,0.0,0.0,0.0,0.0,0.0,0.0,0.0
B4c702d73a69a,S08ea3e793bb0,overhead,4.0,focus,0.0,1.0,0.0,0.0,0.0,0.0,0.0,0.0,0.0,0.0,0.0,0.0,0.0,0.0,0.0,0.0
B4c702d73a69a,S08ea3e793bb0,overhead,5.0,focus,0.0,1.0,0.0,0.0,0.0,0.0,0.0,0.0,0.0,0.0,0.0,0.0,0.0,0.0,0.0,0.0
B4c702d73a69a,S08ea3e793bb0,overhead,6.0,focus,0.0,1.0,0.0,0.0,0.0,0.0,0.0,0.0,0.0,0.0,0.0,0.0,0.0,0.0,0.0,0.0
B4c702d73a69a,S08ea3e793bb0,overhead,7.0,focus,0.0,1.0,0.0,0.0,0.0,0.0,0.0,0.0,0.0,0.0,0.0,0.0,0.0,0.0,0.0,0.0
B4c702d73a69a,S08ea3e793bb0,overhead,8.0,focus,0.0,1.0,0.0,0.0,0.0,0.0,0.0,0.0,0.0,0.0,0.0,0.0,0.0,0.0,0.0,0.0
B4c702d73a69a,S08ea3e793bb0,overhead,9.0,focus,0.0,1.0,0.0,0.0,0.0,0.0,0.0,0.0,0.0,0.0,0.0,0.0,0.0,0.0,0.0,0.0
B4c8d162cb6f4,S8bb31e565816,front,0.0,gaze_side,1.0,0.0,1.0,0.0,0.0,1.0,0.0,0.0,0.0,0.0,1.0,0.0,0.0,0.0,0.0,0.0
B4c8d162cb6f4,S8bb31e565816,front,1.0,gaze_side,1.0,0.0,1.0,1.0,0.0,1.0,0.0,0.0,0.0,0.0,1.0,0.0,0.0,0.0,0.0,0.0
B4c8d162cb6f4,S8bb31e565816,front,2.0,gaze_side,1.0,0.0,1.0,1.0,0.0,1.0,0.0,0.0,0.0,0.0,1.0,0.0,0.0,0.0,0.0,0.0
B4c8d162cb6f4,S8bb31e565816,front,3.0,gaze_side,1.0,0.0,1.0,0.0,0.0,1.0,0.0,0.0,0.0,0.0,1.0,0.0,0.0,0.0,0.0,0.0
B4c8d162cb6f4,S8bb31e565816,front,4.0,gaze_side,1.0,0.0,1.0,1.0,0.0,1.0,0.0,0.0,0.0,0.0,1.0,0.0,0.0,0.0,0.0,0.0
B4c8d162cb6f4,S8bb31e565816,front,5.0,gaze_side,1.0,0.0,1.0,1.0,0.0,1.0,0.0,0.0,0.0,0.0,1.0,0.0,0.0,0.0,0.0,0.0
B4c8d162cb6f4,S8bb31e565816,front,6.0,gaze_side,1.0,0.0,1.0,0.0,0.0,1.0,0.0,0.0,0.0,0.0,1.0,0.0,0.0,0.0,0.0,0.0
B4c8d162cb6f4,S8bb31e565816,front,7.0,gaze_side,1.0,0.0,1.0,0.0,0.0,1.0,0.0,0.0,0.0,0.0,1.0,0.0,0.0,0.0,0.0,0.0
B4c8d162cb6f4,S8bb31e565816,front,8.0,gaze_side,1.0,0.0,1.0,0.0,0.0,1.0,0.0,0.0,0.0,0.0,1.0,0.0,0.0,0.0,0.0,0.0
B4c8d162cb6f4,S8bb31e565816,front,9.0,gaze_side,1.0,0.0,1.0,0.0,0.0,1.0,0.0,0.0,0.0,0.0,1.0,0.0,0.0,0.0,0.0,0.0
B4c8d162cb6f4,S8bb31e565816,overhead,0.0,gaze_side,0.0,1.0,0.0,0.0,0.0,0.0,0.0,0.0,0.0,0.0,0.0,0.0,0.0,0.0,0.0,0.0
B4c8d162cb6f4,S8bb31e565816,overhead,1.0,gaze_side,0.0,1.0,0.0,0.0,0.0,0.0,0.0,0.0,0.0,0.0,0.0,0.0,0.0,0.0,0.0,0.0
B4c8d162cb6f4,S8bb31e565816,overhead,2.0,gaze_side,0.0,1.0,0.0,0.0,0.0,0.0,0.0,0.0,0.0,0.0,0.0,0.0,0.0,0.0,0.0,0.0
B4c8d162cb6f4,S8bb31e565816,overhead,3.0,gaze_side,0.0,1.0,0.0,0.0,0.0,0.0,0.0,0.0,0.0,0.0,0.0,0.0,0.0,0.0,0.0,0.0
B4c8d162cb6f4,S8bb31e565816,overhead,4.0,gaze_side,0.0,1.0,0.0,0.0,0.0,0.0,0.0,0.0,0.0,0.0,0.0,0.0,0.0,0.0,0.0,0.0
B4c8d162cb6f4,S8bb31e565816,overhead,5.0,gaze_side,0.0,1.0,0.0,0.0,0.0,0.0,0.0,0.0,0.0,0.0,0.0,0.0,0.0,0.0,0.0,0.0
B4c8d162cb6f4,S8bb31e565816,overhead,6.0,gaze_side,0.0,1.0,0.0,0.0,0.0,0.0,0.0,0.0,0.0,0.0,0.0,0.0,0.0,0.0,0.0,0.0
B4c8d162cb6f4,S8bb31e565816,overhead,7.0,gaze_side,0.0,1.0,0.0,0.0,0.0,0.0,0.0,0.0,0.0,0.0,0.0,0.0,0.0,0.0,0.0,0.0
B4c8d162cb6f4,S8bb31e565816,overhead,8.0,gaze_side,0.0,1.0,0.0,0.0,0.0,0.0,0.0,0.0,0.0,0.0,0.0,0.0,0.0,0.0,0.0,0.0
B4c8d162cb6f4,S8bb31e565816,overhead,9.0,gaze_side,0.0,1.0,0.0,0.0,0.0,0.0,0.0,0.0,0.0,0.0,0.0,0.0,0.0,0.0,0.0,0.0
B4e5cfa0d11c4,S08ea3e793bb0,front,0.0,focus,1.0,0.0,1.0,0.0,0.0,0.0,1.0,1.0,0.0,1.0,1.0,0.0,0.0,0.0,0.0,0.0
B4e5cfa0d11c4,S08ea3e793bb0,front,1.0,focus,1.0,0.0,1.0,0.0,0.0,0.0,0.0,0.0,0.0,0.0,1.0,0.0,0.0,0.0,0.0,0.0
B4e5cfa0d11c4,S08ea3e793bb0,front,2.0,focus,1.0,0.0,0.0,0.0,0.0,1.0,0.0,0.0,0.0,0.0,1.0,1.0,0.0,0.0,0.0,0.0
B4e5cfa0d11c4,S08ea3e793bb0,front,3.0,focus,1.0,0.0,1.0,0.0,0.0,1.0,0.0,0.0,0.0,0.0,1.0,0.0,0.0,0.0,0.0,0.0
B4e5cfa0d11c4,S08ea3e793bb0,front,4.0,focus,1.0,0.0,1.0,0.0,0.0,1.0,0.0,0.0,0.0,0.0,1.0,0.0,0.0,0.0,0.0,0.0
B4e5cfa0d11c4,S08ea3e793bb0,front,5.0,focus,1.0,0.0,1.0,0.0,0.0,1.0,0.0,0.0,0.0,0.0,1.0,0.0,0.0,0.0,0.0,0.0
B4e5cfa0d11c4,S08ea3e793bb0,front,6.0,focus,1.0,0.0,1.0,0.0,0.0,1.0,0.0,0.0,0.0,0.0,1.0,0.0,0.0,0.0,0.0,0.0
B4e5cfa0d11c4,S08ea3e793bb0,front,7.0,focus,1.0,0.0,1.0,0.0,0.0,1.0,1.0,1.0,0.0,0.0,1.0,0.0,0.0,0.0,0.0,0.0
B4e5cfa0d11c4,S08ea3e793bb0,front,8.0,focus,1.0,0.0,1.0,0.0,0.0,1.0,0.0,0.0,0.0,0.0,1.0,0.0,0.0,0.0,0.0,0.0
B4e5cfa0d11c4,S08ea3e793bb0,front,9.0,focus,1.0,0.0,1.0,0.0,0.0,1.0,0.0,0.0,0.0,0.0,1.0,0.0,0.0,0.0,0.0,0.0
B4e5cfa0d11c4,S08ea3e793bb0,overhead,0.0,focus,0.0,1.0,0.0,0.0,0.0,0.0,0.0,0.0,0.0,0.0,0.0,0.0,0.0,0.0,0.0,0.0
B4e5cfa0d11c4,S08ea3e793bb0,overhead,1.0,focus,0.0,1.0,0.0,0.0,0.0,0.0,0.0,0.0,0.0,0.0,0.0,0.0,0.0,0.0,0.0,0.0
B4e5cfa0d11c4,S08ea3e793bb0,overhead,2.0,focus,0.0,1.0,0.0,0.0,0.0,0.0,0.0,0.0,0.0,0.0,0.0,0.0,0.0,0.0,0.0,0.0
B4e5cfa0d11c4,S08ea3e793bb0,overhead,3.0,focus,0.0,1.0,0.0,0.0,0.0,0.0,0.0,0.0,0.0,0.0,0.0,0.0,0.0,0.0,0.0,0.0
B4e5cfa0d11c4,S08ea3e793bb0,overhead,4.0,focus,0.0,1.0,0.0,0.0,0.0,0.0,0.0,0.0,0.0,0.0,0.0,0.0,0.0,0.0,0.0,0.0
B4e5cfa0d11c4,S08ea3e793bb0,overhead,5.0,focus,0.0,1.0,0.0,0.0,0.0,0.0,0.0,0.0,0.0,0.0,0.0,0.0,0.0,0.0,0.0,0.0
B4e5cfa0d11c4,S08ea3e793bb0,overhead,6.0,focus,0.0,1.0,0.0,0.0,0.0,0.0,0.0,0.0,0.0,0.0,0.0,0.0,0.0,0.0,0.0,0.0
B4e5cfa0d11c4,S08ea3e793bb0,overhead,7.0,focus,0.0,1.0,0.0,0.0,0.0,0.0,0.0,0.0,0.0,0.0,0.0,0.0,0.0,0.0,0.0,0.0
B4e5cfa0d11c4,S08ea3e793bb0,overhead,8.0,focus,0.0,1.0,0.0,0.0,0.0,0.0,0.0,0.0,0.0,0.0,0.0,0.0,0.0,0.0,0.0,0.0
B4e5cfa0d11c4,S08ea3e793bb0,overhead,9.0,focus,0.0,1.0,0.0,0.0,0.0,0.0,0.0,0.0,0.0,0.0,0.0,0.0,0.0,0.0,0.0,0.0
B4e974bfbb90e,Se9ae4c661219,front,0.0,focus,1.0,0.0,0.0,0.0,0.0,0.0,0.0,0.0,0.0,0.0,1.0,0.0,0.0,0.0,0.0,0.0
B4e974bfbb90e,Se9ae4c661219,front,1.0,focus,1.0,0.0,0.0,0.0,0.0,0.0,0.0,0.0,0.0,0.0,0.0,0.0,0.0,0.0,0.0,0.0
B4e974bfbb90e,Se9ae4c661219,front,2.0,focus,1.0,0.0,0.0,0.0,0.0,0.0,0.0,0.0,0.0,0.0,1.0,0.0,0.0,0.0,0.0,0.0
B4e974bfbb90e,Se9ae4c661219,front,3.0,focus,1.0,0.0,0.0,0.0,0.0,0.0,0.0,0.0,0.0,0.0,0.0,0.0,0.0,0.0,0.0,0.0
B4e974bfbb90e,Se9ae4c661219,front,4.0,focus,1.0,0.0,0.0,0.0,0.0,0.0,0.0,0.0,0.0,0.0,0.0,0.0,0.0,0.0,0.0,0.0
B4e974bfbb90e,Se9ae4c661219,front,5.0,focus,1.0,0.0,0.0,0.0,0.0,0.0,0.0,0.0,0.0,0.0,0.0,0.0,0.0,0.0,0.0,0.0
B4e974bfbb90e,Se9ae4c661219,front,6.0,focus,1.0,0.0,0.0,0.0,0.0,0.0,0.0,0.0,0.0,0.0,0.0,0.0,0.0,0.0,0.0,0.0
B4e974bfbb90e,Se9ae4c661219,front,7.0,focus,1.0,0.0,0.0,0.0,0.0,0.0,0.0,0.0,0.0,0.0,0.0,0.0,0.0,0.0,0.0,0.0
B4e974bfbb90e,Se9ae4c661219,front,8.0,focus,1.0,0.0,0.0,0.0,0.0,0.0,0.0,0.0,0.0,0.0,0.0,0.0,0.0,0.0,0.0,0.0
B4e974bfbb90e,Se9ae4c661219,front,9.0,focus,1.0,0.0,0.0,0.0,0.0,0.0,0.0,0.0,0.0,0.0,0.0,0.0,0.0,0.0,0.0,0.0
B4e974bfbb90e,Se9ae4c661219,overhead,0.0,focus,0.0,1.0,0.0,0.0,0.0,0.0,0.0,0.0,0.0,0.0,1.0,0.0,0.0,0.0,0.0,0.0
B4e974bfbb90e,Se9ae4c661219,overhead,1.0,focus,0.0,1.0,0.0,0.0,0.0,0.0,0.0,0.0,0.0,0.0,1.0,0.0,0.0,0.0,0.0,0.0
B4e974bfbb90e,Se9ae4c661219,overhead,2.0,focus,0.0,1.0,0.0,0.0,0.0,1.0,0.0,0.0,0.0,0.0,1.0,0.0,0.0,0.0,0.0,0.0
B4e974bfbb90e,Se9ae4c661219,overhead,3.0,focus,0.0,1.0,0.0,0.0,0.0,1.0,0.0,0.0,0.0,0.0,1.0,0.0,0.0,0.0,0.0,0.0
B4e974bfbb90e,Se9ae4c661219,overhead,4.0,focus,0.0,1.0,0.0,0.0,0.0,1.0,0.0,0.0,0.0,0.0,1.0,0.0,0.0,0.0,0.0,0.0
B4e974bfbb90e,Se9ae4c661219,overhead,5.0,focus,0.0,1.0,0.0,0.0,0.0,1.0,0.0,0.0,0.0,0.0,1.0,0.0,0.0,0.0,0.0,0.0
B4e974bfbb90e,Se9ae4c661219,overhead,6.0,focus,0.0,1.0,0.0,0.0,0.0,1.0,0.0,0.0,0.0,0.0,1.0,0.0,0.0,0.0,0.0,0.0
B4e974bfbb90e,Se9ae4c661219,overhead,7.0,focus,0.0,1.0,0.0,0.0,0.0,1.0,0.0,0.0,0.0,0.0,1.0,0.0,0.0,0.0,0.0,0.0
B4e974bfbb90e,Se9ae4c661219,overhead,8.0,focus,0.0,1.0,0.0,0.0,0.0,1.0,0.0,0.0,0.0,0.0,1.0,0.0,0.0,0.0,0.0,0.0
B4e974bfbb90e,Se9ae4c661219,overhead,9.0,focus,0.0,1.0,0.0,0.0,0.0,0.0,0.0,0.0,0.0,0.0,0.0,0.0,0.0,0.0,0.0,0.0
B4ef5322d68a0,Se9ae4c661219,front,0.0,focus,1.0,0.0,0.0,0.0,0.0,0.0,0.0,0.0,0.0,0.0,0.0,0.0,0.0,0.0,0.0,1.0
B4ef5322d68a0,Se9ae4c661219,front,1.0,focus,1.0,0.0,1.0,0.0,0.0,0.0,0.0,0.0,0.0,0.0,1.0,0.0,0.0,0.0,0.0,0.0
B4ef5322d68a0,Se9ae4c661219,front,2.0,focus,1.0,0.0,1.0,0.0,0.0,0.0,0.0,0.0,0.0,0.0,1.0,0.0,0.0,0.0,0.0,0.0
B4ef5322d68a0,Se9ae4c661219,front,3.0,focus,1.0,0.0,1.0,0.0,0.0,0.0,0.0,0.0,0.0,0.0,1.0,0.0,0.0,0.0,0.0,0.0
B4ef5322d68a0,Se9ae4c661219,front,4.0,focus,1.0,0.0,1.0,0.0,0.0,0.0,0.0,0.0,0.0,0.0,1.0,0.0,0.0,0.0,0.0,0.0
B4ef5322d68a0,Se9ae4c661219,front,5.0,focus,1.0,0.0,1.0,0.0,0.0,0.0,0.0,0.0,0.0,0.0,1.0,0.0,0.0,0.0,0.0,0.0
B4ef5322d68a0,Se9ae4c661219,front,6.0,focus,1.0,0.0,1.0,0.0,0.0,1.0,0.0,0.0,0.0,0.0,1.0,0.0,0.0,0.0,0.0,0.0
B4ef5322d68a0,Se9ae4c661219,front,7.0,focus,1.0,0.0,1.0,0.0,0.0,1.0,0.0,0.0,0.0,0.0,1.0,0.0,0.0,0.0,0.0,0.0
B4ef5322d68a0,Se9ae4c661219,front,8.0,focus,1.0,0.0,0.0,0.0,0.0,1.0,0.0,0.0,0.0,0.0,0.0,0.0,0.0,0.0,0.0,0.0
B4ef5322d68a0,Se9ae4c661219,front,9.0,focus,1.0,0.0,1.0,0.0,0.0,1.0,0.0,0.0,0.0,0.0,1.0,0.0,0.0,0.0,0.0,0.0
B4ef5322d68a0,Se9ae4c661219,overhead,0.0,focus,0.0,1.0,0.0,0.0,0.0,0.0,0.0,0.0,0.0,0.0,0.0,0.0,0.0,0.0,0.0,0.0
B4ef5322d68a0,Se9ae4c661219,overhead,1.0,focus,0.0,1.0,0.0,0.0,0.0,0.0,0.0,0.0,0.0,0.0,0.0,0.0,0.0,0.0,0.0,0.0
B4ef5322d68a0,Se9ae4c661219,overhead,2.0,focus,0.0,1.0,0.0,0.0,0.0,0.0,0.0,0.0,0.0,0.0,0.0,0.0,0.0,0.0,0.0,0.0
B4ef5322d68a0,Se9ae4c661219,overhead,3.0,focus,0.0,1.0,0.0,0.0,0.0,0.0,0.0,0.0,0.0,0.0,0.0,0.0,0.0,0.0,0.0,0.0
B4ef5322d68a0,Se9ae4c661219,overhead,4.0,focus,0.0,1.0,0.0,0.0,0.0,0.0,0.0,0.0,0.0,0.0,0.0,0.0,0.0,0.0,0.0,0.0
B4ef5322d68a0,Se9ae4c661219,overhead,5.0,focus,0.0,1.0,0.0,0.0,0.0,0.0,0.0,0.0,0.0,0.0,0.0,0.0,0.0,0.0,0.0,0.0
B4ef5322d68a0,Se9ae4c661219,overhead,6.0,focus,0.0,1.0,0.0,0.0,0.0,0.0,0.0,0.0,0.0,0.0,0.0,0.0,0.0,0.0,0.0,0.0
B4ef5322d68a0,Se9ae4c661219,overhead,7.0,focus,0.0,1.0,0.0,0.0,0.0,0.0,0.0,0.0,0.0,0.0,0.0,0.0,0.0,0.0,0.0,0.0
B4ef5322d68a0,Se9ae4c661219,overhead,8.0,focus,0.0,1.0,0.0,0.0,0.0,0.0,0.0,0.0,0.0,0.0,0.0,0.0,0.0,0.0,0.0,0.0
B4ef5322d68a0,Se9ae4c661219,overhead,9.0,focus,0.0,1.0,0.0,0.0,0.0,0.0,0.0,0.0,0.0,0.0,0.0,0.0,0.0,0.0,0.0,0.0
B4faf7e8b0752,Sf8cdbc0a93cc,front,0.0,focus,1.0,0.0,1.0,0.0,0.0,0.0,0.0,0.0,0.0,0.0,0.0,0.0,0.0,0.0,0.0,0.0
B4faf7e8b0752,Sf8cdbc0a93cc,front,1.0,focus,1.0,0.0,1.0,0.0,0.0,0.0,0.0,0.0,0.0,0.0,0.0,0.0,0.0,0.0,0.0,0.0
B4faf7e8b0752,Sf8cdbc0a93cc,front,2.0,focus,1.0,0.0,1.0,0.0,0.0,0.0,0.0,0.0,0.0,0.0,0.0,0.0,0.0,0.0,0.0,0.0
B4faf7e8b0752,Sf8cdbc0a93cc,front,3.0,focus,1.0,0.0,1.0,0.0,0.0,0.0,0.0,0.0,0.0,0.0,0.0,0.0,0.0,0.0,0.0,0.0
B4faf7e8b0752,Sf8cdbc0a93cc,front,4.0,focus,1.0,0.0,1.0,0.0,0.0,0.0,0.0,0.0,0.0,0.0,0.0,0.0,0.0,0.0,0.0,0.0
B4faf7e8b0752,Sf8cdbc0a93cc,front,5.0,focus,1.0,0.0,1.0,0.0,0.0,0.0,0.0,0.0,0.0,0.0,0.0,0.0,0.0,0.0,0.0,0.0
B4faf7e8b0752,Sf8cdbc0a93cc,front,6.0,focus,1.0,0.0,1.0,0.0,0.0,0.0,0.0,0.0,0.0,0.0,0.0,0.0,0.0,0.0,0.0,0.0
B4faf7e8b0752,Sf8cdbc0a93cc,front,7.0,focus,1.0,0.0,1.0,0.0,0.0,0.0,0.0,0.0,0.0,0.0,0.0,0.0,0.0,0.0,0.0,0.0
B4faf7e8b0752,Sf8cdbc0a93cc,front,8.0,focus,1.0,0.0,1.0,0.0,0.0,0.0,1.0,1.0,0.0,1.0,0.0,0.0,0.0,0.0,0.0,0.0
B4faf7e8b0752,Sf8cdbc0a93cc,front,9.0,focus,1.0,0.0,1.0,0.0,0.0,0.0,0.0,0.0,0.0,0.0,0.0,0.0,0.0,0.0,0.0,0.0
B4faf7e8b0752,Sf8cdbc0a93cc,overhead,0.0,focus,0.0,1.0,0.0,0.0,0.0,0.0,0.0,0.0,0.0,0.0,0.0,0.0,0.0,0.0,0.0,0.0
B4faf7e8b0752,Sf8cdbc0a93cc,overhead,1.0,focus,0.0,1.0,0.0,0.0,0.0,0.0,0.0,0.0,0.0,0.0,0.0,0.0,0.0,0.0,0.0,0.0
B4faf7e8b0752,Sf8cdbc0a93cc,overhead,2.0,focus,0.0,1.0,0.0,0.0,0.0,0.0,0.0,0.0,0.0,0.0,0.0,0.0,0.0,0.0,0.0,0.0
B4faf7e8b0752,Sf8cdbc0a93cc,overhead,3.0,focus,0.0,1.0,0.0,0.0,0.0,0.0,0.0,0.0,0.0,0.0,0.0,0.0,0.0,0.0,0.0,0.0
B4faf7e8b0752,Sf8cdbc0a93cc,overhead,4.0,focus,0.0,1.0,0.0,0.0,0.0,0.0,0.0,0.0,0.0,0.0,0.0,0.0,0.0,0.0,0.0,0.0
B4faf7e8b0752,Sf8cdbc0a93cc,overhead,5.0,focus,0.0,1.0,0.0,0.0,0.0,0.0,0.0,0.0,0.0,0.0,0.0,0.0,0.0,0.0,0.0,0.0
B4faf7e8b0752,Sf8cdbc0a93cc,overhead,6.0,focus,0.0,1.0,0.0,0.0,0.0,0.0,0.0,0.0,0.0,0.0,0.0,0.0,0.0,0.0,0.0,0.0
B4faf7e8b0752,Sf8cdbc0a93cc,overhead,7.0,focus,0.0,1.0,0.0,0.0,0.0,0.0,0.0,0.0,0.0,0.0,0.0,0.0,0.0,0.0,0.0,0.0
B4faf7e8b0752,Sf8cdbc0a93cc,overhead,8.0,focus,0.0,1.0,0.0,0.0,0.0,0.0,0.0,0.0,0.0,0.0,0.0,0.0,0.0,0.0,0.0,0.0
B4faf7e8b0752,Sf8cdbc0a93cc,overhead,9.0,focus,0.0,1.0,0.0,0.0,0.0,0.0,0.0,0.0,0.0,0.0,0.0,0.0,0.0,0.0,0.0,0.0
B50d09795b7cb,Se9ae4c661219,front,0.0,focus,1.0,0.0,0.0,0.0,0.0,0.0,0.0,0.0,0.0,0.0,0.0,0.0,0.0,0.0,0.0,0.0
B50d09795b7cb,Se9ae4c661219,front,1.0,focus,1.0,0.0,0.0,0.0,0.0,0.0,0.0,0.0,0.0,0.0,0.0,0.0,0.0,0.0,0.0,0.0
B50d09795b7cb,Se9ae4c661219,front,2.0,focus,1.0,0.0,0.0,0.0,0.0,0.0,0.0,0.0,0.0,0.0,0.0,0.0,0.0,0.0,0.0,0.0
B50d09795b7cb,Se9ae4c661219,front,3.0,focus,1.0,0.0,0.0,0.0,0.0,0.0,0.0,0.0,0.0,0.0,0.0,0.0,0.0,0.0,0.0,0.0
B50d09795b7cb,Se9ae4c661219,front,4.0,focus,1.0,0.0,0.0,0.0,0.0,0.0,0.0,0.0,0.0,0.0,0.0,0.0,0.0,0.0,0.0,0.0
B50d09795b7cb,Se9ae4c661219,front,5.0,focus,1.0,0.0,0.0,0.0,0.0,0.0,0.0,0.0,0.0,0.0,0.0,0.0,0.0,0.0,0.0,0.0
B50d09795b7cb,Se9ae4c661219,front,6.0,focus,1.0,0.0,0.0,0.0,0.0,0.0,0.0,0.0,0.0,0.0,0.0,0.0,0.0,0.0,0.0,0.0
B50d09795b7cb,Se9ae4c661219,front,7.0,focus,1.0,0.0,0.0,0.0,0.0,0.0,0.0,0.0,0.0,0.0,0.0,0.0,0.0,0.0,0.0,0.0
B50d09795b7cb,Se9ae4c661219,front,8.0,focus,1.0,0.0,0.0,0.0,0.0,0.0,0.0,0.0,0.0,0.0,0.0,0.0,0.0,0.0,0.0,0.0
B50d09795b7cb,Se9ae4c661219,front,9.0,focus,1.0,0.0,0.0,0.0,0.0,0.0,0.0,0.0,0.0,0.0,0.0,0.0,0.0,0.0,0.0,0.0
B50d09795b7cb,Se9ae4c661219,overhead,0.0,focus,0.0,1.0,0.0,0.0,0.0,0.0,0.0,0.0,0.0,0.0,1.0,0.0,0.0,0.0,0.0,0.0
B50d09795b7cb,Se9ae4c661219,overhead,1.0,focus,0.0,1.0,0.0,0.0,0.0,0.0,0.0,0.0,0.0,0.0,0.0,0.0,0.0,0.0,0.0,0.0
B50d09795b7cb,Se9ae4c661219,overhead,2.0,focus,0.0,1.0,0.0,0.0,0.0,0.0,0.0,0.0,0.0,0.0,1.0,0.0,0.0,0.0,0.0,0.0
B50d09795b7cb,Se9ae4c661219,overhead,3.0,focus,0.0,1.0,0.0,0.0,0.0,0.0,0.0,0.0,0.0,0.0,0.0,0.0,0.0,0.0,0.0,0.0
B50d09795b7cb,Se9ae4c661219,overhead,4.0,focus,0.0,1.0,0.0,0.0,0.0,0.0,0.0,0.0,0.0,0.0,0.0,0.0,0.0,0.0,0.0,0.0
B50d09795b7cb,Se9ae4c661219,overhead,5.0,focus,0.0,1.0,0.0,0.0,0.0,0.0,0.0,0.0,0.0,0.0,0.0,0.0,0.0,0.0,0.0,0.0
B50d09795b7cb,Se9ae4c661219,overhead,6.0,focus,0.0,1.0,0.0,0.0,0.0,1.0,0.0,0.0,0.0,0.0,1.0,0.0,0.0,0.0,0.0,0.0
B50d09795b7cb,Se9ae4c661219,overhead,7.0,focus,0.0,1.0,0.0,0.0,0.0,1.0,0.0,0.0,0.0,0.0,1.0,0.0,0.0,0.0,0.0,0.0
B50d09795b7cb,Se9ae4c661219,overhead,8.0,focus,0.0,1.0,0.0,0.0,0.0,0.0,0.0,0.0,0.0,0.0,1.0,0.0,0.0,0.0,0.0,0.0
B50d09795b7cb,Se9ae4c661219,overhead,9.0,focus,0.0,1.0,0.0,0.0,0.0,0.0,0.0,0.0,0.0,0.0,1.0,0.0,0.0,0.0,0.0,0.0
B51a74b5bf607,S41983e9ca40a,front,0.0,unknown,1.0,0.0,0.0,0.0,0.0,0.0,0.0,0.0,0.0,0.0,0.0,0.0,0.0,0.0,0.0,0.0
B51a74b5bf607,S41983e9ca40a,front,1.0,unknown,1.0,0.0,0.0,0.0,0.0,0.0,0.0,0.0,0.0,0.0,0.0,0.0,0.0,0.0,0.0,0.0
B51a74b5bf607,S41983e9ca40a,front,2.0,unknown,1.0,0.0,0.0,0.0,0.0,0.0,0.0,0.0,0.0,0.0,0.0,0.0,0.0,0.0,0.0,0.0
B51a74b5bf607,S41983e9ca40a,front,3.0,unknown,1.0,0.0,0.0,0.0,0.0,0.0,0.0,0.0,0.0,0.0,0.0,0.0,0.0,0.0,0.0,0.0
B51a74b5bf607,S41983e9ca40a,front,4.0,unknown,1.0,0.0,0.0,0.0,0.0,0.0,0.0,0.0,0.0,0.0,0.0,0.0,0.0,0.0,0.0,0.0
B51a74b5bf607,S41983e9ca40a,front,5.0,unknown,1.0,0.0,0.0,0.0,0.0,0.0,0.0,0.0,0.0,0.0,0.0,0.0,0.0,0.0,0.0,0.0
B51a74b5bf607,S41983e9ca40a,front,6.0,unknown,1.0,0.0,0.0,0.0,0.0,0.0,0.0,0.0,0.0,0.0,0.0,0.0,0.0,0.0,0.0,0.0
B51a74b5bf607,S41983e9ca40a,front,7.0,unknown,1.0,0.0,0.0,0.0,0.0,0.0,0.0,0.0,0.0,0.0,0.0,0.0,0.0,0.0,0.0,0.0
B51a74b5bf607,S41983e9ca40a,front,8.0,unknown,1.0,0.0,0.0,0.0,0.0,0.0,0.0,0.0,0.0,0.0,0.0,0.0,0.0,0.0,0.0,0.0
B51a74b5bf607,S41983e9ca40a,front,9.0,unknown,1.0,0.0,0.0,0.0,0.0,0.0,0.0,0.0,0.0,0.0,0.0,0.0,0.0,0.0,0.0,0.0
B51a74b5bf607,S41983e9ca40a,overhead,0.0,unknown,0.0,1.0,0.0,0.0,0.0,0.0,0.0,0.0,0.0,0.0,0.0,0.0,0.0,0.0,0.0,0.0
B51a74b5bf607,S41983e9ca40a,overhead,1.0,unknown,0.0,1.0,0.0,0.0,0.0,0.0,0.0,0.0,0.0,0.0,0.0,0.0,0.0,0.0,0.0,0.0
B51a74b5bf607,S41983e9ca40a,overhead,2.0,unknown,0.0,1.0,0.0,0.0,0.0,0.0,0.0,0.0,0.0,0.0,0.0,0.0,0.0,0.0,0.0,0.0
B51a74b5bf607,S41983e9ca40a,overhead,3.0,unknown,0.0,1.0,0.0,0.0,0.0,0.0,0.0,0.0,0.0,0.0,0.0,0.0,0.0,0.0,0.0,0.0
B51a74b5bf607,S41983e9ca40a,overhead,4.0,unknown,0.0,1.0,0.0,0.0,0.0,0.0,0.0,0.0,0.0,0.0,0.0,0.0,0.0,0.0,0.0,0.0
B51a74b5bf607,S41983e9ca40a,overhead,5.0,unknown,0.0,1.0,0.0,0.0,0.0,0.0,0.0,0.0,0.0,0.0,0.0,0.0,0.0,0.0,0.0,0.0
B51a74b5bf607,S41983e9ca40a,overhead,6.0,unknown,0.0,1.0,0.0,0.0,0.0,0.0,0.0,0.0,0.0,0.0,0.0,0.0,0.0,0.0,0.0,0.0
B51a74b5bf607,S41983e9ca40a,overhead,7.0,unknown,0.0,1.0,0.0,0.0,0.0,0.0,0.0,0.0,0.0,0.0,0.0,0.0,0.0,0.0,0.0,0.0
B51a74b5bf607,S41983e9ca40a,overhead,8.0,unknown,0.0,1.0,0.0,0.0,0.0,0.0,0.0,0.0,0.0,0.0,0.0,0.0,0.0,0.0,0.0,0.0
B51a74b5bf607,S41983e9ca40a,overhead,9.0,unknown,0.0,1.0,0.0,0.0,0.0,0.0,0.0,0.0,0.0,0.0,0.0,0.0,0.0,0.0,0.0,0.0
B53dce93c1224,Sc17507c06476,front,0.0,focus,1.0,0.0,1.0,0.0,0.0,0.0,0.0,0.0,0.0,0.0,1.0,0.0,0.0,0.0,0.0,0.0
B53dce93c1224,Sc17507c06476,front,1.0,focus,1.0,0.0,1.0,0.0,0.0,0.0,0.0,0.0,0.0,0.0,1.0,0.0,0.0,0.0,0.0,0.0
B53dce93c1224,Sc17507c06476,front,2.0,focus,1.0,0.0,1.0,0.0,0.0,1.0,0.0,0.0,0.0,0.0,1.0,0.0,0.0,0.0,0.0,0.0
B53dce93c1224,Sc17507c06476,front,3.0,focus,1.0,0.0,1.0,0.0,0.0,1.0,0.0,0.0,0.0,0.0,0.0,0.0,0.0,0.0,0.0,0.0
B53dce93c1224,Sc17507c06476,front,4.0,focus,1.0,0.0,1.0,0.0,0.0,0.0,0.0,0.0,0.0,0.0,0.0,0.0,0.0,0.0,0.0,0.0
B53dce93c1224,Sc17507c06476,front,5.0,focus,1.0,0.0,1.0,0.0,0.0,0.0,0.0,0.0,0.0,0.0,0.0,0.0,0.0,0.0,0.0,0.0
B53dce93c1224,Sc17507c06476,front,6.0,focus,1.0,0.0,1.0,0.0,0.0,0.0,0.0,0.0,0.0,0.0,0.0,0.0,0.0,0.0,0.0,0.0
B53dce93c1224,Sc17507c06476,front,7.0,focus,1.0,0.0,1.0,0.0,0.0,0.0,0.0,0.0,0.0,0.0,0.0,0.0,0.0,0.0,0.0,0.0
B53dce93c1224,Sc17507c06476,front,8.0,focus,1.0,0.0,1.0,0.0,0.0,0.0,1.0,0.0,0.0,0.0,0.0,0.0,0.0,0.0,0.0,0.0
B53dce93c1224,Sc17507c06476,front,9.0,focus,1.0,0.0,1.0,0.0,0.0,0.0,1.0,0.0,0.0,0.0,0.0,0.0,0.0,0.0,0.0,0.0
B53dce93c1224,Sc17507c06476,overhead,0.0,focus,0.0,1.0,0.0,0.0,0.0,0.0,0.0,0.0,0.0,0.0,0.0,0.0,0.0,0.0,0.0,0.0
B53dce93c1224,Sc17507c06476,overhead,1.0,focus,0.0,1.0,0.0,0.0,0.0,0.0,0.0,0.0,0.0,0.0,0.0,0.0,0.0,0.0,0.0,0.0
B53dce93c1224,Sc17507c06476,overhead,2.0,focus,0.0,1.0,0.0,0.0,0.0,0.0,0.0,0.0,0.0,0.0,0.0,0.0,0.0,0.0,0.0,0.0
B53dce93c1224,Sc17507c06476,overhead,3.0,focus,0.0,1.0,0.0,0.0,0.0,1.0,0.0,0.0,0.0,0.0,1.0,0.0,0.0,0.0,0.0,0.0
B53dce93c1224,Sc17507c06476,overhead,4.0,focus,0.0,1.0,0.0,0.0,0.0,1.0,0.0,0.0,0.0,0.0,1.0,0.0,0.0,0.0,0.0,0.0
B53dce93c1224,Sc17507c06476,overhead,5.0,focus,0.0,1.0,0.0,0.0,0.0,0.0,0.0,0.0,0.0,0.0,0.0,0.0,0.0,0.0,0.0,0.0
B53dce93c1224,Sc17507c06476,overhead,6.0,focus,0.0,1.0,0.0,0.0,0.0,0.0,0.0,0.0,0.0,0.0,1.0,0.0,0.0,0.0,0.0,0.0
B53dce93c1224,Sc17507c06476,overhead,7.0,focus,0.0,1.0,0.0,0.0,0.0,0.0,0.0,0.0,0.0,0.0,1.0,0.0,0.0,0.0,0.0,0.0
B53dce93c1224,Sc17507c06476,overhead,8.0,focus,0.0,1.0,0.0,0.0,0.0,0.0,0.0,0.0,0.0,0.0,0.0,0.0,0.0,0.0,0.0,0.0
B53dce93c1224,Sc17507c06476,overhead,9.0,focus,0.0,1.0,0.0,0.0,0.0,0.0,0.0,0.0,0.0,0.0,0.0,0.0,0.0,0.0,0.0,0.0
B551f835b2b73,S38533928bb7e,front,5775.0,drowsy,1.0,0.0,1.0,0.0,0.0,0.0,1.0,0.0,1.0,1.0,0.0,1.0,0.0,0.0,0.0,0.0
B551f835b2b73,S38533928bb7e,front,5776.0,drowsy,1.0,0.0,1.0,0.0,0.0,0.0,1.0,0.0,1.0,1.0,0.0,1.0,0.0,0.0,0.0,0.0
B551f835b2b73,S38533928bb7e,front,5777.0,drowsy,1.0,0.0,1.0,0.0,0.0,0.0,1.0,0.0,1.0,1.0,0.0,1.0,0.0,0.0,0.0,0.0
B551f835b2b73,S38533928bb7e,front,5778.0,drowsy,1.0,0.0,1.0,0.0,0.0,0.0,1.0,0.0,1.0,1.0,0.0,1.0,0.0,0.0,0.0,0.0
B551f835b2b73,S38533928bb7e,front,5779.0,drowsy,1.0,0.0,1.0,0.0,0.0,0.0,1.0,0.0,1.0,1.0,0.0,1.0,0.0,0.0,0.0,0.0
B551f835b2b73,S38533928bb7e,front,5780.0,drowsy,1.0,0.0,1.0,0.0,0.0,0.0,1.0,0.0,1.0,1.0,0.0,1.0,0.0,0.0,0.0,0.0
B551f835b2b73,S38533928bb7e,front,5781.0,drowsy,1.0,0.0,1.0,0.0,0.0,0.0,1.0,0.0,1.0,1.0,0.0,1.0,0.0,0.0,0.0,0.0
B551f835b2b73,S38533928bb7e,front,5782.0,drowsy,1.0,0.0,1.0,0.0,0.0,0.0,1.0,0.0,1.0,1.0,0.0,1.0,0.0,0.0,0.0,0.0
B551f835b2b73,S38533928bb7e,front,5783.0,drowsy,1.0,0.0,1.0,0.0,0.0,0.0,1.0,0.0,1.0,1.0,0.0,1.0,0.0,0.0,0.0,0.0
B551f835b2b73,S38533928bb7e,front,5784.0,drowsy,1.0,0.0,1.0,0.0,0.0,0.0,1.0,0.0,1.0,1.0,0.0,1.0,0.0,0.0,0.0,0.0
B551f835b2b73,S38533928bb7e,overhead,5775.0,drowsy,0.0,1.0,0.0,0.0,0.0,0.0,0.0,0.0,0.0,0.0,0.0,0.0,0.0,0.0,0.0,0.0
B551f835b2b73,S38533928bb7e,overhead,5776.0,drowsy,0.0,1.0,0.0,0.0,0.0,0.0,0.0,0.0,0.0,0.0,0.0,0.0,0.0,0.0,0.0,0.0
B551f835b2b73,S38533928bb7e,overhead,5777.0,drowsy,0.0,1.0,0.0,0.0,0.0,0.0,0.0,0.0,0.0,0.0,0.0,0.0,0.0,0.0,0.0,0.0
B551f835b2b73,S38533928bb7e,overhead,5778.0,drowsy,0.0,1.0,0.0,0.0,0.0,0.0,0.0,0.0,0.0,0.0,0.0,0.0,0.0,0.0,0.0,0.0
B551f835b2b73,S38533928bb7e,overhead,5779.0,drowsy,0.0,1.0,0.0,0.0,0.0,0.0,0.0,0.0,0.0,0.0,0.0,0.0,0.0,0.0,0.0,0.0
B551f835b2b73,S38533928bb7e,overhead,5780.0,drowsy,0.0,1.0,0.0,0.0,0.0,0.0,0.0,0.0,0.0,0.0,0.0,0.0,0.0,0.0,0.0,0.0
B551f835b2b73,S38533928bb7e,overhead,5781.0,drowsy,0.0,1.0,0.0,0.0,0.0,0.0,0.0,0.0,0.0,0.0,0.0,0.0,0.0,0.0,0.0,0.0
B551f835b2b73,S38533928bb7e,overhead,5782.0,drowsy,0.0,1.0,0.0,0.0,0.0,0.0,0.0,0.0,0.0,0.0,0.0,0.0,0.0,0.0,0.0,0.0
B551f835b2b73,S38533928bb7e,overhead,5783.0,drowsy,0.0,1.0,0.0,0.0,0.0,0.0,0.0,0.0,0.0,0.0,0.0,0.0,0.0,0.0,0.0,0.0
B551f835b2b73,S38533928bb7e,overhead,5784.0,drowsy,0.0,1.0,0.0,0.0,0.0,0.0,0.0,0.0,0.0,0.0,0.0,0.0,0.0,0.0,0.0,0.0
B57749d000345,Se9ae4c661219,front,0.0,focus,1.0,0.0,0.0,0.0,0.0,1.0,0.0,0.0,0.0,0.0,1.0,0.0,0.0,0.0,0.0,0.0
B57749d000345,Se9ae4c661219,front,1.0,focus,1.0,0.0,0.0,0.0,0.0,1.0,0.0,0.0,0.0,0.0,1.0,0.0,0.0,0.0,0.0,0.0
B57749d000345,Se9ae4c661219,front,2.0,focus,1.0,0.0,0.0,0.0,0.0,1.0,0.0,0.0,0.0,0.0,1.0,0.0,0.0,0.0,0.0,0.0
B57749d000345,Se9ae4c661219,front,3.0,focus,1.0,0.0,1.0,0.0,0.0,1.0,0.0,0.0,0.0,0.0,1.0,0.0,0.0,0.0,0.0,0.0
B57749d000345,Se9ae4c661219,front,4.0,focus,1.0,0.0,1.0,0.0,0.0,1.0,0.0,0.0,0.0,0.0,1.0,0.0,0.0,0.0,0.0,0.0
B57749d000345,Se9ae4c661219,front,5.0,focus,1.0,0.0,1.0,0.0,0.0,0.0,0.0,0.0,0.0,0.0,0.0,0.0,0.0,0.0,0.0,0.0
B57749d000345,Se9ae4c661219,front,6.0,focus,1.0,0.0,1.0,0.0,0.0,0.0,0.0,0.0,0.0,0.0,0.0,0.0,0.0,0.0,0.0,0.0
B57749d000345,Se9ae4c661219,front,7.0,focus,1.0,0.0,1.0,0.0,0.0,0.0,0.0,0.0,0.0,0.0,0.0,0.0,0.0,0.0,0.0,0.0
B57749d000345,Se9ae4c661219,front,8.0,focus,1.0,0.0,1.0,0.0,0.0,1.0,0.0,0.0,0.0,0.0,1.0,0.0,0.0,0.0,0.0,0.0
B57749d000345,Se9ae4c661219,front,9.0,focus,1.0,0.0,0.0,0.0,0.0,1.0,0.0,0.0,0.0,0.0,1.0,0.0,0.0,0.0,0.0,0.0
B57749d000345,Se9ae4c661219,overhead,0.0,focus,0.0,1.0,0.0,0.0,0.0,0.0,0.0,0.0,0.0,0.0,0.0,0.0,0.0,0.0,0.0,0.0
B57749d000345,Se9ae4c661219,overhead,1.0,focus,0.0,1.0,0.0,0.0,0.0,0.0,0.0,0.0,0.0,0.0,0.0,0.0,0.0,0.0,0.0,0.0
B57749d000345,Se9ae4c661219,overhead,2.0,focus,0.0,1.0,0.0,0.0,0.0,0.0,0.0,0.0,0.0,0.0,0.0,0.0,0.0,0.0,0.0,0.0
B57749d000345,Se9ae4c661219,overhead,3.0,focus,0.0,1.0,0.0,0.0,0.0,0.0,0.0,0.0,0.0,0.0,0.0,0.0,0.0,0.0,0.0,0.0
B57749d000345,Se9ae4c661219,overhead,4.0,focus,0.0,1.0,0.0,0.0,0.0,0.0,0.0,0.0,0.0,0.0,0.0,0.0,0.0,0.0,0.0,0.0
B57749d000345,Se9ae4c661219,overhead,5.0,focus,0.0,1.0,0.0,0.0,0.0,0.0,0.0,0.0,0.0,0.0,0.0,0.0,0.0,0.0,0.0,0.0
B57749d000345,Se9ae4c661219,overhead,6.0,focus,0.0,1.0,0.0,0.0,0.0,0.0,0.0,0.0,0.0,0.0,0.0,0.0,0.0,0.0,0.0,0.0
B57749d000345,Se9ae4c661219,overhead,7.0,focus,0.0,1.0,0.0,0.0,0.0,0.0,0.0,0.0,0.0,0.0,0.0,0.0,0.0,0.0,0.0,0.0
B57749d000345,Se9ae4c661219,overhead,8.0,focus,0.0,1.0,0.0,0.0,0.0,0.0,0.0,0.0,0.0,0.0,0.0,0.0,0.0,0.0,0.0,0.0
B57749d000345,Se9ae4c661219,overhead,9.0,focus,0.0,1.0,0.0,0.0,0.0,0.0,0.0,0.0,0.0,0.0,0.0,0.0,0.0,0.0,0.0,0.0
B5a6212af05ef,S8bb31e565816,front,0.0,focus,1.0,0.0,1.0,0.0,0.0,0.0,0.0,0.0,0.0,0.0,0.0,0.0,0.0,0.0,0.0,0.0
B5a6212af05ef,S8bb31e565816,front,1.0,focus,1.0,0.0,1.0,0.0,0.0,0.0,0.0,0.0,0.0,0.0,0.0,0.0,0.0,0.0,0.0,0.0
B5a6212af05ef,S8bb31e565816,front,2.0,focus,1.0,0.0,1.0,0.0,0.0,0.0,0.0,0.0,0.0,0.0,0.0,0.0,0.0,0.0,0.0,0.0
B5a6212af05ef,S8bb31e565816,front,3.0,focus,1.0,0.0,1.0,0.0,0.0,0.0,0.0,0.0,0.0,0.0,0.0,0.0,0.0,0.0,0.0,0.0
B5a6212af05ef,S8bb31e565816,front,4.0,focus,1.0,0.0,1.0,0.0,0.0,0.0,0.0,0.0,0.0,0.0,0.0,0.0,0.0,0.0,0.0,0.0
B5a6212af05ef,S8bb31e565816,front,5.0,focus,1.0,0.0,1.0,0.0,0.0,0.0,0.0,0.0,0.0,0.0,0.0,0.0,0.0,0.0,0.0,0.0
B5a6212af05ef,S8bb31e565816,front,6.0,focus,1.0,0.0,1.0,0.0,0.0,0.0,0.0,0.0,0.0,0.0,0.0,0.0,0.0,0.0,0.0,0.0
B5a6212af05ef,S8bb31e565816,front,7.0,focus,1.0,0.0,1.0,0.0,0.0,0.0,0.0,0.0,0.0,0.0,0.0,0.0,0.0,0.0,0.0,0.0
B5a6212af05ef,S8bb31e565816,front,8.0,focus,1.0,0.0,1.0,0.0,0.0,0.0,1.0,0.0,0.0,0.0,0.0,0.0,0.0,0.0,0.0,0.0
B5a6212af05ef,S8bb31e565816,front,9.0,focus,1.0,0.0,1.0,0.0,0.0,0.0,1.0,0.0,0.0,1.0,0.0,0.0,0.0,0.0,0.0,0.0
B5a6212af05ef,S8bb31e565816,overhead,0.0,focus,0.0,1.0,0.0,0.0,0.0,0.0,0.0,0.0,0.0,0.0,0.0,0.0,0.0,0.0,0.0,0.0
B5a6212af05ef,S8bb31e565816,overhead,1.0,focus,0.0,1.0,0.0,0.0,0.0,0.0,0.0,0.0,0.0,0.0,0.0,0.0,0.0,0.0,0.0,0.0
B5a6212af05ef,S8bb31e565816,overhead,2.0,focus,0.0,1.0,0.0,0.0,0.0,0.0,0.0,0.0,0.0,0.0,0.0,0.0,0.0,0.0,0.0,0.0
B5a6212af05ef,S8bb31e565816,overhead,3.0,focus,0.0,1.0,0.0,0.0,0.0,0.0,0.0,0.0,0.0,0.0,0.0,0.0,0.0,0.0,0.0,0.0
B5a6212af05ef,S8bb31e565816,overhead,4.0,focus,0.0,1.0,0.0,0.0,0.0,0.0,0.0,0.0,0.0,0.0,0.0,0.0,0.0,0.0,0.0,0.0
B5a6212af05ef,S8bb31e565816,overhead,5.0,focus,0.0,1.0,0.0,0.0,0.0,0.0,0.0,0.0,0.0,0.0,0.0,0.0,0.0,0.0,0.0,0.0
B5a6212af05ef,S8bb31e565816,overhead,6.0,focus,0.0,1.0,0.0,0.0,0.0,0.0,0.0,0.0,0.0,0.0,0.0,0.0,0.0,0.0,0.0,0.0
B5a6212af05ef,S8bb31e565816,overhead,7.0,focus,0.0,1.0,0.0,0.0,0.0,0.0,0.0,0.0,0.0,0.0,0.0,0.0,0.0,0.0,0.0,0.0
B5a6212af05ef,S8bb31e565816,overhead,8.0,focus,0.0,1.0,0.0,0.0,0.0,0.0,0.0,0.0,0.0,0.0,1.0,0.0,0.0,0.0,0.0,0.0
B5a6212af05ef,S8bb31e565816,overhead,9.0,focus,0.0,1.0,0.0,0.0,0.0,0.0,0.0,0.0,0.0,0.0,1.0,0.0,0.0,0.0,0.0,0.0
B5bf8dbc8977d,S38533928bb7e,front,6484.0,gaze_down,1.0,0.0,1.0,0.0,0.0,0.0,1.0,1.0,0.0,1.0,0.0,0.0,0.0,0.0,0.0,0.0
B5bf8dbc8977d,S38533928bb7e,front,6485.0,gaze_down,1.0,0.0,0.0,0.0,0.0,0.0,0.0,0.0,0.0,0.0,0.0,1.0,0.0,0.0,0.0,1.0
B5bf8dbc8977d,S38533928bb7e,front,6486.0,gaze_down,1.0,0.0,1.0,0.0,0.0,0.0,1.0,0.0,1.0,1.0,0.0,1.0,0.0,0.0,0.0,0.0
B5bf8dbc8977d,S38533928bb7e,front,6487.0,gaze_down,1.0,0.0,1.0,0.0,0.0,0.0,1.0,0.0,1.0,1.0,0.0,1.0,0.0,0.0,0.0,0.0
B5bf8dbc8977d,S38533928bb7e,front,6488.0,gaze_down,1.0,0.0,1.0,0.0,0.0,0.0,1.0,0.0,1.0,1.0,0.0,1.0,0.0,0.0,0.0,0.0
B5bf8dbc8977d,S38533928bb7e,front,6489.0,gaze_down,1.0,0.0,1.0,0.0,0.0,0.0,1.0,0.0,1.0,1.0,0.0,1.0,0.0,0.0,0.0,0.0
B5bf8dbc8977d,S38533928bb7e,front,6490.0,gaze_down,1.0,0.0,1.0,0.0,0.0,0.0,1.0,0.0,1.0,1.0,0.0,1.0,0.0,0.0,0.0,0.0
B5bf8dbc8977d,S38533928bb7e,front,6491.0,gaze_down,1.0,0.0,1.0,0.0,0.0,0.0,1.0,0.0,1.0,1.0,0.0,1.0,0.0,0.0,0.0,0.0
B5bf8dbc8977d,S38533928bb7e,front,6492.0,gaze_down,1.0,0.0,1.0,0.0,0.0,0.0,1.0,0.0,1.0,1.0,1.0,1.0,0.0,0.0,0.0,0.0
B5bf8dbc8977d,S38533928bb7e,front,6493.0,gaze_down,1.0,0.0,1.0,0.0,0.0,0.0,1.0,0.0,1.0,1.0,1.0,1.0,0.0,0.0,0.0,0.0
B5bf8dbc8977d,S38533928bb7e,overhead,6484.0,gaze_down,0.0,1.0,0.0,0.0,0.0,1.0,0.0,0.0,0.0,0.0,1.0,0.0,0.0,0.0,0.0,0.0
B5bf8dbc8977d,S38533928bb7e,overhead,6485.0,gaze_down,0.0,1.0,0.0,0.0,0.0,1.0,0.0,0.0,0.0,0.0,1.0,0.0,0.0,0.0,0.0,0.0
B5bf8dbc8977d,S38533928bb7e,overhead,6486.0,gaze_down,0.0,1.0,0.0,0.0,0.0,1.0,0.0,0.0,0.0,0.0,1.0,0.0,0.0,0.0,0.0,0.0
B5bf8dbc8977d,S38533928bb7e,overhead,6487.0,gaze_down,0.0,1.0,0.0,0.0,0.0,0.0,0.0,0.0,0.0,0.0,0.0,0.0,0.0,0.0,0.0,0.0
B5bf8dbc8977d,S38533928bb7e,overhead,6488.0,gaze_down,0.0,1.0,0.0,0.0,0.0,0.0,0.0,0.0,0.0,0.0,0.0,0.0,0.0,0.0,0.0,0.0
B5bf8dbc8977d,S38533928bb7e,overhead,6489.0,gaze_down,0.0,1.0,0.0,0.0,0.0,0.0,0.0,0.0,0.0,0.0,0.0,0.0,0.0,0.0,0.0,0.0
B5bf8dbc8977d,S38533928bb7e,overhead,6490.0,gaze_down,0.0,1.0,0.0,0.0,0.0,0.0,0.0,0.0,0.0,0.0,0.0,0.0,0.0,0.0,0.0,0.0
B5bf8dbc8977d,S38533928bb7e,overhead,6491.0,gaze_down,0.0,1.0,0.0,0.0,0.0,0.0,0.0,0.0,0.0,0.0,0.0,0.0,0.0,0.0,0.0,0.0
B5bf8dbc8977d,S38533928bb7e,overhead,6492.0,gaze_down,0.0,1.0,0.0,0.0,0.0,0.0,0.0,0.0,0.0,0.0,0.0,0.0,0.0,0.0,0.0,0.0
B5bf8dbc8977d,S38533928bb7e,overhead,6493.0,gaze_down,0.0,1.0,0.0,0.0,0.0,0.0,0.0,0.0,0.0,0.0,0.0,0.0,0.0,0.0,0.0,0.0
B5cd5c443a3e7,Sc17507c06476,front,0.0,focus,1.0,0.0,1.0,0.0,0.0,0.0,0.0,0.0,0.0,0.0,0.0,0.0,0.0,0.0,0.0,0.0
B5cd5c443a3e7,Sc17507c06476,front,1.0,focus,1.0,0.0,1.0,0.0,0.0,0.0,0.0,0.0,0.0,0.0,1.0,0.0,0.0,0.0,0.0,0.0
B5cd5c443a3e7,Sc17507c06476,front,2.0,focus,1.0,0.0,1.0,0.0,0.0,0.0,0.0,0.0,0.0,0.0,1.0,0.0,0.0,0.0,0.0,0.0
B5cd5c443a3e7,Sc17507c06476,front,3.0,focus,1.0,0.0,1.0,0.0,0.0,1.0,1.0,0.0,0.0,1.0,1.0,0.0,0.0,0.0,0.0,0.0
B5cd5c443a3e7,Sc17507c06476,front,4.0,focus,1.0,0.0,1.0,0.0,0.0,1.0,1.0,0.0,0.0,1.0,1.0,0.0,0.0,0.0,0.0,0.0
B5cd5c443a3e7,Sc17507c06476,front,5.0,focus,1.0,0.0,1.0,0.0,0.0,0.0,1.0,0.0,0.0,0.0,1.0,0.0,0.0,0.0,0.0,0.0
B5cd5c443a3e7,Sc17507c06476,front,6.0,focus,1.0,0.0,1.0,0.0,0.0,1.0,1.0,0.0,0.0,0.0,1.0,0.0,0.0,0.0,0.0,0.0
B5cd5c443a3e7,Sc17507c06476,front,7.0,focus,1.0,0.0,1.0,0.0,0.0,1.0,0.0,0.0,0.0,0.0,1.0,0.0,0.0,0.0,0.0,0.0
B5cd5c443a3e7,Sc17507c06476,front,8.0,focus,1.0,0.0,1.0,0.0,0.0,1.0,0.0,0.0,0.0,0.0,1.0,0.0,0.0,0.0,0.0,0.0
B5cd5c443a3e7,Sc17507c06476,front,9.0,focus,1.0,0.0,1.0,0.0,0.0,0.0,0.0,0.0,0.0,0.0,1.0,0.0,0.0,0.0,0.0,0.0
B5cd5c443a3e7,Sc17507c06476,overhead,0.0,focus,0.0,1.0,0.0,0.0,0.0,0.0,0.0,0.0,0.0,0.0,0.0,0.0,0.0,0.0,0.0,0.0
B5cd5c443a3e7,Sc17507c06476,overhead,1.0,focus,0.0,1.0,0.0,0.0,0.0,1.0,0.0,0.0,0.0,0.0,1.0,0.0,0.0,0.0,0.0,0.0
B5cd5c443a3e7,Sc17507c06476,overhead,2.0,focus,0.0,1.0,0.0,0.0,0.0,1.0,0.0,0.0,0.0,0.0,1.0,0.0,0.0,0.0,0.0,0.0
B5cd5c443a3e7,Sc17507c06476,overhead,3.0,focus,0.0,1.0,0.0,0.0,0.0,0.0,0.0,0.0,0.0,0.0,0.0,0.0,0.0,0.0,0.0,0.0
B5cd5c443a3e7,Sc17507c06476,overhead,4.0,focus,0.0,1.0,0.0,0.0,0.0,0.0,0.0,0.0,0.0,0.0,0.0,0.0,0.0,0.0,0.0,0.0
B5cd5c443a3e7,Sc17507c06476,overhead,5.0,focus,0.0,1.0,0.0,0.0,0.0,0.0,0.0,0.0,0.0,0.0,0.0,0.0,0.0,0.0,0.0,0.0
B5cd5c443a3e7,Sc17507c06476,overhead,6.0,focus,0.0,1.0,0.0,0.0,0.0,0.0,0.0,0.0,0.0,0.0,0.0,0.0,0.0,0.0,0.0,0.0
B5cd5c443a3e7,Sc17507c06476,overhead,7.0,focus,0.0,1.0,0.0,0.0,0.0,0.0,0.0,0.0,0.0,0.0,0.0,0.0,0.0,0.0,0.0,0.0
B5cd5c443a3e7,Sc17507c06476,overhead,8.0,focus,0.0,1.0,0.0,0.0,0.0,0.0,0.0,0.0,0.0,0.0,0.0,0.0,0.0,0.0,0.0,0.0
B5cd5c443a3e7,Sc17507c06476,overhead,9.0,focus,0.0,1.0,0.0,0.0,0.0,0.0,0.0,0.0,0.0,0.0,0.0,0.0,0.0,0.0,0.0,0.0
B5cde641db665,S08ea3e793bb0,front,0.0,focus,1.0,0.0,1.0,0.0,0.0,0.0,0.0,0.0,0.0,0.0,1.0,0.0,0.0,0.0,0.0,0.0
B5cde641db665,S08ea3e793bb0,front,1.0,focus,1.0,0.0,1.0,0.0,0.0,0.0,0.0,0.0,0.0,0.0,1.0,0.0,0.0,0.0,0.0,0.0
B5cde641db665,S08ea3e793bb0,front,2.0,focus,1.0,0.0,1.0,0.0,0.0,0.0,0.0,0.0,0.0,0.0,1.0,0.0,0.0,0.0,0.0,0.0
B5cde641db665,S08ea3e793bb0,front,3.0,focus,1.0,0.0,1.0,0.0,0.0,0.0,0.0,0.0,0.0,0.0,1.0,0.0,0.0,0.0,0.0,0.0
B5cde641db665,S08ea3e793bb0,front,4.0,focus,1.0,0.0,1.0,0.0,0.0,0.0,0.0,0.0,0.0,0.0,1.0,0.0,0.0,0.0,0.0,0.0
B5cde641db665,S08ea3e793bb0,front,5.0,focus,1.0,0.0,1.0,0.0,0.0,0.0,0.0,0.0,0.0,0.0,1.0,0.0,0.0,0.0,0.0,0.0
B5cde641db665,S08ea3e793bb0,front,6.0,focus,1.0,0.0,1.0,0.0,0.0,0.0,0.0,0.0,0.0,0.0,1.0,0.0,0.0,0.0,0.0,0.0
B5cde641db665,S08ea3e793bb0,front,7.0,focus,1.0,0.0,1.0,0.0,0.0,0.0,0.0,0.0,0.0,0.0,1.0,0.0,0.0,0.0,0.0,0.0
B5cde641db665,S08ea3e793bb0,front,8.0,focus,1.0,0.0,1.0,0.0,0.0,0.0,0.0,0.0,0.0,0.0,1.0,0.0,0.0,0.0,0.0,0.0
B5cde641db665,S08ea3e793bb0,front,9.0,focus,1.0,0.0,1.0,0.0,0.0,0.0,0.0,0.0,0.0,0.0,1.0,0.0,0.0,0.0,0.0,0.0
B5cde641db665,S08ea3e793bb0,overhead,0.0,focus,0.0,1.0,0.0,0.0,0.0,0.0,0.0,0.0,0.0,0.0,0.0,0.0,0.0,0.0,0.0,0.0
B5cde641db665,S08ea3e793bb0,overhead,1.0,focus,0.0,1.0,0.0,0.0,0.0,0.0,0.0,0.0,0.0,0.0,1.0,0.0,0.0,0.0,0.0,0.0
B5cde641db665,S08ea3e793bb0,overhead,2.0,focus,0.0,1.0,0.0,0.0,0.0,0.0,0.0,0.0,0.0,0.0,0.0,0.0,0.0,0.0,0.0,0.0
B5cde641db665,S08ea3e793bb0,overhead,3.0,focus,0.0,1.0,0.0,0.0,0.0,0.0,0.0,0.0,0.0,0.0,0.0,0.0,0.0,0.0,0.0,0.0
B5cde641db665,S08ea3e793bb0,overhead,4.0,focus,0.0,1.0,0.0,0.0,0.0,0.0,0.0,0.0,0.0,0.0,0.0,0.0,0.0,0.0,0.0,0.0
B5cde641db665,S08ea3e793bb0,overhead,5.0,focus,0.0,1.0,0.0,0.0,0.0,0.0,0.0,0.0,0.0,0.0,0.0,0.0,0.0,0.0,0.0,0.0
B5cde641db665,S08ea3e793bb0,overhead,6.0,focus,0.0,1.0,0.0,0.0,0.0,0.0,0.0,0.0,0.0,0.0,0.0,0.0,0.0,0.0,0.0,0.0
B5cde641db665,S08ea3e793bb0,overhead,7.0,focus,0.0,1.0,0.0,0.0,0.0,0.0,0.0,0.0,0.0,0.0,0.0,0.0,0.0,0.0,0.0,0.0
B5cde641db665,S08ea3e793bb0,overhead,8.0,focus,0.0,1.0,0.0,0.0,0.0,0.0,0.0,0.0,0.0,0.0,0.0,0.0,0.0,0.0,0.0,0.0
B5cde641db665,S08ea3e793bb0,overhead,9.0,focus,0.0,1.0,0.0,0.0,0.0,0.0,0.0,0.0,0.0,0.0,0.0,0.0,0.0,0.0,0.0,0.0
B5d4b41cba5d6,S8bb31e565816,front,0.0,focus,1.0,0.0,1.0,0.0,0.0,0.0,0.0,0.0,0.0,0.0,0.0,0.0,0.0,0.0,0.0,0.0
B5d4b41cba5d6,S8bb31e565816,front,1.0,focus,1.0,0.0,1.0,0.0,0.0,0.0,0.0,0.0,0.0,0.0,0.0,0.0,0.0,0.0,0.0,0.0
B5d4b41cba5d6,S8bb31e565816,front,2.0,focus,1.0,0.0,1.0,0.0,0.0,0.0,0.0,0.0,0.0,0.0,0.0,0.0,0.0,0.0,0.0,0.0
B5d4b41cba5d6,S8bb31e565816,front,3.0,focus,1.0,0.0,1.0,0.0,0.0,0.0,0.0,0.0,0.0,0.0,0.0,0.0,0.0,0.0,0.0,0.0
B5d4b41cba5d6,S8bb31e565816,front,4.0,focus,1.0,0.0,1.0,0.0,0.0,0.0,0.0,0.0,0.0,0.0,0.0,0.0,0.0,0.0,0.0,0.0
B5d4b41cba5d6,S8bb31e565816,front,5.0,focus,1.0,0.0,1.0,0.0,0.0,0.0,0.0,0.0,0.0,0.0,0.0,0.0,0.0,0.0,0.0,0.0
B5d4b41cba5d6,S8bb31e565816,front,6.0,focus,1.0,0.0,1.0,0.0,0.0,0.0,0.0,0.0,0.0,0.0,0.0,0.0,0.0,0.0,0.0,0.0
B5d4b41cba5d6,S8bb31e565816,front,7.0,focus,1.0,0.0,1.0,0.0,0.0,0.0,0.0,0.0,0.0,0.0,0.0,0.0,0.0,0.0,0.0,0.0
B5d4b41cba5d6,S8bb31e565816,front,8.0,focus,1.0,0.0,1.0,0.0,0.0,0.0,0.0,0.0,0.0,0.0,0.0,0.0,0.0,0.0,0.0,0.0
B5d4b41cba5d6,S8bb31e565816,front,9.0,focus,1.0,0.0,1.0,0.0,0.0,0.0,0.0,0.0,0.0,0.0,0.0,0.0,0.0,0.0,0.0,0.0
B5d4b41cba5d6,S8bb31e565816,overhead,0.0,focus,0.0,1.0,0.0,0.0,0.0,0.0,0.0,0.0,0.0,0.0,0.0,0.0,0.0,0.0,0.0,0.0
B5d4b41cba5d6,S8bb31e565816,overhead,1.0,focus,0.0,1.0,0.0,0.0,0.0,0.0,0.0,0.0,0.0,0.0,0.0,0.0,0.0,0.0,0.0,0.0
B5d4b41cba5d6,S8bb31e565816,overhead,2.0,focus,0.0,1.0,0.0,0.0,0.0,0.0,0.0,0.0,0.0,0.0,0.0,0.0,0.0,0.0,0.0,0.0
B5d4b41cba5d6,S8bb31e565816,overhead,3.0,focus,0.0,1.0,0.0,0.0,0.0,0.0,0.0,0.0,0.0,0.0,0.0,0.0,0.0,0.0,0.0,0.0
B5d4b41cba5d6,S8bb31e565816,overhead,4.0,focus,0.0,1.0,0.0,0.0,0.0,0.0,0.0,0.0,0.0,0.0,0.0,0.0,0.0,0.0,0.0,0.0
B5d4b41cba5d6,S8bb31e565816,overhead,5.0,focus,0.0,1.0,0.0,0.0,0.0,0.0,0.0,0.0,0.0,0.0,0.0,0.0,0.0,0.0,0.0,0.0
B5d4b41cba5d6,S8bb31e565816,overhead,6.0,focus,0.0,1.0,0.0,0.0,0.0,0.0,0.0,0.0,0.0,0.0,0.0,0.0,0.0,0.0,0.0,0.0
B5d4b41cba5d6,S8bb31e565816,overhead,7.0,focus,0.0,1.0,0.0,0.0,0.0,0.0,0.0,0.0,0.0,0.0,0.0,0.0,0.0,0.0,0.0,0.0
B5d4b41cba5d6,S8bb31e565816,overhead,8.0,focus,0.0,1.0,0.0,0.0,0.0,0.0,0.0,0.0,0.0,0.0,0.0,0.0,0.0,0.0,0.0,0.0
B5d4b41cba5d6,S8bb31e565816,overhead,9.0,focus,0.0,1.0,0.0,0.0,0.0,0.0,0.0,0.0,0.0,0.0,0.0,0.0,0.0,0.0,0.0,0.0
B5f34b1f9ca00,S08ea3e793bb0,front,0.0,focus,1.0,0.0,1.0,0.0,0.0,1.0,0.0,0.0,0.0,0.0,1.0,0.0,0.0,0.0,0.0,0.0
B5f34b1f9ca00,S08ea3e793bb0,front,1.0,focus,1.0,0.0,1.0,0.0,0.0,1.0,0.0,0.0,0.0,0.0,1.0,0.0,0.0,0.0,0.0,0.0
B5f34b1f9ca00,S08ea3e793bb0,front,2.0,focus,1.0,0.0,1.0,0.0,0.0,1.0,0.0,0.0,0.0,0.0,1.0,0.0,0.0,0.0,0.0,0.0
B5f34b1f9ca00,S08ea3e793bb0,front,3.0,focus,1.0,0.0,1.0,0.0,0.0,1.0,0.0,0.0,0.0,0.0,1.0,0.0,0.0,0.0,0.0,0.0
B5f34b1f9ca00,S08ea3e793bb0,front,4.0,focus,1.0,0.0,1.0,0.0,0.0,1.0,0.0,0.0,0.0,0.0,1.0,0.0,0.0,0.0,0.0,0.0
B5f34b1f9ca00,S08ea3e793bb0,front,5.0,focus,1.0,0.0,1.0,0.0,0.0,1.0,0.0,0.0,0.0,0.0,1.0,0.0,0.0,0.0,0.0,0.0
B5f34b1f9ca00,S08ea3e793bb0,front,6.0,focus,1.0,0.0,1.0,0.0,0.0,1.0,0.0,0.0,0.0,0.0,1.0,0.0,0.0,0.0,0.0,0.0
B5f34b1f9ca00,S08ea3e793bb0,front,7.0,focus,1.0,0.0,1.0,0.0,0.0,1.0,0.0,0.0,0.0,0.0,1.0,0.0,0.0,0.0,0.0,0.0
B5f34b1f9ca00,S08ea3e793bb0,front,8.0,focus,1.0,0.0,1.0,0.0,0.0,1.0,0.0,0.0,0.0,0.0,1.0,0.0,0.0,0.0,0.0,0.0
B5f34b1f9ca00,S08ea3e793bb0,front,9.0,focus,1.0,0.0,1.0,0.0,0.0,1.0,0.0,0.0,0.0,0.0,1.0,0.0,0.0,0.0,0.0,0.0
B5f34b1f9ca00,S08ea3e793bb0,overhead,0.0,focus,0.0,1.0,0.0,0.0,0.0,0.0,0.0,0.0,0.0,0.0,0.0,0.0,0.0,0.0,0.0,0.0
B5f34b1f9ca00,S08ea3e793bb0,overhead,1.0,focus,0.0,1.0,0.0,0.0,0.0,0.0,0.0,0.0,0.0,0.0,0.0,0.0,0.0,0.0,0.0,0.0
B5f34b1f9ca00,S08ea3e793bb0,overhead,2.0,focus,0.0,1.0,0.0,0.0,0.0,0.0,0.0,0.0,0.0,0.0,0.0,0.0,0.0,0.0,0.0,0.0
B5f34b1f9ca00,S08ea3e793bb0,overhead,3.0,focus,0.0,1.0,0.0,0.0,0.0,0.0,0.0,0.0,0.0,0.0,0.0,0.0,0.0,0.0,0.0,0.0
B5f34b1f9ca00,S08ea3e793bb0,overhead,4.0,focus,0.0,1.0,0.0,0.0,0.0,0.0,0.0,0.0,0.0,0.0,0.0,0.0,0.0,0.0,0.0,0.0
B5f34b1f9ca00,S08ea3e793bb0,overhead,5.0,focus,0.0,1.0,0.0,0.0,0.0,0.0,0.0,0.0,0.0,0.0,0.0,0.0,0.0,0.0,0.0,0.0
B5f34b1f9ca00,S08ea3e793bb0,overhead,6.0,focus,0.0,1.0,0.0,0.0,0.0,0.0,0.0,0.0,0.0,0.0,0.0,0.0,0.0,0.0,0.0,0.0
B5f34b1f9ca00,S08ea3e793bb0,overhead,7.0,focus,0.0,1.0,0.0,0.0,0.0,0.0,0.0,0.0,0.0,0.0,0.0,0.0,0.0,0.0,0.0,0.0
B5f34b1f9ca00,S08ea3e793bb0,overhead,8.0,focus,0.0,1.0,0.0,0.0,0.0,0.0,0.0,0.0,0.0,0.0,0.0,0.0,0.0,0.0,0.0,0.0
B5f34b1f9ca00,S08ea3e793bb0,overhead,9.0,focus,0.0,1.0,0.0,0.0,0.0,0.0,0.0,0.0,0.0,0.0,0.0,0.0,0.0,0.0,0.0,0.0
B609f923f3e3c,S38533928bb7e,front,1513.0,gaze_side,1.0,0.0,1.0,1.0,0.0,0.0,0.0,0.0,0.0,0.0,1.0,0.0,0.0,0.0,0.0,0.0
B609f923f3e3c,S38533928bb7e,front,1514.0,gaze_side,1.0,0.0,1.0,1.0,0.0,0.0,0.0,0.0,0.0,0.0,1.0,0.0,0.0,0.0,0.0,0.0
B609f923f3e3c,S38533928bb7e,front,1515.0,gaze_side,1.0,0.0,1.0,1.0,0.0,0.0,0.0,0.0,0.0,0.0,1.0,0.0,0.0,0.0,0.0,0.0
B609f923f3e3c,S38533928bb7e,front,1516.0,gaze_side,1.0,0.0,1.0,1.0,0.0,0.0,0.0,0.0,0.0,0.0,1.0,0.0,0.0,0.0,0.0,0.0
B609f923f3e3c,S38533928bb7e,front,1517.0,gaze_side,1.0,0.0,1.0,1.0,0.0,0.0,0.0,0.0,0.0,0.0,1.0,0.0,0.0,0.0,0.0,0.0
B609f923f3e3c,S38533928bb7e,front,1518.0,gaze_side,1.0,0.0,1.0,1.0,0.0,0.0,0.0,0.0,0.0,0.0,1.0,0.0,0.0,0.0,0.0,0.0
B609f923f3e3c,S38533928bb7e,front,1519.0,gaze_side,1.0,0.0,1.0,1.0,0.0,0.0,0.0,0.0,0.0,0.0,1.0,0.0,0.0,0.0,0.0,0.0
B609f923f3e3c,S38533928bb7e,front,1520.0,gaze_side,1.0,0.0,1.0,1.0,0.0,0.0,0.0,0.0,0.0,0.0,1.0,0.0,0.0,0.0,0.0,0.0
B609f923f3e3c,S38533928bb7e,front,1521.0,gaze_side,1.0,0.0,1.0,1.0,0.0,0.0,0.0,0.0,0.0,0.0,1.0,0.0,0.0,0.0,0.0,0.0
B609f923f3e3c,S38533928bb7e,front,1522.0,gaze_side,1.0,0.0,1.0,1.0,0.0,0.0,0.0,0.0,0.0,0.0,1.0,0.0,0.0,0.0,0.0,0.0
B609f923f3e3c,S38533928bb7e,overhead,1513.0,gaze_side,0.0,1.0,0.0,0.0,0.0,0.0,0.0,0.0,0.0,0.0,0.0,0.0,0.0,0.0,0.0,0.0
B609f923f3e3c,S38533928bb7e,overhead,1514.0,gaze_side,0.0,1.0,0.0,0.0,0.0,0.0,0.0,0.0,0.0,0.0,0.0,0.0,0.0,0.0,0.0,0.0
B609f923f3e3c,S38533928bb7e,overhead,1515.0,gaze_side,0.0,1.0,0.0,0.0,0.0,0.0,0.0,0.0,0.0,0.0,0.0,0.0,0.0,0.0,0.0,0.0
B609f923f3e3c,S38533928bb7e,overhead,1516.0,gaze_side,0.0,1.0,0.0,0.0,0.0,0.0,0.0,0.0,0.0,0.0,0.0,0.0,0.0,0.0,0.0,0.0
B609f923f3e3c,S38533928bb7e,overhead,1517.0,gaze_side,0.0,1.0,0.0,0.0,0.0,0.0,0.0,0.0,0.0,0.0,0.0,0.0,0.0,0.0,0.0,0.0
B609f923f3e3c,S38533928bb7e,overhead,1518.0,gaze_side,0.0,1.0,0.0,0.0,0.0,0.0,0.0,0.0,0.0,0.0,0.0,0.0,0.0,0.0,0.0,0.0
B609f923f3e3c,S38533928bb7e,overhead,1519.0,gaze_side,0.0,1.0,0.0,0.0,0.0,0.0,0.0,0.0,0.0,0.0,0.0,0.0,0.0,0.0,0.0,0.0
B609f923f3e3c,S38533928bb7e,overhead,1520.0,gaze_side,0.0,1.0,0.0,0.0,0.0,0.0,0.0,0.0,0.0,0.0,0.0,0.0,0.0,0.0,0.0,0.0
B609f923f3e3c,S38533928bb7e,overhead,1521.0,gaze_side,0.0,1.0,0.0,0.0,0.0,0.0,0.0,0.0,0.0,0.0,0.0,0.0,0.0,0.0,0.0,0.0
B609f923f3e3c,S38533928bb7e,overhead,1522.0,gaze_side,0.0,1.0,0.0,0.0,0.0,0.0,0.0,0.0,0.0,0.0,0.0,0.0,0.0,0.0,0.0,0.0
B627bf5765fdc,Sd507e72fb21a,front,0.0,unknown,1.0,0.0,0.0,0.0,0.0,0.0,0.0,0.0,0.0,0.0,0.0,0.0,0.0,0.0,0.0,0.0
B627bf5765fdc,Sd507e72fb21a,front,1.0,unknown,1.0,0.0,0.0,0.0,0.0,0.0,0.0,0.0,0.0,0.0,0.0,0.0,0.0,0.0,0.0,0.0
B627bf5765fdc,Sd507e72fb21a,front,2.0,unknown,1.0,0.0,0.0,0.0,0.0,0.0,0.0,0.0,0.0,0.0,0.0,0.0,0.0,0.0,0.0,0.0
B627bf5765fdc,Sd507e72fb21a,front,3.0,unknown,1.0,0.0,0.0,0.0,0.0,0.0,0.0,0.0,0.0,0.0,0.0,0.0,0.0,0.0,0.0,0.0
B627bf5765fdc,Sd507e72fb21a,front,4.0,unknown,1.0,0.0,0.0,0.0,0.0,0.0,0.0,0.0,0.0,0.0,0.0,0.0,0.0,0.0,0.0,0.0
B627bf5765fdc,Sd507e72fb21a,front,5.0,unknown,1.0,0.0,0.0,0.0,0.0,0.0,0.0,0.0,0.0,0.0,0.0,0.0,0.0,0.0,0.0,0.0
B627bf5765fdc,Sd507e72fb21a,front,6.0,unknown,1.0,0.0,0.0,0.0,0.0,0.0,0.0,0.0,0.0,0.0,0.0,0.0,0.0,0.0,0.0,0.0
B627bf5765fdc,Sd507e72fb21a,front,7.0,unknown,1.0,0.0,0.0,0.0,0.0,0.0,0.0,0.0,0.0,0.0,0.0,0.0,0.0,0.0,0.0,0.0
B627bf5765fdc,Sd507e72fb21a,front,8.0,unknown,1.0,0.0,0.0,0.0,0.0,0.0,0.0,0.0,0.0,0.0,0.0,0.0,0.0,0.0,0.0,0.0
B627bf5765fdc,Sd507e72fb21a,front,9.0,unknown,1.0,0.0,0.0,0.0,0.0,0.0,0.0,0.0,0.0,0.0,0.0,0.0,0.0,0.0,0.0,0.0
B627bf5765fdc,Sd507e72fb21a,overhead,0.0,unknown,0.0,1.0,0.0,0.0,0.0,0.0,0.0,0.0,0.0,0.0,0.0,0.0,0.0,0.0,0.0,0.0
B627bf5765fdc,Sd507e72fb21a,overhead,1.0,unknown,0.0,1.0,0.0,0.0,0.0,0.0,0.0,0.0,0.0,0.0,0.0,0.0,0.0,0.0,0.0,0.0
B627bf5765fdc,Sd507e72fb21a,overhead,2.0,unknown,0.0,1.0,0.0,0.0,0.0,0.0,0.0,0.0,0.0,0.0,0.0,0.0,0.0,0.0,0.0,0.0
B627bf5765fdc,Sd507e72fb21a,overhead,3.0,unknown,0.0,1.0,0.0,0.0,0.0,0.0,0.0,0.0,0.0,0.0,0.0,0.0,0.0,0.0,0.0,0.0
B627bf5765fdc,Sd507e72fb21a,overhead,4.0,unknown,0.0,1.0,0.0,0.0,0.0,0.0,0.0,0.0,0.0,0.0,0.0,0.0,0.0,0.0,0.0,0.0
B627bf5765fdc,Sd507e72fb21a,overhead,5.0,unknown,0.0,1.0,0.0,0.0,0.0,0.0,0.0,0.0,0.0,0.0,0.0,0.0,0.0,0.0,0.0,0.0
B627bf5765fdc,Sd507e72fb21a,overhead,6.0,unknown,0.0,1.0,0.0,0.0,0.0,0.0,0.0,0.0,0.0,0.0,0.0,0.0,0.0,0.0,0.0,0.0
B627bf5765fdc,Sd507e72fb21a,overhead,7.0,unknown,0.0,1.0,0.0,0.0,0.0,0.0,0.0,0.0,0.0,0.0,0.0,0.0,0.0,0.0,0.0,0.0
B627bf5765fdc,Sd507e72fb21a,overhead,8.0,unknown,0.0,1.0,0.0,0.0,0.0,0.0,0.0,0.0,0.0,0.0,0.0,0.0,0.0,0.0,0.0,0.0
B627bf5765fdc,Sd507e72fb21a,overhead,9.0,unknown,0.0,1.0,0.0,0.0,0.0,0.0,0.0,0.0,0.0,0.0,0.0,0.0,0.0,0.0,0.0,0.0
B62c0226ff47d,S38533928bb7e,front,5765.0,drowsy,1.0,0.0,1.0,0.0,0.0,0.0,0.0,0.0,0.0,0.0,0.0,0.0,0.0,0.0,0.0,0.0
B62c0226ff47d,S38533928bb7e,front,5766.0,drowsy,1.0,0.0,0.0,0.0,0.0,0.0,0.0,0.0,0.0,0.0,0.0,1.0,0.0,0.0,0.0,1.0
B62c0226ff47d,S38533928bb7e,front,5767.0,drowsy,1.0,0.0,1.0,0.0,0.0,0.0,1.0,0.0,1.0,1.0,0.0,1.0,0.0,0.0,0.0,0.0
B62c0226ff47d,S38533928bb7e,front,5768.0,drowsy,1.0,0.0,1.0,0.0,0.0,0.0,1.0,0.0,1.0,1.0,0.0,1.0,0.0,0.0,0.0,0.0
B62c0226ff47d,S38533928bb7e,front,5769.0,drowsy,1.0,0.0,1.0,0.0,0.0,0.0,1.0,0.0,1.0,1.0,0.0,1.0,0.0,0.0,0.0,0.0
B62c0226ff47d,S38533928bb7e,front,5770.0,drowsy,1.0,0.0,1.0,0.0,0.0,0.0,1.0,0.0,1.0,1.0,0.0,1.0,0.0,0.0,0.0,0.0
B62c0226ff47d,S38533928bb7e,front,5771.0,drowsy,1.0,0.0,1.0,0.0,0.0,0.0,1.0,0.0,1.0,1.0,0.0,1.0,0.0,0.0,0.0,0.0
B62c0226ff47d,S38533928bb7e,front,5772.0,drowsy,1.0,0.0,1.0,0.0,0.0,0.0,1.0,0.0,1.0,1.0,0.0,1.0,0.0,0.0,0.0,0.0
B62c0226ff47d,S38533928bb7e,front,5773.0,drowsy,1.0,0.0,1.0,0.0,0.0,0.0,1.0,0.0,1.0,1.0,0.0,1.0,0.0,0.0,0.0,0.0
B62c0226ff47d,S38533928bb7e,front,5774.0,drowsy,1.0,0.0,1.0,0.0,0.0,0.0,1.0,0.0,1.0,1.0,0.0,1.0,0.0,0.0,0.0,0.0
B62c0226ff47d,S38533928bb7e,overhead,5765.0,drowsy,0.0,1.0,0.0,0.0,0.0,0.0,0.0,0.0,0.0,0.0,0.0,0.0,0.0,0.0,0.0,0.0
B62c0226ff47d,S38533928bb7e,overhead,5766.0,drowsy,0.0,1.0,0.0,0.0,0.0,0.0,0.0,0.0,0.0,0.0,0.0,0.0,0.0,0.0,0.0,0.0
B62c0226ff47d,S38533928bb7e,overhead,5767.0,drowsy,0.0,1.0,0.0,0.0,0.0,0.0,0.0,0.0,0.0,0.0,0.0,0.0,0.0,0.0,0.0,0.0
B62c0226ff47d,S38533928bb7e,overhead,5768.0,drowsy,0.0,1.0,0.0,0.0,0.0,0.0,0.0,0.0,0.0,0.0,0.0,0.0,0.0,0.0,0.0,0.0
B62c0226ff47d,S38533928bb7e,overhead,5769.0,drowsy,0.0,1.0,0.0,0.0,0.0,0.0,0.0,0.0,0.0,0.0,0.0,0.0,0.0,0.0,0.0,0.0
B62c0226ff47d,S38533928bb7e,overhead,5770.0,drowsy,0.0,1.0,0.0,0.0,0.0,0.0,0.0,0.0,0.0,0.0,0.0,0.0,0.0,0.0,0.0,0.0
B62c0226ff47d,S38533928bb7e,overhead,5771.0,drowsy,0.0,1.0,0.0,0.0,0.0,0.0,0.0,0.0,0.0,0.0,0.0,0.0,0.0,0.0,0.0,0.0
B62c0226ff47d,S38533928bb7e,overhead,5772.0,drowsy,0.0,1.0,0.0,0.0,0.0,0.0,0.0,0.0,0.0,0.0,1.0,0.0,0.0,0.0,0.0,0.0
B62c0226ff47d,S38533928bb7e,overhead,5773.0,drowsy,0.0,1.0,0.0,0.0,0.0,0.0,0.0,0.0,0.0,0.0,0.0,0.0,0.0,0.0,0.0,0.0
B62c0226ff47d,S38533928bb7e,overhead,5774.0,drowsy,0.0,1.0,0.0,0.0,0.0,0.0,0.0,0.0,0.0,0.0,0.0,0.0,0.0,0.0,0.0,0.0
B631c7815087a,S38533928bb7e,front,1128.0,gaze_side,1.0,0.0,1.0,1.0,0.0,0.0,0.0,0.0,0.0,0.0,1.0,0.0,0.0,0.0,0.0,0.0
B631c7815087a,S38533928bb7e,front,1129.0,gaze_side,1.0,0.0,1.0,1.0,0.0,0.0,0.0,0.0,0.0,0.0,1.0,0.0,0.0,0.0,0.0,0.0
B631c7815087a,S38533928bb7e,front,1130.0,gaze_side,1.0,0.0,1.0,1.0,0.0,1.0,0.0,0.0,0.0,0.0,1.0,0.0,0.0,0.0,0.0,0.0
B631c7815087a,S38533928bb7e,front,1131.0,gaze_side,1.0,0.0,1.0,1.0,0.0,1.0,0.0,0.0,0.0,0.0,1.0,0.0,0.0,0.0,0.0,0.0
B631c7815087a,S38533928bb7e,front,1132.0,gaze_side,1.0,0.0,1.0,1.0,0.0,0.0,0.0,0.0,0.0,0.0,1.0,0.0,0.0,0.0,0.0,0.0
B631c7815087a,S38533928bb7e,front,1133.0,gaze_side,1.0,0.0,1.0,1.0,0.0,1.0,0.0,0.0,0.0,0.0,1.0,0.0,0.0,0.0,0.0,0.0
B631c7815087a,S38533928bb7e,front,1134.0,gaze_side,1.0,0.0,1.0,1.0,0.0,1.0,0.0,0.0,0.0,0.0,1.0,0.0,0.0,0.0,0.0,0.0
B631c7815087a,S38533928bb7e,front,1135.0,gaze_side,1.0,0.0,1.0,1.0,0.0,1.0,0.0,0.0,0.0,0.0,1.0,0.0,0.0,0.0,0.0,0.0
B631c7815087a,S38533928bb7e,front,1136.0,gaze_side,1.0,0.0,1.0,1.0,0.0,1.0,0.0,0.0,0.0,0.0,1.0,0.0,0.0,0.0,0.0,0.0
B631c7815087a,S38533928bb7e,front,1137.0,gaze_side,1.0,0.0,1.0,1.0,0.0,0.0,0.0,0.0,0.0,0.0,1.0,0.0,0.0,0.0,0.0,0.0
B631c7815087a,S38533928bb7e,overhead,1128.0,gaze_side,0.0,1.0,0.0,0.0,0.0,0.0,0.0,0.0,0.0,0.0,0.0,0.0,0.0,0.0,0.0,0.0
B631c7815087a,S38533928bb7e,overhead,1129.0,gaze_side,0.0,1.0,0.0,0.0,0.0,0.0,0.0,0.0,0.0,0.0,0.0,0.0,0.0,0.0,0.0,0.0
B631c7815087a,S38533928bb7e,overhead,1130.0,gaze_side,0.0,1.0,0.0,0.0,0.0,0.0,0.0,0.0,0.0,0.0,0.0,0.0,0.0,0.0,0.0,0.0
B631c7815087a,S38533928bb7e,overhead,1131.0,gaze_side,0.0,1.0,0.0,0.0,0.0,0.0,0.0,0.0,0.0,0.0,0.0,0.0,0.0,0.0,0.0,0.0
B631c7815087a,S38533928bb7e,overhead,1132.0,gaze_side,0.0,1.0,0.0,0.0,0.0,0.0,0.0,0.0,0.0,0.0,0.0,0.0,0.0,0.0,0.0,0.0
B631c7815087a,S38533928bb7e,overhead,1133.0,gaze_side,0.0,1.0,0.0,0.0,0.0,0.0,0.0,0.0,0.0,0.0,0.0,0.0,0.0,0.0,0.0,0.0
B631c7815087a,S38533928bb7e,overhead,1134.0,gaze_side,0.0,1.0,0.0,0.0,0.0,0.0,0.0,0.0,0.0,0.0,0.0,0.0,0.0,0.0,0.0,0.0
B631c7815087a,S38533928bb7e,overhead,1135.0,gaze_side,0.0,1.0,0.0,0.0,0.0,0.0,0.0,0.0,0.0,0.0,0.0,0.0,0.0,0.0,0.0,0.0
B631c7815087a,S38533928bb7e,overhead,1136.0,gaze_side,0.0,1.0,0.0,0.0,0.0,0.0,0.0,0.0,0.0,0.0,0.0,0.0,0.0,0.0,0.0,0.0
B631c7815087a,S38533928bb7e,overhead,1137.0,gaze_side,0.0,1.0,0.0,0.0,0.0,0.0,0.0,0.0,0.0,0.0,0.0,0.0,0.0,0.0,0.0,0.0
B64dc9d10ea36,S38533928bb7e,front,2783.0,gaze_down,1.0,0.0,1.0,0.0,0.0,0.0,1.0,0.0,0.0,0.0,1.0,0.0,0.0,0.0,0.0,0.0
B64dc9d10ea36,S38533928bb7e,front,2784.0,gaze_down,1.0,0.0,1.0,0.0,0.0,0.0,1.0,0.0,0.0,0.0,1.0,0.0,0.0,0.0,0.0,0.0
B64dc9d10ea36,S38533928bb7e,front,2785.0,gaze_down,1.0,0.0,1.0,0.0,1.0,0.0,0.0,0.0,0.0,0.0,1.0,0.0,0.0,0.0,0.0,0.0
B64dc9d10ea36,S38533928bb7e,front,2786.0,gaze_down,1.0,0.0,1.0,0.0,1.0,0.0,0.0,0.0,0.0,0.0,1.0,0.0,0.0,0.0,0.0,0.0
B64dc9d10ea36,S38533928bb7e,front,2787.0,gaze_down,1.0,0.0,1.0,0.0,0.0,1.0,1.0,0.0,0.0,1.0,1.0,0.0,0.0,0.0,0.0,0.0
B64dc9d10ea36,S38533928bb7e,front,2788.0,gaze_down,1.0,0.0,1.0,0.0,0.0,1.0,1.0,0.0,0.0,1.0,1.0,0.0,0.0,0.0,0.0,0.0
B64dc9d10ea36,S38533928bb7e,front,2789.0,gaze_down,1.0,0.0,1.0,0.0,0.0,0.0,1.0,0.0,0.0,1.0,1.0,0.0,0.0,0.0,0.0,0.0
B64dc9d10ea36,S38533928bb7e,front,2790.0,gaze_down,1.0,0.0,1.0,0.0,0.0,0.0,1.0,0.0,0.0,1.0,0.0,0.0,0.0,0.0,0.0,0.0
B64dc9d10ea36,S38533928bb7e,front,2791.0,gaze_down,1.0,0.0,1.0,0.0,0.0,0.0,1.0,0.0,0.0,1.0,0.0,0.0,0.0,0.0,0.0,0.0
B64dc9d10ea36,S38533928bb7e,front,2792.0,gaze_down,1.0,0.0,1.0,0.0,0.0,0.0,1.0,0.0,0.0,1.0,1.0,0.0,0.0,0.0,0.0,0.0
B64dc9d10ea36,S38533928bb7e,overhead,2783.0,gaze_down,0.0,1.0,0.0,0.0,0.0,0.0,0.0,0.0,0.0,0.0,0.0,0.0,0.0,0.0,0.0,0.0
B64dc9d10ea36,S38533928bb7e,overhead,2784.0,gaze_down,0.0,1.0,0.0,0.0,0.0,0.0,0.0,0.0,0.0,0.0,0.0,0.0,0.0,0.0,0.0,0.0
B64dc9d10ea36,S38533928bb7e,overhead,2785.0,gaze_down,0.0,1.0,0.0,0.0,0.0,0.0,0.0,0.0,0.0,0.0,0.0,0.0,0.0,0.0,0.0,0.0
B64dc9d10ea36,S38533928bb7e,overhead,2786.0,gaze_down,0.0,1.0,0.0,0.0,0.0,1.0,0.0,0.0,0.0,0.0,1.0,0.0,0.0,0.0,0.0,0.0
B64dc9d10ea36,S38533928bb7e,overhead,2787.0,gaze_down,0.0,1.0,0.0,0.0,0.0,1.0,0.0,0.0,0.0,0.0,1.0,0.0,0.0,0.0,0.0,0.0
B64dc9d10ea36,S38533928bb7e,overhead,2788.0,gaze_down,0.0,1.0,0.0,0.0,0.0,1.0,0.0,0.0,0.0,0.0,1.0,0.0,0.0,0.0,0.0,0.0
B64dc9d10ea36,S38533928bb7e,overhead,2789.0,gaze_down,0.0,1.0,0.0,0.0,0.0,1.0,0.0,0.0,0.0,0.0,1.0,0.0,0.0,0.0,0.0,0.0
B64dc9d10ea36,S38533928bb7e,overhead,2790.0,gaze_down,0.0,1.0,0.0,0.0,0.0,1.0,0.0,0.0,0.0,0.0,1.0,0.0,0.0,0.0,0.0,0.0
B64dc9d10ea36,S38533928bb7e,overhead,2791.0,gaze_down,0.0,1.0,0.0,0.0,0.0,1.0,0.0,0.0,0.0,0.0,1.0,0.0,0.0,0.0,0.0,0.0
B64dc9d10ea36,S38533928bb7e,overhead,2792.0,gaze_down,0.0,1.0,0.0,0.0,0.0,1.0,0.0,0.0,0.0,0.0,1.0,0.0,0.0,0.0,0.0,0.0
B64f3e61c9f63,S8bb31e565816,front,0.0,gaze_side,1.0,0.0,0.0,0.0,0.0,1.0,0.0,0.0,0.0,0.0,1.0,0.0,0.0,0.0,0.0,0.0
B64f3e61c9f63,S8bb31e565816,front,1.0,gaze_side,1.0,0.0,0.0,0.0,0.0,1.0,0.0,0.0,0.0,0.0,1.0,0.0,0.0,0.0,0.0,0.0
B64f3e61c9f63,S8bb31e565816,front,2.0,gaze_side,1.0,0.0,1.0,0.0,0.0,0.0,0.0,0.0,0.0,0.0,0.0,0.0,0.0,0.0,0.0,0.0
B64f3e61c9f63,S8bb31e565816,front,3.0,gaze_side,1.0,0.0,1.0,0.0,0.0,0.0,0.0,0.0,0.0,0.0,1.0,0.0,0.0,0.0,0.0,0.0
B64f3e61c9f63,S8bb31e565816,front,4.0,gaze_side,1.0,0.0,1.0,0.0,0.0,0.0,0.0,0.0,0.0,0.0,1.0,0.0,0.0,0.0,0.0,0.0
B64f3e61c9f63,S8bb31e565816,front,5.0,gaze_side,1.0,0.0,0.0,0.0,0.0,1.0,0.0,0.0,0.0,0.0,1.0,0.0,0.0,0.0,0.0,0.0
B64f3e61c9f63,S8bb31e565816,front,6.0,gaze_side,1.0,0.0,0.0,0.0,0.0,1.0,0.0,0.0,0.0,0.0,1.0,0.0,0.0,0.0,0.0,0.0
B64f3e61c9f63,S8bb31e565816,front,7.0,gaze_side,1.0,0.0,1.0,0.0,0.0,1.0,0.0,0.0,0.0,0.0,1.0,0.0,0.0,0.0,0.0,0.0
B64f3e61c9f63,S8bb31e565816,front,8.0,gaze_side,1.0,0.0,0.0,0.0,0.0,1.0,0.0,0.0,0.0,0.0,1.0,0.0,0.0,0.0,0.0,0.0
B64f3e61c9f63,S8bb31e565816,front,9.0,gaze_side,1.0,0.0,1.0,0.0,0.0,0.0,0.0,0.0,0.0,0.0,1.0,0.0,0.0,0.0,0.0,0.0
B64f3e61c9f63,S8bb31e565816,overhead,0.0,gaze_side,0.0,1.0,0.0,0.0,0.0,0.0,0.0,0.0,0.0,0.0,0.0,0.0,0.0,0.0,0.0,0.0
B64f3e61c9f63,S8bb31e565816,overhead,1.0,gaze_side,0.0,1.0,0.0,0.0,0.0,0.0,0.0,0.0,0.0,0.0,0.0,0.0,0.0,0.0,0.0,0.0
B64f3e61c9f63,S8bb31e565816,overhead,2.0,gaze_side,0.0,1.0,0.0,0.0,0.0,0.0,0.0,0.0,0.0,0.0,0.0,0.0,0.0,0.0,0.0,0.0
B64f3e61c9f63,S8bb31e565816,overhead,3.0,gaze_side,0.0,1.0,0.0,0.0,0.0,0.0,0.0,0.0,0.0,0.0,0.0,0.0,0.0,0.0,0.0,0.0
B64f3e61c9f63,S8bb31e565816,overhead,4.0,gaze_side,0.0,1.0,0.0,0.0,0.0,0.0,0.0,0.0,0.0,0.0,0.0,0.0,0.0,0.0,0.0,0.0
B64f3e61c9f63,S8bb31e565816,overhead,5.0,gaze_side,0.0,1.0,0.0,0.0,0.0,0.0,0.0,0.0,0.0,0.0,0.0,0.0,0.0,0.0,0.0,0.0
B64f3e61c9f63,S8bb31e565816,overhead,6.0,gaze_side,0.0,1.0,0.0,0.0,0.0,0.0,0.0,0.0,0.0,0.0,0.0,0.0,0.0,0.0,0.0,0.0
B64f3e61c9f63,S8bb31e565816,overhead,7.0,gaze_side,0.0,1.0,0.0,0.0,0.0,0.0,0.0,0.0,0.0,0.0,0.0,0.0,0.0,0.0,0.0,0.0
B64f3e61c9f63,S8bb31e565816,overhead,8.0,gaze_side,0.0,1.0,0.0,0.0,0.0,0.0,0.0,0.0,0.0,0.0,0.0,0.0,0.0,0.0,0.0,0.0
B64f3e61c9f63,S8bb31e565816,overhead,9.0,gaze_side,0.0,1.0,0.0,0.0,0.0,0.0,0.0,0.0,0.0,0.0,0.0,0.0,0.0,0.0,0.0,0.0
B6587d9f77f6c,S38533928bb7e,front,3121.0,gaze_down,1.0,0.0,1.0,0.0,1.0,1.0,0.0,0.0,0.0,0.0,1.0,0.0,0.0,0.0,0.0,0.0
B6587d9f77f6c,S38533928bb7e,front,3122.0,gaze_down,1.0,0.0,1.0,0.0,1.0,1.0,0.0,0.0,0.0,0.0,1.0,0.0,0.0,0.0,0.0,0.0
B6587d9f77f6c,S38533928bb7e,front,3123.0,gaze_down,1.0,0.0,1.0,0.0,1.0,1.0,0.0,0.0,0.0,0.0,1.0,0.0,0.0,0.0,0.0,0.0
B6587d9f77f6c,S38533928bb7e,front,3124.0,gaze_down,1.0,0.0,0.0,0.0,0.0,1.0,0.0,0.0,0.0,0.0,1.0,1.0,0.0,0.0,0.0,0.0
B6587d9f77f6c,S38533928bb7e,front,3125.0,gaze_down,1.0,0.0,0.0,0.0,0.0,1.0,0.0,0.0,0.0,0.0,1.0,1.0,0.0,0.0,0.0,0.0
B6587d9f77f6c,S38533928bb7e,overhead,3121.0,gaze_down,0.0,1.0,0.0,0.0,0.0,0.0,0.0,0.0,0.0,0.0,0.0,0.0,0.0,0.0,0.0,0.0
B6587d9f77f6c,S38533928bb7e,overhead,3122.0,gaze_down,0.0,1.0,0.0,0.0,0.0,0.0,0.0,0.0,0.0,0.0,0.0,0.0,0.0,0.0,0.0,0.0
B6587d9f77f6c,S38533928bb7e,overhead,3123.0,gaze_down,0.0,1.0,0.0,0.0,0.0,0.0,0.0,0.0,0.0,0.0,0.0,0.0,0.0,0.0,0.0,0.0
B6587d9f77f6c,S38533928bb7e,overhead,3124.0,gaze_down,0.0,1.0,0.0,0.0,0.0,0.0,0.0,0.0,0.0,0.0,0.0,0.0,0.0,0.0,0.0,0.0
B6587d9f77f6c,S38533928bb7e,overhead,3125.0,gaze_down,0.0,1.0,0.0,0.0,0.0,0.0,0.0,0.0,0.0,0.0,0.0,0.0,0.0,0.0,0.0,0.0
B6630b192d77b,Sc17507c06476,front,0.0,focus,1.0,0.0,1.0,0.0,0.0,0.0,0.0,0.0,0.0,0.0,0.0,0.0,0.0,0.0,0.0,0.0
B6630b192d77b,Sc17507c06476,front,1.0,focus,1.0,0.0,1.0,0.0,0.0,0.0,0.0,0.0,0.0,0.0,0.0,0.0,0.0,0.0,0.0,0.0
B6630b192d77b,Sc17507c06476,front,2.0,focus,1.0,0.0,1.0,0.0,0.0,0.0,0.0,0.0,0.0,0.0,0.0,0.0,0.0,0.0,0.0,0.0
B6630b192d77b,Sc17507c06476,front,3.0,focus,1.0,0.0,1.0,0.0,0.0,0.0,0.0,0.0,0.0,0.0,0.0,0.0,0.0,0.0,0.0,0.0
B6630b192d77b,Sc17507c06476,front,4.0,focus,1.0,0.0,1.0,0.0,0.0,0.0,0.0,0.0,0.0,0.0,1.0,0.0,0.0,0.0,0.0,0.0
B6630b192d77b,Sc17507c06476,front,5.0,focus,1.0,0.0,0.0,0.0,0.0,0.0,0.0,0.0,0.0,0.0,1.0,0.0,0.0,0.0,0.0,1.0
B6630b192d77b,Sc17507c06476,front,6.0,focus,1.0,0.0,1.0,0.0,0.0,0.0,1.0,1.0,0.0,0.0,1.0,0.0,0.0,0.0,0.0,0.0
B6630b192d77b,Sc17507c06476,front,7.0,focus,1.0,0.0,0.0,0.0,0.0,0.0,0.0,0.0,0.0,0.0,1.0,1.0,0.0,0.0,0.0,1.0
B6630b192d77b,Sc17507c06476,front,8.0,focus,1.0,0.0,1.0,0.0,0.0,0.0,1.0,1.0,0.0,1.0,1.0,0.0,0.0,0.0,0.0,0.0
B6630b192d77b,Sc17507c06476,front,9.0,focus,1.0,0.0,1.0,0.0,0.0,0.0,0.0,0.0,0.0,0.0,0.0,0.0,0.0,0.0,0.0,0.0
B6630b192d77b,Sc17507c06476,overhead,0.0,focus,0.0,1.0,0.0,0.0,0.0,0.0,0.0,0.0,0.0,0.0,0.0,0.0,0.0,0.0,0.0,0.0
B6630b192d77b,Sc17507c06476,overhead,1.0,focus,0.0,1.0,0.0,0.0,0.0,0.0,0.0,0.0,0.0,0.0,0.0,0.0,0.0,0.0,0.0,0.0
B6630b192d77b,Sc17507c06476,overhead,2.0,focus,0.0,1.0,0.0,0.0,0.0,0.0,0.0,0.0,0.0,0.0,0.0,0.0,0.0,0.0,0.0,0.0
B6630b192d77b,Sc17507c06476,overhead,3.0,focus,0.0,1.0,0.0,0.0,0.0,0.0,0.0,0.0,0.0,0.0,0.0,0.0,0.0,0.0,0.0,0.0
B6630b192d77b,Sc17507c06476,overhead,4.0,focus,0.0,1.0,0.0,0.0,0.0,0.0,0.0,0.0,0.0,0.0,0.0,0.0,0.0,0.0,0.0,0.0
B6630b192d77b,Sc17507c06476,overhead,5.0,focus,0.0,1.0,0.0,0.0,0.0,0.0,0.0,0.0,0.0,0.0,0.0,0.0,0.0,0.0,0.0,0.0
B6630b192d77b,Sc17507c06476,overhead,6.0,focus,0.0,1.0,0.0,0.0,0.0,0.0,0.0,0.0,0.0,0.0,0.0,0.0,0.0,0.0,0.0,0.0
B6630b192d77b,Sc17507c06476,overhead,7.0,focus,0.0,1.0,0.0,0.0,0.0,1.0,0.0,0.0,0.0,0.0,1.0,0.0,0.0,0.0,0.0,0.0
B6630b192d77b,Sc17507c06476,overhead,8.0,focus,0.0,1.0,0.0,0.0,0.0,1.0,0.0,0.0,0.0,0.0,1.0,0.0,0.0,0.0,0.0,0.0
B6630b192d77b,Sc17507c06476,overhead,9.0,focus,0.0,1.0,0.0,0.0,0.0,1.0,0.0,0.0,0.0,0.0,1.0,0.0,0.0,0.0,0.0,0.0
B66c650336426,Sd507e72fb21a,front,0.0,unknown,1.0,0.0,0.0,0.0,0.0,0.0,0.0,0.0,0.0,0.0,0.0,0.0,0.0,0.0,0.0,0.0
B66c650336426,Sd507e72fb21a,front,1.0,unknown,1.0,0.0,0.0,0.0,0.0,0.0,0.0,0.0,0.0,0.0,0.0,0.0,0.0,0.0,0.0,0.0
B66c650336426,Sd507e72fb21a,front,2.0,unknown,1.0,0.0,0.0,0.0,0.0,0.0,0.0,0.0,0.0,0.0,0.0,0.0,0.0,0.0,0.0,0.0
B66c650336426,Sd507e72fb21a,front,3.0,unknown,1.0,0.0,0.0,0.0,0.0,0.0,0.0,0.0,0.0,0.0,0.0,0.0,0.0,0.0,0.0,0.0
B66c650336426,Sd507e72fb21a,front,4.0,unknown,1.0,0.0,0.0,0.0,0.0,0.0,0.0,0.0,0.0,0.0,0.0,0.0,0.0,0.0,0.0,0.0
B66c650336426,Sd507e72fb21a,front,5.0,unknown,1.0,0.0,0.0,0.0,0.0,0.0,0.0,0.0,0.0,0.0,0.0,0.0,0.0,0.0,0.0,0.0
B66c650336426,Sd507e72fb21a,front,6.0,unknown,1.0,0.0,0.0,0.0,0.0,0.0,0.0,0.0,0.0,0.0,0.0,0.0,0.0,0.0,0.0,0.0
B66c650336426,Sd507e72fb21a,front,7.0,unknown,1.0,0.0,0.0,0.0,0.0,0.0,0.0,0.0,0.0,0.0,0.0,0.0,0.0,0.0,0.0,0.0
B66c650336426,Sd507e72fb21a,front,8.0,unknown,1.0,0.0,0.0,0.0,0.0,0.0,0.0,0.0,0.0,0.0,0.0,0.0,0.0,0.0,0.0,0.0
B66c650336426,Sd507e72fb21a,front,9.0,unknown,1.0,0.0,0.0,0.0,0.0,0.0,0.0,0.0,0.0,0.0,0.0,0.0,0.0,0.0,0.0,0.0
B66c650336426,Sd507e72fb21a,overhead,0.0,unknown,0.0,1.0,0.0,0.0,0.0,0.0,0.0,0.0,0.0,0.0,0.0,0.0,0.0,0.0,0.0,0.0
B66c650336426,Sd507e72fb21a,overhead,1.0,unknown,0.0,1.0,0.0,0.0,0.0,0.0,0.0,0.0,0.0,0.0,0.0,0.0,0.0,0.0,0.0,0.0
B66c650336426,Sd507e72fb21a,overhead,2.0,unknown,0.0,1.0,0.0,0.0,0.0,0.0,0.0,0.0,0.0,0.0,0.0,0.0,0.0,0.0,0.0,0.0
B66c650336426,Sd507e72fb21a,overhead,3.0,unknown,0.0,1.0,0.0,0.0,0.0,0.0,0.0,0.0,0.0,0.0,0.0,0.0,0.0,0.0,0.0,0.0
B66c650336426,Sd507e72fb21a,overhead,4.0,unknown,0.0,1.0,0.0,0.0,0.0,0.0,0.0,0.0,0.0,0.0,0.0,0.0,0.0,0.0,0.0,0.0
B66c650336426,Sd507e72fb21a,overhead,5.0,unknown,0.0,1.0,0.0,0.0,0.0,0.0,0.0,0.0,0.0,0.0,0.0,0.0,0.0,0.0,0.0,0.0
B66c650336426,Sd507e72fb21a,overhead,6.0,unknown,0.0,1.0,0.0,0.0,0.0,0.0,0.0,0.0,0.0,0.0,0.0,0.0,0.0,0.0,0.0,0.0
B66c650336426,Sd507e72fb21a,overhead,7.0,unknown,0.0,1.0,0.0,0.0,0.0,0.0,0.0,0.0,0.0,0.0,0.0,0.0,0.0,0.0,0.0,0.0
B66c650336426,Sd507e72fb21a,overhead,8.0,unknown,0.0,1.0,0.0,0.0,0.0,0.0,0.0,0.0,0.0,0.0,0.0,0.0,0.0,0.0,0.0,0.0
B66c650336426,Sd507e72fb21a,overhead,9.0,unknown,0.0,1.0,0.0,0.0,0.0,0.0,0.0,0.0,0.0,0.0,0.0,0.0,0.0,0.0,0.0,0.0
B67309d0cbf96,Sd507e72fb21a,front,0.0,unknown,1.0,0.0,0.0,0.0,0.0,0.0,0.0,0.0,0.0,0.0,0.0,0.0,0.0,0.0,0.0,0.0
B67309d0cbf96,Sd507e72fb21a,front,1.0,unknown,1.0,0.0,0.0,0.0,0.0,0.0,0.0,0.0,0.0,0.0,0.0,0.0,0.0,0.0,0.0,0.0
B67309d0cbf96,Sd507e72fb21a,front,2.0,unknown,1.0,0.0,0.0,0.0,0.0,0.0,0.0,0.0,0.0,0.0,0.0,0.0,0.0,0.0,0.0,0.0
B67309d0cbf96,Sd507e72fb21a,front,3.0,unknown,1.0,0.0,0.0,0.0,0.0,0.0,0.0,0.0,0.0,0.0,0.0,0.0,0.0,0.0,0.0,0.0
B67309d0cbf96,Sd507e72fb21a,front,4.0,unknown,1.0,0.0,0.0,0.0,0.0,0.0,0.0,0.0,0.0,0.0,0.0,0.0,0.0,0.0,0.0,0.0
B67309d0cbf96,Sd507e72fb21a,front,5.0,unknown,1.0,0.0,0.0,0.0,0.0,0.0,0.0,0.0,0.0,0.0,0.0,0.0,0.0,0.0,0.0,0.0
B67309d0cbf96,Sd507e72fb21a,front,6.0,unknown,1.0,0.0,0.0,0.0,0.0,0.0,0.0,0.0,0.0,0.0,0.0,0.0,0.0,0.0,0.0,0.0
B67309d0cbf96,Sd507e72fb21a,front,7.0,unknown,1.0,0.0,0.0,0.0,0.0,0.0,0.0,0.0,0.0,0.0,0.0,0.0,0.0,0.0,0.0,0.0
B67309d0cbf96,Sd507e72fb21a,front,8.0,unknown,1.0,0.0,0.0,0.0,0.0,0.0,0.0,0.0,0.0,0.0,0.0,0.0,0.0,0.0,0.0,0.0
B67309d0cbf96,Sd507e72fb21a,front,9.0,unknown,1.0,0.0,0.0,0.0,0.0,0.0,0.0,0.0,0.0,0.0,0.0,0.0,0.0,0.0,0.0,0.0
B67309d0cbf96,Sd507e72fb21a,overhead,0.0,unknown,0.0,1.0,0.0,0.0,0.0,0.0,0.0,0.0,0.0,0.0,0.0,0.0,0.0,0.0,0.0,0.0
B67309d0cbf96,Sd507e72fb21a,overhead,1.0,unknown,0.0,1.0,0.0,0.0,0.0,0.0,0.0,0.0,0.0,0.0,0.0,0.0,0.0,0.0,0.0,0.0
B67309d0cbf96,Sd507e72fb21a,overhead,2.0,unknown,0.0,1.0,0.0,0.0,0.0,0.0,0.0,0.0,0.0,0.0,0.0,0.0,0.0,0.0,0.0,0.0
B67309d0cbf96,Sd507e72fb21a,overhead,3.0,unknown,0.0,1.0,0.0,0.0,0.0,0.0,0.0,0.0,0.0,0.0,0.0,0.0,0.0,0.0,0.0,0.0
B67309d0cbf96,Sd507e72fb21a,overhead,4.0,unknown,0.0,1.0,0.0,0.0,0.0,0.0,0.0,0.0,0.0,0.0,0.0,0.0,0.0,0.0,0.0,0.0
B67309d0cbf96,Sd507e72fb21a,overhead,5.0,unknown,0.0,1.0,0.0,0.0,0.0,0.0,0.0,0.0,0.0,0.0,0.0,0.0,0.0,0.0,0.0,0.0
B67309d0cbf96,Sd507e72fb21a,overhead,6.0,unknown,0.0,1.0,0.0,0.0,0.0,0.0,0.0,0.0,0.0,0.0,0.0,0.0,0.0,0.0,0.0,0.0
B67309d0cbf96,Sd507e72fb21a,overhead,7.0,unknown,0.0,1.0,0.0,0.0,0.0,0.0,0.0,0.0,0.0,0.0,0.0,0.0,0.0,0.0,0.0,0.0
B67309d0cbf96,Sd507e72fb21a,overhead,8.0,unknown,0.0,1.0,0.0,0.0,0.0,0.0,0.0,0.0,0.0,0.0,0.0,0.0,0.0,0.0,0.0,0.0
B67309d0cbf96,Sd507e72fb21a,overhead,9.0,unknown,0.0,1.0,0.0,0.0,0.0,0.0,0.0,0.0,0.0,0.0,0.0,0.0,0.0,0.0,0.0,0.0
B679b68dcd9bb,S38533928bb7e,front,3473.0,drowsy,1.0,0.0,1.0,0.0,0.0,0.0,1.0,0.0,1.0,1.0,0.0,1.0,0.0,0.0,0.0,0.0
B679b68dcd9bb,S38533928bb7e,front,3474.0,drowsy,1.0,0.0,1.0,0.0,0.0,0.0,1.0,0.0,1.0,1.0,0.0,1.0,0.0,0.0,0.0,0.0
B679b68dcd9bb,S38533928bb7e,front,3475.0,drowsy,1.0,0.0,1.0,0.0,0.0,0.0,1.0,0.0,1.0,1.0,1.0,1.0,0.0,0.0,0.0,0.0
B679b68dcd9bb,S38533928bb7e,front,3476.0,drowsy,1.0,0.0,1.0,0.0,0.0,0.0,1.0,0.0,1.0,1.0,0.0,1.0,0.0,0.0,0.0,0.0
B679b68dcd9bb,S38533928bb7e,front,3477.0,drowsy,1.0,0.0,1.0,0.0,0.0,0.0,1.0,0.0,1.0,1.0,1.0,1.0,0.0,0.0,0.0,0.0
B679b68dcd9bb,S38533928bb7e,front,3478.0,drowsy,1.0,0.0,1.0,0.0,0.0,0.0,1.0,0.0,1.0,1.0,1.0,1.0,0.0,0.0,0.0,0.0
B679b68dcd9bb,S38533928bb7e,front,3479.0,drowsy,1.0,0.0,1.0,0.0,0.0,0.0,1.0,0.0,1.0,1.0,1.0,1.0,0.0,0.0,0.0,0.0
B679b68dcd9bb,S38533928bb7e,front,3480.0,drowsy,1.0,0.0,1.0,0.0,0.0,0.0,1.0,0.0,1.0,1.0,0.0,1.0,0.0,0.0,0.0,0.0
B679b68dcd9bb,S38533928bb7e,front,3481.0,drowsy,1.0,0.0,1.0,0.0,0.0,0.0,1.0,0.0,1.0,1.0,0.0,1.0,0.0,0.0,0.0,0.0
B679b68dcd9bb,S38533928bb7e,front,3482.0,drowsy,1.0,0.0,1.0,0.0,0.0,0.0,1.0,0.0,1.0,1.0,0.0,1.0,0.0,0.0,0.0,0.0
B679b68dcd9bb,S38533928bb7e,overhead,3473.0,drowsy,0.0,1.0,0.0,0.0,0.0,0.0,0.0,0.0,0.0,0.0,0.0,0.0,0.0,0.0,0.0,0.0
B679b68dcd9bb,S38533928bb7e,overhead,3474.0,drowsy,0.0,1.0,0.0,0.0,0.0,0.0,0.0,0.0,0.0,0.0,0.0,0.0,0.0,0.0,0.0,0.0
B679b68dcd9bb,S38533928bb7e,overhead,3475.0,drowsy,0.0,1.0,0.0,0.0,0.0,0.0,0.0,0.0,0.0,0.0,0.0,0.0,0.0,0.0,0.0,0.0
B679b68dcd9bb,S38533928bb7e,overhead,3476.0,drowsy,0.0,1.0,0.0,0.0,0.0,0.0,0.0,0.0,0.0,0.0,0.0,0.0,0.0,0.0,0.0,0.0
B679b68dcd9bb,S38533928bb7e,overhead,3477.0,drowsy,0.0,1.0,0.0,0.0,0.0,0.0,0.0,0.0,0.0,0.0,0.0,0.0,0.0,0.0,0.0,0.0
B679b68dcd9bb,S38533928bb7e,overhead,3478.0,drowsy,0.0,1.0,0.0,0.0,0.0,0.0,0.0,0.0,0.0,0.0,0.0,0.0,0.0,0.0,0.0,0.0
B679b68dcd9bb,S38533928bb7e,overhead,3479.0,drowsy,0.0,1.0,0.0,0.0,0.0,0.0,0.0,0.0,0.0,0.0,0.0,0.0,0.0,0.0,0.0,0.0
B679b68dcd9bb,S38533928bb7e,overhead,3480.0,drowsy,0.0,1.0,0.0,0.0,0.0,0.0,0.0,0.0,0.0,0.0,0.0,0.0,0.0,0.0,0.0,0.0
B679b68dcd9bb,S38533928bb7e,overhead,3481.0,drowsy,0.0,1.0,0.0,0.0,0.0,0.0,0.0,0.0,0.0,0.0,0.0,0.0,0.0,0.0,0.0,0.0
B679b68dcd9bb,S38533928bb7e,overhead,3482.0,drowsy,0.0,1.0,0.0,0.0,0.0,0.0,0.0,0.0,0.0,0.0,0.0,0.0,0.0,0.0,0.0,0.0
B68c2651dd7ae,Sc17507c06476,front,0.0,focus,1.0,0.0,1.0,0.0,0.0,0.0,0.0,0.0,0.0,0.0,0.0,0.0,0.0,0.0,0.0,0.0
B68c2651dd7ae,Sc17507c06476,front,1.0,focus,1.0,0.0,0.0,0.0,0.0,0.0,0.0,0.0,0.0,0.0,0.0,0.0,0.0,0.0,0.0,1.0
B68c2651dd7ae,Sc17507c06476,front,2.0,focus,1.0,0.0,1.0,0.0,0.0,0.0,0.0,0.0,0.0,0.0,1.0,0.0,0.0,0.0,0.0,0.0
B68c2651dd7ae,Sc17507c06476,front,3.0,focus,1.0,0.0,1.0,0.0,0.0,1.0,0.0,0.0,0.0,0.0,1.0,0.0,0.0,0.0,0.0,0.0
B68c2651dd7ae,Sc17507c06476,front,4.0,focus,1.0,0.0,1.0,0.0,0.0,1.0,0.0,0.0,0.0,0.0,1.0,0.0,0.0,0.0,0.0,0.0
B68c2651dd7ae,Sc17507c06476,front,5.0,focus,1.0,0.0,1.0,0.0,0.0,1.0,0.0,0.0,0.0,0.0,1.0,0.0,0.0,0.0,0.0,0.0
B68c2651dd7ae,Sc17507c06476,front,6.0,focus,1.0,0.0,1.0,0.0,0.0,1.0,0.0,0.0,0.0,0.0,1.0,0.0,0.0,0.0,0.0,0.0
B68c2651dd7ae,Sc17507c06476,front,7.0,focus,1.0,0.0,1.0,0.0,0.0,1.0,0.0,0.0,0.0,0.0,1.0,0.0,0.0,0.0,0.0,0.0
B68c2651dd7ae,Sc17507c06476,front,8.0,focus,1.0,0.0,1.0,0.0,0.0,1.0,0.0,0.0,0.0,0.0,1.0,0.0,0.0,0.0,0.0,0.0
B68c2651dd7ae,Sc17507c06476,front,9.0,focus,1.0,0.0,0.0,0.0,0.0,1.0,0.0,0.0,0.0,0.0,1.0,0.0,0.0,0.0,0.0,0.0
B68c2651dd7ae,Sc17507c06476,overhead,0.0,focus,0.0,1.0,0.0,0.0,0.0,0.0,0.0,0.0,0.0,0.0,0.0,0.0,0.0,0.0,0.0,0.0
B68c2651dd7ae,Sc17507c06476,overhead,1.0,focus,0.0,1.0,0.0,0.0,0.0,0.0,0.0,0.0,0.0,0.0,0.0,0.0,0.0,0.0,0.0,0.0
B68c2651dd7ae,Sc17507c06476,overhead,2.0,focus,0.0,1.0,0.0,0.0,0.0,0.0,0.0,0.0,0.0,0.0,0.0,0.0,0.0,0.0,0.0,0.0
B68c2651dd7ae,Sc17507c06476,overhead,3.0,focus,0.0,1.0,0.0,0.0,0.0,0.0,0.0,0.0,0.0,0.0,0.0,0.0,0.0,0.0,0.0,0.0
B68c2651dd7ae,Sc17507c06476,overhead,4.0,focus,0.0,1.0,0.0,0.0,0.0,0.0,0.0,0.0,0.0,0.0,0.0,0.0,0.0,0.0,0.0,0.0
B68c2651dd7ae,Sc17507c06476,overhead,5.0,focus,0.0,1.0,0.0,0.0,0.0,0.0,0.0,0.0,0.0,0.0,0.0,0.0,0.0,0.0,0.0,0.0
B68c2651dd7ae,Sc17507c06476,overhead,6.0,focus,0.0,1.0,0.0,0.0,0.0,0.0,0.0,0.0,0.0,0.0,0.0,0.0,0.0,0.0,0.0,0.0
B68c2651dd7ae,Sc17507c06476,overhead,7.0,focus,0.0,1.0,0.0,0.0,0.0,0.0,0.0,0.0,0.0,0.0,0.0,0.0,0.0,0.0,0.0,0.0
B68c2651dd7ae,Sc17507c06476,overhead,8.0,focus,0.0,1.0,0.0,0.0,0.0,0.0,0.0,0.0,0.0,0.0,0.0,0.0,0.0,0.0,0.0,0.0
B68c2651dd7ae,Sc17507c06476,overhead,9.0,focus,0.0,1.0,0.0,0.0,0.0,0.0,0.0,0.0,0.0,0.0,0.0,0.0,0.0,0.0,0.0,0.0
B68d3198240bf,S38533928bb7e,front,19.0,focus,1.0,0.0,1.0,0.0,0.0,0.0,0.0,0.0,0.0,0.0,0.0,0.0,0.0,0.0,0.0,0.0
B68d3198240bf,S38533928bb7e,front,20.0,focus,1.0,0.0,1.0,0.0,0.0,0.0,0.0,0.0,0.0,0.0,0.0,0.0,0.0,0.0,0.0,0.0
B68d3198240bf,S38533928bb7e,front,21.0,focus,1.0,0.0,1.0,0.0,0.0,0.0,1.0,0.0,1.0,1.0,0.0,1.0,0.0,0.0,0.0,0.0
B68d3198240bf,S38533928bb7e,front,22.0,focus,1.0,0.0,1.0,0.0,0.0,1.0,1.0,0.0,1.0,1.0,1.0,1.0,0.0,0.0,0.0,0.0
B68d3198240bf,S38533928bb7e,front,23.0,focus,1.0,0.0,1.0,0.0,0.0,1.0,1.0,0.0,1.0,1.0,1.0,1.0,0.0,0.0,0.0,0.0
B68d3198240bf,S38533928bb7e,front,24.0,focus,1.0,0.0,1.0,0.0,0.0,1.0,1.0,0.0,1.0,1.0,1.0,1.0,0.0,0.0,0.0,0.0
B68d3198240bf,S38533928bb7e,front,25.0,focus,1.0,0.0,1.0,0.0,0.0,0.0,1.0,0.0,1.0,1.0,0.0,1.0,0.0,0.0,0.0,0.0
B68d3198240bf,S38533928bb7e,front,26.0,focus,1.0,0.0,1.0,0.0,0.0,0.0,1.0,0.0,1.0,1.0,1.0,1.0,0.0,0.0,0.0,0.0
B68d3198240bf,S38533928bb7e,front,27.0,focus,1.0,0.0,1.0,0.0,0.0,0.0,1.0,0.0,1.0,1.0,0.0,1.0,0.0,0.0,0.0,0.0
B68d3198240bf,S38533928bb7e,front,28.0,focus,1.0,0.0,1.0,0.0,0.0,0.0,1.0,0.0,1.0,1.0,0.0,1.0,0.0,0.0,0.0,0.0
B68d3198240bf,S38533928bb7e,overhead,19.0,focus,0.0,1.0,0.0,0.0,0.0,0.0,0.0,0.0,0.0,0.0,0.0,0.0,0.0,0.0,0.0,0.0
B68d3198240bf,S38533928bb7e,overhead,20.0,focus,0.0,1.0,0.0,0.0,0.0,0.0,0.0,0.0,0.0,0.0,0.0,0.0,0.0,0.0,0.0,0.0
B68d3198240bf,S38533928bb7e,overhead,21.0,focus,0.0,1.0,0.0,0.0,0.0,0.0,0.0,0.0,0.0,0.0,0.0,0.0,0.0,0.0,0.0,0.0
B68d3198240bf,S38533928bb7e,overhead,22.0,focus,0.0,1.0,0.0,0.0,0.0,0.0,0.0,0.0,0.0,0.0,0.0,0.0,0.0,0.0,0.0,0.0
B68d3198240bf,S38533928bb7e,overhead,23.0,focus,0.0,1.0,0.0,0.0,0.0,0.0,0.0,0.0,0.0,0.0,0.0,0.0,0.0,0.0,0.0,0.0
B68d3198240bf,S38533928bb7e,overhead,24.0,focus,0.0,1.0,0.0,0.0,0.0,0.0,0.0,0.0,0.0,0.0,0.0,0.0,0.0,0.0,0.0,0.0
B68d3198240bf,S38533928bb7e,overhead,25.0,focus,0.0,1.0,0.0,0.0,0.0,1.0,0.0,0.0,0.0,0.0,1.0,0.0,0.0,0.0,0.0,0.0
B68d3198240bf,S38533928bb7e,overhead,26.0,focus,0.0,1.0,0.0,0.0,0.0,1.0,0.0,0.0,0.0,0.0,1.0,0.0,0.0,0.0,0.0,0.0
B68d3198240bf,S38533928bb7e,overhead,27.0,focus,0.0,1.0,0.0,0.0,0.0,0.0,0.0,0.0,0.0,0.0,0.0,0.0,0.0,0.0,0.0,0.0
B68d3198240bf,S38533928bb7e,overhead,28.0,focus,0.0,1.0,0.0,0.0,0.0,0.0,0.0,0.0,0.0,0.0,0.0,0.0,0.0,0.0,0.0,0.0
B6950eb240447,Sc17507c06476,front,0.0,focus,1.0,0.0,1.0,0.0,0.0,0.0,0.0,0.0,0.0,0.0,1.0,0.0,0.0,0.0,0.0,0.0
B6950eb240447,Sc17507c06476,front,1.0,focus,1.0,0.0,1.0,0.0,0.0,1.0,0.0,0.0,0.0,0.0,1.0,0.0,0.0,0.0,0.0,0.0
B6950eb240447,Sc17507c06476,front,2.0,focus,1.0,0.0,1.0,0.0,0.0,1.0,0.0,0.0,0.0,0.0,1.0,0.0,0.0,0.0,0.0,0.0
B6950eb240447,Sc17507c06476,front,3.0,focus,1.0,0.0,1.0,0.0,0.0,1.0,0.0,0.0,0.0,0.0,1.0,0.0,0.0,0.0,0.0,0.0
B6950eb240447,Sc17507c06476,front,4.0,focus,1.0,0.0,1.0,0.0,0.0,0.0,0.0,0.0,0.0,0.0,0.0,0.0,0.0,0.0,0.0,0.0
B6950eb240447,Sc17507c06476,front,5.0,focus,1.0,0.0,1.0,0.0,0.0,0.0,0.0,0.0,0.0,0.0,0.0,0.0,0.0,0.0,0.0,0.0
B6950eb240447,Sc17507c06476,front,6.0,focus,1.0,0.0,1.0,0.0,0.0,0.0,0.0,0.0,0.0,0.0,0.0,0.0,0.0,0.0,0.0,0.0
B6950eb240447,Sc17507c06476,front,7.0,focus,1.0,0.0,1.0,0.0,0.0,0.0,0.0,0.0,0.0,0.0,0.0,0.0,0.0,0.0,0.0,0.0
B6950eb240447,Sc17507c06476,front,8.0,focus,1.0,0.0,1.0,0.0,0.0,0.0,0.0,0.0,0.0,0.0,0.0,0.0,0.0,0.0,0.0,0.0
B6950eb240447,Sc17507c06476,front,9.0,focus,1.0,0.0,1.0,0.0,0.0,0.0,0.0,0.0,0.0,0.0,0.0,0.0,0.0,0.0,0.0,0.0
B6950eb240447,Sc17507c06476,overhead,0.0,focus,0.0,1.0,0.0,0.0,0.0,0.0,0.0,0.0,0.0,0.0,0.0,0.0,0.0,0.0,0.0,0.0
B6950eb240447,Sc17507c06476,overhead,1.0,focus,0.0,1.0,0.0,0.0,0.0,0.0,0.0,0.0,0.0,0.0,0.0,0.0,0.0,0.0,0.0,0.0
B6950eb240447,Sc17507c06476,overhead,2.0,focus,0.0,1.0,0.0,0.0,0.0,1.0,0.0,0.0,0.0,0.0,1.0,0.0,0.0,0.0,0.0,0.0
B6950eb240447,Sc17507c06476,overhead,3.0,focus,0.0,1.0,0.0,0.0,0.0,1.0,0.0,0.0,0.0,0.0,1.0,0.0,0.0,0.0,0.0,0.0
B6950eb240447,Sc17507c06476,overhead,4.0,focus,0.0,1.0,0.0,0.0,0.0,1.0,0.0,0.0,0.0,0.0,1.0,0.0,0.0,0.0,0.0,0.0
B6950eb240447,Sc17507c06476,overhead,5.0,focus,0.0,1.0,0.0,0.0,0.0,1.0,0.0,0.0,0.0,0.0,1.0,0.0,0.0,0.0,0.0,0.0
B6950eb240447,Sc17507c06476,overhead,6.0,focus,0.0,1.0,0.0,0.0,0.0,1.0,0.0,0.0,0.0,0.0,1.0,0.0,0.0,0.0,0.0,0.0
B6950eb240447,Sc17507c06476,overhead,7.0,focus,0.0,1.0,0.0,0.0,0.0,1.0,0.0,0.0,0.0,0.0,1.0,0.0,0.0,0.0,0.0,0.0
B6950eb240447,Sc17507c06476,overhead,8.0,focus,0.0,1.0,0.0,0.0,0.0,1.0,0.0,0.0,0.0,0.0,1.0,0.0,0.0,0.0,0.0,0.0
B6950eb240447,Sc17507c06476,overhead,9.0,focus,0.0,1.0,0.0,0.0,0.0,0.0,0.0,0.0,0.0,0.0,0.0,0.0,0.0,0.0,0.0,0.0
B69edac4c56f0,S38533928bb7e,front,4305.0,drowsy,1.0,0.0,1.0,0.0,0.0,0.0,1.0,0.0,1.0,1.0,0.0,1.0,0.0,0.0,0.0,0.0
B69edac4c56f0,S38533928bb7e,front,4306.0,drowsy,1.0,0.0,1.0,0.0,0.0,0.0,1.0,0.0,1.0,1.0,0.0,1.0,0.0,0.0,0.0,0.0
B69edac4c56f0,S38533928bb7e,front,4307.0,drowsy,1.0,0.0,1.0,0.0,0.0,0.0,1.0,0.0,1.0,1.0,0.0,1.0,0.0,0.0,0.0,0.0
B69edac4c56f0,S38533928bb7e,front,4308.0,drowsy,1.0,0.0,1.0,0.0,0.0,0.0,1.0,0.0,1.0,1.0,0.0,1.0,0.0,0.0,0.0,0.0
B69edac4c56f0,S38533928bb7e,front,4309.0,drowsy,1.0,0.0,1.0,0.0,0.0,0.0,1.0,0.0,1.0,1.0,0.0,1.0,0.0,0.0,0.0,0.0
B69edac4c56f0,S38533928bb7e,front,4310.0,drowsy,1.0,0.0,1.0,0.0,0.0,0.0,1.0,0.0,1.0,1.0,0.0,1.0,0.0,0.0,0.0,0.0
B69edac4c56f0,S38533928bb7e,front,4311.0,drowsy,1.0,0.0,1.0,0.0,0.0,0.0,1.0,0.0,1.0,1.0,0.0,1.0,0.0,0.0,0.0,0.0
B69edac4c56f0,S38533928bb7e,front,4312.0,drowsy,1.0,0.0,1.0,0.0,0.0,0.0,1.0,0.0,1.0,1.0,0.0,1.0,0.0,0.0,0.0,0.0
B69edac4c56f0,S38533928bb7e,front,4313.0,drowsy,1.0,0.0,1.0,0.0,0.0,0.0,1.0,0.0,1.0,1.0,0.0,1.0,0.0,0.0,0.0,0.0
B69edac4c56f0,S38533928bb7e,front,4314.0,drowsy,1.0,0.0,1.0,0.0,0.0,0.0,1.0,0.0,1.0,1.0,0.0,1.0,0.0,0.0,0.0,0.0
B69edac4c56f0,S38533928bb7e,overhead,4305.0,drowsy,0.0,1.0,0.0,0.0,0.0,0.0,0.0,0.0,0.0,0.0,0.0,0.0,0.0,0.0,0.0,0.0
B69edac4c56f0,S38533928bb7e,overhead,4306.0,drowsy,0.0,1.0,0.0,0.0,0.0,0.0,0.0,0.0,0.0,0.0,0.0,0.0,0.0,0.0,0.0,0.0
B69edac4c56f0,S38533928bb7e,overhead,4307.0,drowsy,0.0,1.0,0.0,0.0,0.0,0.0,0.0,0.0,0.0,0.0,0.0,0.0,0.0,0.0,0.0,0.0
B69edac4c56f0,S38533928bb7e,overhead,4308.0,drowsy,0.0,1.0,0.0,0.0,0.0,0.0,0.0,0.0,0.0,0.0,0.0,0.0,0.0,0.0,0.0,0.0
B69edac4c56f0,S38533928bb7e,overhead,4309.0,drowsy,0.0,1.0,0.0,0.0,0.0,0.0,0.0,0.0,0.0,0.0,0.0,0.0,0.0,0.0,0.0,0.0
B69edac4c56f0,S38533928bb7e,overhead,4310.0,drowsy,0.0,1.0,0.0,0.0,0.0,0.0,0.0,0.0,0.0,0.0,0.0,0.0,0.0,0.0,0.0,0.0
B69edac4c56f0,S38533928bb7e,overhead,4311.0,drowsy,0.0,1.0,0.0,0.0,0.0,0.0,0.0,0.0,0.0,0.0,0.0,0.0,0.0,0.0,0.0,0.0
B69edac4c56f0,S38533928bb7e,overhead,4312.0,drowsy,0.0,1.0,0.0,0.0,0.0,0.0,0.0,0.0,0.0,0.0,0.0,0.0,0.0,0.0,0.0,0.0
B69edac4c56f0,S38533928bb7e,overhead,4313.0,drowsy,0.0,1.0,0.0,0.0,0.0,0.0,0.0,0.0,0.0,0.0,0.0,0.0,0.0,0.0,0.0,0.0
B69edac4c56f0,S38533928bb7e,overhead,4314.0,drowsy,0.0,1.0,0.0,0.0,0.0,0.0,0.0,0.0,0.0,0.0,0.0,0.0,0.0,0.0,0.0,0.0
B6a57d5db026e,Se9ae4c661219,front,0.0,focus,1.0,0.0,0.0,0.0,0.0,0.0,0.0,0.0,0.0,0.0,0.0,0.0,0.0,0.0,0.0,0.0
B6a57d5db026e,Se9ae4c661219,front,1.0,focus,1.0,0.0,0.0,0.0,0.0,0.0,0.0,0.0,0.0,0.0,0.0,0.0,0.0,0.0,0.0,0.0
B6a57d5db026e,Se9ae4c661219,front,2.0,focus,1.0,0.0,0.0,0.0,0.0,0.0,0.0,0.0,0.0,0.0,0.0,0.0,0.0,0.0,0.0,0.0
B6a57d5db026e,Se9ae4c661219,front,3.0,focus,1.0,0.0,0.0,0.0,0.0,0.0,0.0,0.0,0.0,0.0,0.0,0.0,0.0,0.0,0.0,0.0
B6a57d5db026e,Se9ae4c661219,front,4.0,focus,1.0,0.0,0.0,0.0,0.0,0.0,0.0,0.0,0.0,0.0,0.0,0.0,0.0,0.0,0.0,0.0
B6a57d5db026e,Se9ae4c661219,front,5.0,focus,1.0,0.0,0.0,0.0,0.0,0.0,0.0,0.0,0.0,0.0,0.0,0.0,0.0,0.0,0.0,0.0
B6a57d5db026e,Se9ae4c661219,front,6.0,focus,1.0,0.0,0.0,0.0,0.0,0.0,0.0,0.0,0.0,0.0,0.0,0.0,0.0,0.0,0.0,0.0
B6a57d5db026e,Se9ae4c661219,front,7.0,focus,1.0,0.0,0.0,0.0,0.0,0.0,0.0,0.0,0.0,0.0,0.0,0.0,0.0,0.0,0.0,0.0
B6a57d5db026e,Se9ae4c661219,front,8.0,focus,1.0,0.0,0.0,0.0,0.0,0.0,0.0,0.0,0.0,0.0,0.0,0.0,0.0,0.0,0.0,0.0
B6a57d5db026e,Se9ae4c661219,front,9.0,focus,1.0,0.0,0.0,0.0,0.0,0.0,0.0,0.0,0.0,0.0,0.0,0.0,0.0,0.0,0.0,0.0
B6a57d5db026e,Se9ae4c661219,overhead,0.0,focus,0.0,1.0,0.0,0.0,0.0,0.0,0.0,0.0,0.0,0.0,1.0,0.0,0.0,0.0,0.0,0.0
B6a57d5db026e,Se9ae4c661219,overhead,1.0,focus,0.0,1.0,0.0,0.0,0.0,0.0,0.0,0.0,0.0,0.0,1.0,0.0,0.0,0.0,0.0,0.0
B6a57d5db026e,Se9ae4c661219,overhead,2.0,focus,0.0,1.0,0.0,0.0,0.0,1.0,0.0,0.0,0.0,0.0,1.0,0.0,0.0,0.0,0.0,0.0
B6a57d5db026e,Se9ae4c661219,overhead,3.0,focus,0.0,1.0,0.0,0.0,0.0,1.0,0.0,0.0,0.0,0.0,1.0,0.0,0.0,0.0,0.0,0.0
B6a57d5db026e,Se9ae4c661219,overhead,4.0,focus,0.0,1.0,0.0,0.0,0.0,1.0,0.0,0.0,0.0,0.0,0.0,0.0,0.0,0.0,0.0,0.0
B6a57d5db026e,Se9ae4c661219,overhead,5.0,focus,0.0,1.0,0.0,0.0,0.0,1.0,0.0,0.0,0.0,0.0,1.0,0.0,0.0,0.0,0.0,0.0
B6a57d5db026e,Se9ae4c661219,overhead,6.0,focus,0.0,1.0,0.0,0.0,0.0,0.0,0.0,0.0,0.0,0.0,1.0,0.0,0.0,0.0,0.0,0.0
B6a57d5db026e,Se9ae4c661219,overhead,7.0,focus,0.0,1.0,0.0,0.0,0.0,1.0,0.0,0.0,0.0,0.0,1.0,0.0,0.0,0.0,0.0,0.0
B6a57d5db026e,Se9ae4c661219,overhead,8.0,focus,0.0,1.0,0.0,0.0,0.0,1.0,0.0,0.0,0.0,0.0,1.0,0.0,0.0,0.0,0.0,0.0
B6a57d5db026e,Se9ae4c661219,overhead,9.0,focus,0.0,1.0,0.0,0.0,0.0,1.0,0.0,0.0,0.0,0.0,1.0,0.0,0.0,0.0,0.0,0.0
B6adb9649c070,S38533928bb7e,front,2168.0,gaze_side,1.0,0.0,1.0,1.0,0.0,0.0,0.0,0.0,0.0,0.0,1.0,0.0,0.0,0.0,0.0,0.0
B6adb9649c070,S38533928bb7e,front,2169.0,gaze_side,1.0,0.0,0.0,0.0,0.0,0.0,0.0,0.0,0.0,0.0,0.0,0.0,0.0,0.0,0.0,1.0
B6adb9649c070,S38533928bb7e,front,2170.0,gaze_side,1.0,0.0,1.0,0.0,0.0,1.0,0.0,0.0,0.0,0.0,1.0,0.0,0.0,0.0,0.0,0.0
B6adb9649c070,S38533928bb7e,front,2171.0,gaze_side,1.0,0.0,1.0,0.0,0.0,1.0,0.0,0.0,0.0,0.0,1.0,0.0,0.0,0.0,0.0,0.0
B6adb9649c070,S38533928bb7e,front,2172.0,gaze_side,1.0,0.0,1.0,0.0,0.0,1.0,0.0,0.0,0.0,0.0,1.0,0.0,0.0,0.0,0.0,0.0
B6adb9649c070,S38533928bb7e,front,2173.0,gaze_side,1.0,0.0,1.0,0.0,0.0,1.0,0.0,0.0,0.0,0.0,1.0,0.0,0.0,0.0,0.0,0.0
B6adb9649c070,S38533928bb7e,front,2174.0,gaze_side,1.0,0.0,1.0,0.0,0.0,1.0,0.0,0.0,0.0,0.0,1.0,0.0,0.0,0.0,0.0,0.0
B6adb9649c070,S38533928bb7e,front,2175.0,gaze_side,1.0,0.0,1.0,0.0,0.0,1.0,0.0,0.0,0.0,0.0,1.0,0.0,0.0,0.0,0.0,0.0
B6adb9649c070,S38533928bb7e,overhead,2168.0,gaze_side,0.0,1.0,0.0,0.0,0.0,0.0,0.0,0.0,0.0,0.0,0.0,0.0,0.0,0.0,0.0,0.0
B6adb9649c070,S38533928bb7e,overhead,2169.0,gaze_side,0.0,1.0,0.0,0.0,0.0,0.0,0.0,0.0,0.0,0.0,0.0,0.0,0.0,0.0,0.0,0.0
B6adb9649c070,S38533928bb7e,overhead,2170.0,gaze_side,0.0,1.0,0.0,0.0,0.0,0.0,0.0,0.0,0.0,0.0,0.0,0.0,0.0,0.0,0.0,0.0
B6adb9649c070,S38533928bb7e,overhead,2171.0,gaze_side,0.0,1.0,0.0,0.0,0.0,0.0,0.0,0.0,0.0,0.0,0.0,0.0,0.0,0.0,0.0,0.0
B6adb9649c070,S38533928bb7e,overhead,2172.0,gaze_side,0.0,1.0,0.0,0.0,0.0,0.0,0.0,0.0,0.0,0.0,0.0,0.0,0.0,0.0,0.0,0.0
B6adb9649c070,S38533928bb7e,overhead,2173.0,gaze_side,0.0,1.0,0.0,0.0,0.0,0.0,0.0,0.0,0.0,0.0,0.0,0.0,0.0,0.0,0.0,0.0
B6adb9649c070,S38533928bb7e,overhead,2174.0,gaze_side,0.0,1.0,0.0,0.0,0.0,0.0,0.0,0.0,0.0,0.0,0.0,0.0,0.0,0.0,0.0,0.0
B6adb9649c070,S38533928bb7e,overhead,2175.0,gaze_side,0.0,1.0,0.0,0.0,0.0,0.0,0.0,0.0,0.0,0.0,0.0,0.0,0.0,0.0,0.0,0.0
B6c247186f35b,Sd507e72fb21a,front,0.0,unknown,1.0,0.0,0.0,0.0,0.0,0.0,0.0,0.0,0.0,0.0,0.0,0.0,0.0,0.0,0.0,0.0
B6c247186f35b,Sd507e72fb21a,front,1.0,unknown,1.0,0.0,0.0,0.0,0.0,0.0,0.0,0.0,0.0,0.0,0.0,0.0,0.0,0.0,0.0,0.0
B6c247186f35b,Sd507e72fb21a,front,2.0,unknown,1.0,0.0,0.0,0.0,0.0,0.0,0.0,0.0,0.0,0.0,0.0,0.0,0.0,0.0,0.0,0.0
B6c247186f35b,Sd507e72fb21a,front,3.0,unknown,1.0,0.0,0.0,0.0,0.0,0.0,0.0,0.0,0.0,0.0,0.0,0.0,0.0,0.0,0.0,0.0
B6c247186f35b,Sd507e72fb21a,front,4.0,unknown,1.0,0.0,0.0,0.0,0.0,0.0,0.0,0.0,0.0,0.0,0.0,0.0,0.0,0.0,0.0,0.0
B6c247186f35b,Sd507e72fb21a,overhead,0.0,unknown,0.0,1.0,0.0,0.0,0.0,0.0,0.0,0.0,0.0,0.0,0.0,0.0,0.0,0.0,0.0,0.0
B6c247186f35b,Sd507e72fb21a,overhead,1.0,unknown,0.0,1.0,0.0,0.0,0.0,0.0,0.0,0.0,0.0,0.0,0.0,0.0,0.0,0.0,0.0,0.0
B6c247186f35b,Sd507e72fb21a,overhead,2.0,unknown,0.0,1.0,0.0,0.0,0.0,0.0,0.0,0.0,0.0,0.0,0.0,0.0,0.0,0.0,0.0,0.0
B6c247186f35b,Sd507e72fb21a,overhead,3.0,unknown,0.0,1.0,0.0,0.0,0.0,0.0,0.0,0.0,0.0,0.0,0.0,0.0,0.0,0.0,0.0,0.0
B6c247186f35b,Sd507e72fb21a,overhead,4.0,unknown,0.0,1.0,0.0,0.0,0.0,0.0,0.0,0.0,0.0,0.0,0.0,0.0,0.0,0.0,0.0,0.0
B6d6a8afe9046,S38533928bb7e,front,300.0,focus,1.0,0.0,1.0,0.0,0.0,0.0,0.0,0.0,0.0,0.0,0.0,0.0,0.0,0.0,0.0,0.0
B6d6a8afe9046,S38533928bb7e,front,301.0,focus,1.0,0.0,1.0,0.0,0.0,0.0,0.0,0.0,0.0,0.0,0.0,0.0,0.0,0.0,0.0,0.0
B6d6a8afe9046,S38533928bb7e,front,302.0,focus,1.0,0.0,1.0,0.0,0.0,1.0,0.0,0.0,0.0,0.0,1.0,0.0,0.0,0.0,0.0,0.0
B6d6a8afe9046,S38533928bb7e,front,303.0,focus,1.0,0.0,1.0,0.0,0.0,1.0,0.0,0.0,0.0,0.0,1.0,0.0,0.0,0.0,0.0,0.0
B6d6a8afe9046,S38533928bb7e,front,304.0,focus,1.0,0.0,1.0,0.0,0.0,1.0,0.0,0.0,0.0,0.0,1.0,0.0,0.0,0.0,0.0,0.0
B6d6a8afe9046,S38533928bb7e,front,305.0,focus,1.0,0.0,1.0,0.0,0.0,1.0,0.0,0.0,0.0,0.0,1.0,0.0,0.0,0.0,0.0,0.0
B6d6a8afe9046,S38533928bb7e,front,306.0,focus,1.0,0.0,1.0,0.0,0.0,1.0,0.0,0.0,0.0,0.0,1.0,0.0,0.0,0.0,0.0,0.0
B6d6a8afe9046,S38533928bb7e,front,307.0,focus,1.0,0.0,1.0,0.0,0.0,1.0,0.0,0.0,0.0,0.0,1.0,0.0,0.0,0.0,0.0,0.0
B6d6a8afe9046,S38533928bb7e,front,308.0,focus,1.0,0.0,1.0,0.0,0.0,1.0,0.0,0.0,0.0,0.0,1.0,0.0,0.0,0.0,0.0,0.0
B6d6a8afe9046,S38533928bb7e,front,309.0,focus,1.0,0.0,1.0,0.0,0.0,1.0,0.0,0.0,0.0,0.0,1.0,0.0,0.0,0.0,0.0,0.0
B6d6a8afe9046,S38533928bb7e,overhead,300.0,focus,0.0,1.0,0.0,0.0,0.0,0.0,0.0,0.0,0.0,0.0,1.0,0.0,0.0,0.0,0.0,0.0
B6d6a8afe9046,S38533928bb7e,overhead,301.0,focus,0.0,1.0,0.0,0.0,0.0,0.0,0.0,0.0,0.0,0.0,1.0,0.0,0.0,0.0,0.0,0.0
B6d6a8afe9046,S38533928bb7e,overhead,302.0,focus,0.0,1.0,0.0,0.0,0.0,1.0,0.0,0.0,0.0,0.0,1.0,0.0,0.0,0.0,0.0,0.0
B6d6a8afe9046,S38533928bb7e,overhead,303.0,focus,0.0,1.0,0.0,0.0,0.0,1.0,0.0,0.0,0.0,0.0,1.0,0.0,0.0,0.0,0.0,0.0
B6d6a8afe9046,S38533928bb7e,overhead,304.0,focus,0.0,1.0,0.0,0.0,0.0,1.0,0.0,0.0,0.0,0.0,1.0,0.0,0.0,0.0,0.0,0.0
B6d6a8afe9046,S38533928bb7e,overhead,305.0,focus,0.0,1.0,0.0,0.0,0.0,1.0,0.0,0.0,0.0,0.0,1.0,0.0,0.0,0.0,0.0,0.0
B6d6a8afe9046,S38533928bb7e,overhead,306.0,focus,0.0,1.0,0.0,0.0,0.0,1.0,0.0,0.0,0.0,0.0,1.0,0.0,0.0,0.0,0.0,0.0
B6d6a8afe9046,S38533928bb7e,overhead,307.0,focus,0.0,1.0,0.0,0.0,0.0,1.0,0.0,0.0,0.0,0.0,1.0,0.0,0.0,0.0,0.0,0.0
B6d6a8afe9046,S38533928bb7e,overhead,308.0,focus,0.0,1.0,0.0,0.0,0.0,0.0,0.0,0.0,0.0,0.0,0.0,0.0,0.0,0.0,0.0,0.0
B6d6a8afe9046,S38533928bb7e,overhead,309.0,focus,0.0,1.0,0.0,0.0,0.0,0.0,0.0,0.0,0.0,0.0,0.0,0.0,0.0,0.0,0.0,0.0
B6e69333429e5,S08ea3e793bb0,front,0.0,focus,1.0,0.0,1.0,0.0,0.0,1.0,0.0,0.0,0.0,0.0,1.0,0.0,0.0,0.0,0.0,0.0
B6e69333429e5,S08ea3e793bb0,front,1.0,focus,1.0,0.0,1.0,0.0,0.0,1.0,0.0,0.0,0.0,0.0,1.0,0.0,0.0,0.0,0.0,0.0
B6e69333429e5,S08ea3e793bb0,front,2.0,focus,1.0,0.0,1.0,0.0,0.0,1.0,0.0,0.0,0.0,0.0,1.0,0.0,0.0,0.0,0.0,0.0
B6e69333429e5,S08ea3e793bb0,front,3.0,focus,1.0,0.0,1.0,0.0,0.0,1.0,1.0,0.0,0.0,1.0,1.0,0.0,0.0,0.0,0.0,0.0
B6e69333429e5,S08ea3e793bb0,front,4.0,focus,1.0,0.0,1.0,0.0,0.0,1.0,1.0,0.0,0.0,1.0,1.0,0.0,0.0,0.0,0.0,0.0
B6e69333429e5,S08ea3e793bb0,front,5.0,focus,1.0,0.0,1.0,0.0,0.0,1.0,0.0,0.0,0.0,0.0,1.0,0.0,0.0,0.0,0.0,0.0
B6e69333429e5,S08ea3e793bb0,front,6.0,focus,1.0,0.0,1.0,0.0,0.0,0.0,0.0,0.0,0.0,0.0,1.0,0.0,0.0,0.0,0.0,0.0
B6e69333429e5,S08ea3e793bb0,front,7.0,focus,1.0,0.0,1.0,0.0,0.0,1.0,1.0,1.0,0.0,1.0,1.0,0.0,0.0,0.0,0.0,0.0
B6e69333429e5,S08ea3e793bb0,front,8.0,focus,1.0,0.0,1.0,0.0,0.0,1.0,0.0,0.0,0.0,0.0,1.0,0.0,0.0,0.0,0.0,0.0
B6e69333429e5,S08ea3e793bb0,front,9.0,focus,1.0,0.0,1.0,0.0,0.0,1.0,0.0,0.0,0.0,0.0,1.0,0.0,0.0,0.0,0.0,0.0
B6e69333429e5,S08ea3e793bb0,overhead,0.0,focus,0.0,1.0,0.0,0.0,0.0,0.0,0.0,0.0,0.0,0.0,0.0,0.0,0.0,0.0,0.0,0.0
B6e69333429e5,S08ea3e793bb0,overhead,1.0,focus,0.0,1.0,0.0,0.0,0.0,0.0,0.0,0.0,0.0,0.0,0.0,0.0,0.0,0.0,0.0,0.0
B6e69333429e5,S08ea3e793bb0,overhead,2.0,focus,0.0,1.0,0.0,0.0,0.0,0.0,0.0,0.0,0.0,0.0,0.0,0.0,0.0,0.0,0.0,0.0
B6e69333429e5,S08ea3e793bb0,overhead,3.0,focus,0.0,1.0,0.0,0.0,0.0,0.0,0.0,0.0,0.0,0.0,0.0,0.0,0.0,0.0,0.0,0.0
B6e69333429e5,S08ea3e793bb0,overhead,4.0,focus,0.0,1.0,0.0,0.0,0.0,0.0,0.0,0.0,0.0,0.0,0.0,0.0,0.0,0.0,0.0,0.0
B6e69333429e5,S08ea3e793bb0,overhead,5.0,focus,0.0,1.0,0.0,0.0,0.0,0.0,0.0,0.0,0.0,0.0,0.0,0.0,0.0,0.0,0.0,0.0
B6e69333429e5,S08ea3e793bb0,overhead,6.0,focus,0.0,1.0,0.0,0.0,0.0,0.0,0.0,0.0,0.0,0.0,0.0,0.0,0.0,0.0,0.0,0.0
B6e69333429e5,S08ea3e793bb0,overhead,7.0,focus,0.0,1.0,0.0,0.0,0.0,0.0,0.0,0.0,0.0,0.0,0.0,0.0,0.0,0.0,0.0,0.0
B6e69333429e5,S08ea3e793bb0,overhead,8.0,focus,0.0,1.0,0.0,0.0,0.0,0.0,0.0,0.0,0.0,0.0,0.0,0.0,0.0,0.0,0.0,0.0
B6e69333429e5,S08ea3e793bb0,overhead,9.0,focus,0.0,1.0,0.0,0.0,0.0,0.0,0.0,0.0,0.0,0.0,0.0,0.0,0.0,0.0,0.0,0.0
B6fab7dcbfcc5,S41983e9ca40a,front,0.0,unknown,1.0,0.0,0.0,0.0,0.0,0.0,0.0,0.0,0.0,0.0,0.0,0.0,0.0,0.0,0.0,0.0
B6fab7dcbfcc5,S41983e9ca40a,front,1.0,unknown,1.0,0.0,0.0,0.0,0.0,0.0,0.0,0.0,0.0,0.0,0.0,0.0,0.0,0.0,0.0,0.0
B6fab7dcbfcc5,S41983e9ca40a,front,2.0,unknown,1.0,0.0,0.0,0.0,0.0,0.0,0.0,0.0,0.0,0.0,0.0,0.0,0.0,0.0,0.0,0.0
B6fab7dcbfcc5,S41983e9ca40a,front,3.0,unknown,1.0,0.0,0.0,0.0,0.0,0.0,0.0,0.0,0.0,0.0,0.0,0.0,0.0,0.0,0.0,0.0
B6fab7dcbfcc5,S41983e9ca40a,front,4.0,unknown,1.0,0.0,0.0,0.0,0.0,0.0,0.0,0.0,0.0,0.0,0.0,0.0,0.0,0.0,0.0,0.0
B6fab7dcbfcc5,S41983e9ca40a,front,5.0,unknown,1.0,0.0,0.0,0.0,0.0,0.0,0.0,0.0,0.0,0.0,0.0,0.0,0.0,0.0,0.0,0.0
B6fab7dcbfcc5,S41983e9ca40a,front,6.0,unknown,1.0,0.0,0.0,0.0,0.0,0.0,0.0,0.0,0.0,0.0,0.0,0.0,0.0,0.0,0.0,0.0
B6fab7dcbfcc5,S41983e9ca40a,front,7.0,unknown,1.0,0.0,0.0,0.0,0.0,0.0,0.0,0.0,0.0,0.0,0.0,0.0,0.0,0.0,0.0,0.0
B6fab7dcbfcc5,S41983e9ca40a,front,8.0,unknown,1.0,0.0,0.0,0.0,0.0,0.0,0.0,0.0,0.0,0.0,0.0,0.0,0.0,0.0,0.0,0.0
B6fab7dcbfcc5,S41983e9ca40a,front,9.0,unknown,1.0,0.0,0.0,0.0,0.0,0.0,0.0,0.0,0.0,0.0,0.0,0.0,0.0,0.0,0.0,0.0
B6fab7dcbfcc5,S41983e9ca40a,overhead,0.0,unknown,0.0,1.0,0.0,0.0,0.0,0.0,0.0,0.0,0.0,0.0,0.0,0.0,0.0,0.0,0.0,0.0
B6fab7dcbfcc5,S41983e9ca40a,overhead,1.0,unknown,0.0,1.0,0.0,0.0,0.0,0.0,0.0,0.0,0.0,0.0,0.0,0.0,0.0,0.0,0.0,0.0
B6fab7dcbfcc5,S41983e9ca40a,overhead,2.0,unknown,0.0,1.0,0.0,0.0,0.0,0.0,0.0,0.0,0.0,0.0,0.0,0.0,0.0,0.0,0.0,0.0
B6fab7dcbfcc5,S41983e9ca40a,overhead,3.0,unknown,0.0,1.0,0.0,0.0,0.0,0.0,0.0,0.0,0.0,0.0,0.0,0.0,0.0,0.0,0.0,0.0
B6fab7dcbfcc5,S41983e9ca40a,overhead,4.0,unknown,0.0,1.0,0.0,0.0,0.0,0.0,0.0,0.0,0.0,0.0,0.0,0.0,0.0,0.0,0.0,0.0
B6fab7dcbfcc5,S41983e9ca40a,overhead,5.0,unknown,0.0,1.0,0.0,0.0,0.0,0.0,0.0,0.0,0.0,0.0,0.0,0.0,0.0,0.0,0.0,0.0
B6fab7dcbfcc5,S41983e9ca40a,overhead,6.0,unknown,0.0,1.0,0.0,0.0,0.0,0.0,0.0,0.0,0.0,0.0,0.0,0.0,0.0,0.0,0.0,0.0
B6fab7dcbfcc5,S41983e9ca40a,overhead,7.0,unknown,0.0,1.0,0.0,0.0,0.0,0.0,0.0,0.0,0.0,0.0,0.0,0.0,0.0,0.0,0.0,0.0
B6fab7dcbfcc5,S41983e9ca40a,overhead,8.0,unknown,0.0,1.0,0.0,0.0,0.0,0.0,0.0,0.0,0.0,0.0,0.0,0.0,0.0,0.0,0.0,0.0
B6fab7dcbfcc5,S41983e9ca40a,overhead,9.0,unknown,0.0,1.0,0.0,0.0,0.0,0.0,0.0,0.0,0.0,0.0,0.0,0.0,0.0,0.0,0.0,0.0
B707e4f78da7e,S41983e9ca40a,front,0.0,unknown,1.0,0.0,0.0,0.0,0.0,0.0,0.0,0.0,0.0,0.0,0.0,0.0,0.0,0.0,0.0,0.0
B707e4f78da7e,S41983e9ca40a,front,1.0,unknown,1.0,0.0,0.0,0.0,0.0,0.0,0.0,0.0,0.0,0.0,0.0,0.0,0.0,0.0,0.0,0.0
B707e4f78da7e,S41983e9ca40a,front,2.0,unknown,1.0,0.0,0.0,0.0,0.0,0.0,0.0,0.0,0.0,0.0,0.0,0.0,0.0,0.0,0.0,0.0
B707e4f78da7e,S41983e9ca40a,front,3.0,unknown,1.0,0.0,0.0,0.0,0.0,0.0,0.0,0.0,0.0,0.0,0.0,0.0,0.0,0.0,0.0,0.0
B707e4f78da7e,S41983e9ca40a,front,4.0,unknown,1.0,0.0,0.0,0.0,0.0,0.0,0.0,0.0,0.0,0.0,0.0,0.0,0.0,0.0,0.0,0.0
B707e4f78da7e,S41983e9ca40a,front,5.0,unknown,1.0,0.0,0.0,0.0,0.0,0.0,0.0,0.0,0.0,0.0,0.0,0.0,0.0,0.0,0.0,0.0
B707e4f78da7e,S41983e9ca40a,front,6.0,unknown,1.0,0.0,0.0,0.0,0.0,0.0,0.0,0.0,0.0,0.0,0.0,0.0,0.0,0.0,0.0,0.0
B707e4f78da7e,S41983e9ca40a,front,7.0,unknown,1.0,0.0,0.0,0.0,0.0,0.0,0.0,0.0,0.0,0.0,0.0,0.0,0.0,0.0,0.0,0.0
B707e4f78da7e,S41983e9ca40a,front,8.0,unknown,1.0,0.0,0.0,0.0,0.0,0.0,0.0,0.0,0.0,0.0,0.0,0.0,0.0,0.0,0.0,0.0
B707e4f78da7e,S41983e9ca40a,front,9.0,unknown,1.0,0.0,0.0,0.0,0.0,0.0,0.0,0.0,0.0,0.0,0.0,0.0,0.0,0.0,0.0,0.0
B707e4f78da7e,S41983e9ca40a,overhead,0.0,unknown,0.0,1.0,0.0,0.0,0.0,0.0,0.0,0.0,0.0,0.0,0.0,0.0,0.0,0.0,0.0,0.0
B707e4f78da7e,S41983e9ca40a,overhead,1.0,unknown,0.0,1.0,0.0,0.0,0.0,0.0,0.0,0.0,0.0,0.0,0.0,0.0,0.0,0.0,0.0,0.0
B707e4f78da7e,S41983e9ca40a,overhead,2.0,unknown,0.0,1.0,0.0,0.0,0.0,0.0,0.0,0.0,0.0,0.0,0.0,0.0,0.0,0.0,0.0,0.0
B707e4f78da7e,S41983e9ca40a,overhead,3.0,unknown,0.0,1.0,0.0,0.0,0.0,0.0,0.0,0.0,0.0,0.0,0.0,0.0,0.0,0.0,0.0,0.0
B707e4f78da7e,S41983e9ca40a,overhead,4.0,unknown,0.0,1.0,0.0,0.0,0.0,0.0,0.0,0.0,0.0,0.0,0.0,0.0,0.0,0.0,0.0,0.0
B707e4f78da7e,S41983e9ca40a,overhead,5.0,unknown,0.0,1.0,0.0,0.0,0.0,0.0,0.0,0.0,0.0,0.0,0.0,0.0,0.0,0.0,0.0,0.0
B707e4f78da7e,S41983e9ca40a,overhead,6.0,unknown,0.0,1.0,0.0,0.0,0.0,0.0,0.0,0.0,0.0,0.0,0.0,0.0,0.0,0.0,0.0,0.0
B707e4f78da7e,S41983e9ca40a,overhead,7.0,unknown,0.0,1.0,0.0,0.0,0.0,0.0,0.0,0.0,0.0,0.0,0.0,0.0,0.0,0.0,0.0,0.0
B707e4f78da7e,S41983e9ca40a,overhead,8.0,unknown,0.0,1.0,0.0,0.0,0.0,0.0,0.0,0.0,0.0,0.0,0.0,0.0,0.0,0.0,0.0,0.0
B707e4f78da7e,S41983e9ca40a,overhead,9.0,unknown,0.0,1.0,0.0,0.0,0.0,0.0,0.0,0.0,0.0,0.0,0.0,0.0,0.0,0.0,0.0,0.0
B70ddf43ba3d6,S38533928bb7e,front,6122.0,gaze_side,1.0,0.0,1.0,1.0,0.0,0.0,0.0,0.0,0.0,0.0,1.0,0.0,0.0,0.0,0.0,0.0
B70ddf43ba3d6,S38533928bb7e,front,6123.0,gaze_side,1.0,0.0,1.0,1.0,0.0,0.0,0.0,0.0,0.0,0.0,1.0,0.0,0.0,0.0,0.0,0.0
B70ddf43ba3d6,S38533928bb7e,front,6124.0,gaze_side,1.0,0.0,1.0,1.0,0.0,0.0,0.0,0.0,0.0,0.0,1.0,0.0,0.0,0.0,0.0,0.0
B70ddf43ba3d6,S38533928bb7e,front,6125.0,gaze_side,1.0,0.0,1.0,1.0,0.0,0.0,0.0,0.0,0.0,0.0,1.0,0.0,0.0,0.0,0.0,0.0
B70ddf43ba3d6,S38533928bb7e,front,6126.0,gaze_side,1.0,0.0,1.0,1.0,0.0,0.0,0.0,0.0,0.0,0.0,1.0,0.0,0.0,0.0,0.0,0.0
B70ddf43ba3d6,S38533928bb7e,front,6127.0,gaze_side,1.0,0.0,1.0,1.0,0.0,0.0,0.0,0.0,0.0,0.0,1.0,0.0,0.0,0.0,0.0,0.0
B70ddf43ba3d6,S38533928bb7e,front,6128.0,gaze_side,1.0,0.0,1.0,1.0,0.0,0.0,0.0,0.0,0.0,0.0,1.0,0.0,0.0,0.0,0.0,0.0
B70ddf43ba3d6,S38533928bb7e,front,6129.0,gaze_side,1.0,0.0,1.0,1.0,0.0,0.0,0.0,0.0,0.0,0.0,1.0,0.0,0.0,0.0,0.0,0.0
B70ddf43ba3d6,S38533928bb7e,front,6130.0,gaze_side,1.0,0.0,1.0,1.0,0.0,0.0,0.0,0.0,0.0,0.0,1.0,0.0,0.0,0.0,0.0,0.0
B70ddf43ba3d6,S38533928bb7e,front,6131.0,gaze_side,1.0,0.0,1.0,1.0,0.0,0.0,0.0,0.0,0.0,0.0,1.0,0.0,0.0,0.0,0.0,0.0
B70ddf43ba3d6,S38533928bb7e,overhead,6122.0,gaze_side,0.0,1.0,0.0,0.0,0.0,0.0,0.0,0.0,0.0,0.0,0.0,0.0,0.0,0.0,0.0,0.0
B70ddf43ba3d6,S38533928bb7e,overhead,6123.0,gaze_side,0.0,1.0,0.0,0.0,0.0,0.0,0.0,0.0,0.0,0.0,0.0,0.0,0.0,0.0,0.0,0.0
B70ddf43ba3d6,S38533928bb7e,overhead,6124.0,gaze_side,0.0,1.0,0.0,0.0,0.0,0.0,0.0,0.0,0.0,0.0,0.0,0.0,0.0,0.0,0.0,0.0
B70ddf43ba3d6,S38533928bb7e,overhead,6125.0,gaze_side,0.0,1.0,0.0,0.0,0.0,0.0,0.0,0.0,0.0,0.0,0.0,0.0,0.0,0.0,0.0,0.0
B70ddf43ba3d6,S38533928bb7e,overhead,6126.0,gaze_side,0.0,1.0,0.0,0.0,0.0,0.0,0.0,0.0,0.0,0.0,0.0,0.0,0.0,0.0,0.0,0.0
B70ddf43ba3d6,S38533928bb7e,overhead,6127.0,gaze_side,0.0,1.0,0.0,0.0,0.0,0.0,0.0,0.0,0.0,0.0,0.0,0.0,0.0,0.0,0.0,0.0
B70ddf43ba3d6,S38533928bb7e,overhead,6128.0,gaze_side,0.0,1.0,0.0,0.0,0.0,0.0,0.0,0.0,0.0,0.0,0.0,0.0,0.0,0.0,0.0,0.0
B70ddf43ba3d6,S38533928bb7e,overhead,6129.0,gaze_side,0.0,1.0,0.0,0.0,0.0,0.0,0.0,0.0,0.0,0.0,0.0,0.0,0.0,0.0,0.0,0.0
B70ddf43ba3d6,S38533928bb7e,overhead,6130.0,gaze_side,0.0,1.0,0.0,0.0,0.0,0.0,0.0,0.0,0.0,0.0,0.0,0.0,0.0,0.0,0.0,0.0
B70ddf43ba3d6,S38533928bb7e,overhead,6131.0,gaze_side,0.0,1.0,0.0,0.0,0.0,0.0,0.0,0.0,0.0,0.0,0.0,0.0,0.0,0.0,0.0,0.0
B70df47aed77e,S38533928bb7e,front,6132.0,gaze_side,1.0,0.0,1.0,1.0,0.0,0.0,0.0,0.0,0.0,0.0,1.0,0.0,0.0,0.0,0.0,0.0
B70df47aed77e,S38533928bb7e,front,6133.0,gaze_side,1.0,0.0,1.0,1.0,0.0,0.0,0.0,0.0,0.0,0.0,1.0,0.0,0.0,0.0,0.0,0.0
B70df47aed77e,S38533928bb7e,front,6134.0,gaze_side,1.0,0.0,1.0,1.0,0.0,1.0,0.0,0.0,0.0,0.0,1.0,0.0,0.0,0.0,0.0,0.0
B70df47aed77e,S38533928bb7e,front,6135.0,gaze_side,1.0,0.0,1.0,1.0,0.0,1.0,0.0,0.0,0.0,0.0,1.0,0.0,0.0,0.0,0.0,0.0
B70df47aed77e,S38533928bb7e,front,6136.0,gaze_side,1.0,0.0,1.0,1.0,0.0,1.0,0.0,0.0,0.0,0.0,1.0,0.0,0.0,0.0,0.0,0.0
B70df47aed77e,S38533928bb7e,front,6137.0,gaze_side,1.0,0.0,1.0,0.0,0.0,0.0,0.0,0.0,0.0,0.0,1.0,0.0,0.0,0.0,0.0,0.0
B70df47aed77e,S38533928bb7e,front,6138.0,gaze_side,1.0,0.0,0.0,0.0,0.0,1.0,0.0,0.0,0.0,0.0,1.0,0.0,0.0,0.0,0.0,0.0
B70df47aed77e,S38533928bb7e,overhead,6132.0,gaze_side,0.0,1.0,0.0,0.0,0.0,0.0,0.0,0.0,0.0,0.0,0.0,0.0,0.0,0.0,0.0,0.0
B70df47aed77e,S38533928bb7e,overhead,6133.0,gaze_side,0.0,1.0,0.0,0.0,0.0,0.0,0.0,0.0,0.0,0.0,0.0,0.0,0.0,0.0,0.0,0.0
B70df47aed77e,S38533928bb7e,overhead,6134.0,gaze_side,0.0,1.0,0.0,0.0,0.0,0.0,0.0,0.0,0.0,0.0,0.0,0.0,0.0,0.0,0.0,0.0
B70df47aed77e,S38533928bb7e,overhead,6135.0,gaze_side,0.0,1.0,0.0,0.0,0.0,0.0,0.0,0.0,0.0,0.0,0.0,0.0,0.0,0.0,0.0,0.0
B70df47aed77e,S38533928bb7e,overhead,6136.0,gaze_side,0.0,1.0,0.0,0.0,0.0,0.0,0.0,0.0,0.0,0.0,0.0,0.0,0.0,0.0,0.0,0.0
B70df47aed77e,S38533928bb7e,overhead,6137.0,gaze_side,0.0,1.0,0.0,0.0,0.0,0.0,0.0,0.0,0.0,0.0,0.0,0.0,0.0,0.0,0.0,0.0
B70df47aed77e,S38533928bb7e,overhead,6138.0,gaze_side,0.0,1.0,0.0,0.0,0.0,0.0,0.0,0.0,0.0,0.0,0.0,0.0,0.0,0.0,0.0,0.0
B714e96ddb866,S38533928bb7e,front,667.0,gaze_down,1.0,0.0,1.0,0.0,0.0,0.0,1.0,0.0,1.0,1.0,0.0,1.0,0.0,0.0,0.0,0.0
B714e96ddb866,S38533928bb7e,front,668.0,gaze_down,1.0,0.0,1.0,0.0,0.0,0.0,1.0,0.0,1.0,1.0,0.0,1.0,0.0,0.0,0.0,0.0
B714e96ddb866,S38533928bb7e,front,669.0,gaze_down,1.0,0.0,1.0,0.0,0.0,0.0,1.0,0.0,1.0,1.0,0.0,1.0,0.0,0.0,0.0,0.0
B714e96ddb866,S38533928bb7e,front,670.0,gaze_down,1.0,0.0,1.0,0.0,0.0,0.0,1.0,0.0,1.0,1.0,0.0,1.0,0.0,0.0,0.0,0.0
B714e96ddb866,S38533928bb7e,front,671.0,gaze_down,1.0,0.0,1.0,0.0,0.0,0.0,1.0,0.0,1.0,1.0,0.0,1.0,0.0,0.0,0.0,0.0
B714e96ddb866,S38533928bb7e,front,672.0,gaze_down,1.0,0.0,1.0,0.0,0.0,0.0,1.0,0.0,1.0,1.0,0.0,1.0,0.0,0.0,0.0,0.0
B714e96ddb866,S38533928bb7e,front,673.0,gaze_down,1.0,0.0,1.0,0.0,0.0,0.0,1.0,0.0,1.0,1.0,0.0,1.0,0.0,0.0,0.0,0.0
B714e96ddb866,S38533928bb7e,front,674.0,gaze_down,1.0,0.0,1.0,0.0,0.0,0.0,1.0,0.0,1.0,1.0,0.0,1.0,0.0,0.0,0.0,0.0
B714e96ddb866,S38533928bb7e,front,675.0,gaze_down,1.0,0.0,1.0,0.0,0.0,0.0,1.0,0.0,1.0,1.0,0.0,1.0,0.0,0.0,0.0,0.0
B714e96ddb866,S38533928bb7e,front,676.0,gaze_down,1.0,0.0,1.0,0.0,0.0,0.0,1.0,0.0,1.0,1.0,0.0,1.0,0.0,0.0,0.0,0.0
B714e96ddb866,S38533928bb7e,overhead,667.0,gaze_down,0.0,1.0,0.0,0.0,0.0,0.0,0.0,0.0,0.0,0.0,0.0,0.0,0.0,0.0,0.0,0.0
B714e96ddb866,S38533928bb7e,overhead,668.0,gaze_down,0.0,1.0,0.0,0.0,0.0,0.0,0.0,0.0,0.0,0.0,0.0,0.0,0.0,0.0,0.0,0.0
B714e96ddb866,S38533928bb7e,overhead,669.0,gaze_down,0.0,1.0,0.0,0.0,0.0,0.0,0.0,0.0,0.0,0.0,0.0,0.0,0.0,0.0,0.0,0.0
B714e96ddb866,S38533928bb7e,overhead,670.0,gaze_down,0.0,1.0,0.0,0.0,0.0,1.0,0.0,0.0,0.0,0.0,1.0,0.0,0.0,0.0,0.0,0.0
B714e96ddb866,S38533928bb7e,overhead,671.0,gaze_down,0.0,1.0,0.0,0.0,0.0,1.0,0.0,0.0,0.0,0.0,1.0,0.0,0.0,0.0,0.0,0.0
B714e96ddb866,S38533928bb7e,overhead,672.0,gaze_down,0.0,1.0,0.0,0.0,0.0,1.0,0.0,0.0,0.0,0.0,1.0,0.0,0.0,0.0,0.0,0.0
B714e96ddb866,S38533928bb7e,overhead,673.0,gaze_down,0.0,1.0,0.0,0.0,0.0,0.0,0.0,0.0,0.0,0.0,0.0,0.0,0.0,0.0,0.0,0.0
B714e96ddb866,S38533928bb7e,overhead,674.0,gaze_down,0.0,1.0,0.0,0.0,0.0,1.0,0.0,0.0,0.0,0.0,1.0,0.0,0.0,0.0,0.0,0.0
B714e96ddb866,S38533928bb7e,overhead,675.0,gaze_down,0.0,1.0,0.0,0.0,0.0,1.0,0.0,0.0,0.0,0.0,1.0,0.0,0.0,0.0,0.0,0.0
B714e96ddb866,S38533928bb7e,overhead,676.0,gaze_down,0.0,1.0,0.0,0.0,0.0,1.0,0.0,0.0,0.0,0.0,1.0,0.0,0.0,0.0,0.0,0.0
B717fb6fb455d,Sd507e72fb21a,front,0.0,unknown,1.0,0.0,0.0,0.0,0.0,0.0,0.0,0.0,0.0,0.0,0.0,0.0,0.0,0.0,0.0,0.0
B717fb6fb455d,Sd507e72fb21a,front,1.0,unknown,1.0,0.0,0.0,0.0,0.0,0.0,0.0,0.0,0.0,0.0,0.0,0.0,0.0,0.0,0.0,0.0
B717fb6fb455d,Sd507e72fb21a,front,2.0,unknown,1.0,0.0,0.0,0.0,0.0,0.0,0.0,0.0,0.0,0.0,0.0,0.0,0.0,0.0,0.0,0.0
B717fb6fb455d,Sd507e72fb21a,front,3.0,unknown,1.0,0.0,0.0,0.0,0.0,0.0,0.0,0.0,0.0,0.0,0.0,0.0,0.0,0.0,0.0,0.0
B717fb6fb455d,Sd507e72fb21a,front,4.0,unknown,1.0,0.0,0.0,0.0,0.0,0.0,0.0,0.0,0.0,0.0,0.0,0.0,0.0,0.0,0.0,0.0
B717fb6fb455d,Sd507e72fb21a,front,5.0,unknown,1.0,0.0,0.0,0.0,0.0,0.0,0.0,0.0,0.0,0.0,0.0,0.0,0.0,0.0,0.0,0.0
B717fb6fb455d,Sd507e72fb21a,front,6.0,unknown,1.0,0.0,0.0,0.0,0.0,0.0,0.0,0.0,0.0,0.0,0.0,0.0,0.0,0.0,0.0,0.0
B717fb6fb455d,Sd507e72fb21a,front,7.0,unknown,1.0,0.0,0.0,0.0,0.0,0.0,0.0,0.0,0.0,0.0,0.0,0.0,0.0,0.0,0.0,0.0
B717fb6fb455d,Sd507e72fb21a,front,8.0,unknown,1.0,0.0,0.0,0.0,0.0,0.0,0.0,0.0,0.0,0.0,0.0,0.0,0.0,0.0,0.0,0.0
B717fb6fb455d,Sd507e72fb21a,front,9.0,unknown,1.0,0.0,0.0,0.0,0.0,0.0,0.0,0.0,0.0,0.0,0.0,0.0,0.0,0.0,0.0,0.0
B717fb6fb455d,Sd507e72fb21a,overhead,0.0,unknown,0.0,1.0,0.0,0.0,0.0,0.0,0.0,0.0,0.0,0.0,0.0,0.0,0.0,0.0,0.0,0.0
B717fb6fb455d,Sd507e72fb21a,overhead,1.0,unknown,0.0,1.0,0.0,0.0,0.0,0.0,0.0,0.0,0.0,0.0,0.0,0.0,0.0,0.0,0.0,0.0
B717fb6fb455d,Sd507e72fb21a,overhead,2.0,unknown,0.0,1.0,0.0,0.0,0.0,0.0,0.0,0.0,0.0,0.0,0.0,0.0,0.0,0.0,0.0,0.0
B717fb6fb455d,Sd507e72fb21a,overhead,3.0,unknown,0.0,1.0,0.0,0.0,0.0,0.0,0.0,0.0,0.0,0.0,0.0,0.0,0.0,0.0,0.0,0.0
B717fb6fb455d,Sd507e72fb21a,overhead,4.0,unknown,0.0,1.0,0.0,0.0,0.0,0.0,0.0,0.0,0.0,0.0,0.0,0.0,0.0,0.0,0.0,0.0
B717fb6fb455d,Sd507e72fb21a,overhead,5.0,unknown,0.0,1.0,0.0,0.0,0.0,0.0,0.0,0.0,0.0,0.0,0.0,0.0,0.0,0.0,0.0,0.0
B717fb6fb455d,Sd507e72fb21a,overhead,6.0,unknown,0.0,1.0,0.0,0.0,0.0,0.0,0.0,0.0,0.0,0.0,0.0,0.0,0.0,0.0,0.0,0.0
B717fb6fb455d,Sd507e72fb21a,overhead,7.0,unknown,0.0,1.0,0.0,0.0,0.0,0.0,0.0,0.0,0.0,0.0,0.0,0.0,0.0,0.0,0.0,0.0
B717fb6fb455d,Sd507e72fb21a,overhead,8.0,unknown,0.0,1.0,0.0,0.0,0.0,0.0,0.0,0.0,0.0,0.0,0.0,0.0,0.0,0.0,0.0,0.0
B717fb6fb455d,Sd507e72fb21a,overhead,9.0,unknown,0.0,1.0,0.0,0.0,0.0,0.0,0.0,0.0,0.0,0.0,0.0,0.0,0.0,0.0,0.0,0.0
B724daf4418f2,S38533928bb7e,front,2925.0,gaze_down,1.0,0.0,1.0,0.0,0.0,0.0,0.0,0.0,0.0,0.0,1.0,0.0,0.0,0.0,0.0,0.0
B724daf4418f2,S38533928bb7e,front,2926.0,gaze_down,1.0,0.0,1.0,0.0,0.0,1.0,0.0,0.0,0.0,0.0,1.0,0.0,0.0,0.0,0.0,0.0
B724daf4418f2,S38533928bb7e,front,2927.0,gaze_down,1.0,0.0,1.0,0.0,1.0,1.0,0.0,0.0,0.0,0.0,1.0,0.0,0.0,0.0,0.0,0.0
B724daf4418f2,S38533928bb7e,front,2928.0,gaze_down,1.0,0.0,1.0,0.0,1.0,1.0,0.0,0.0,0.0,0.0,1.0,0.0,0.0,0.0,0.0,0.0
B724daf4418f2,S38533928bb7e,front,2929.0,gaze_down,1.0,0.0,1.0,0.0,0.0,1.0,0.0,0.0,0.0,0.0,1.0,0.0,0.0,0.0,0.0,0.0
B724daf4418f2,S38533928bb7e,front,2930.0,gaze_down,1.0,0.0,1.0,0.0,0.0,1.0,0.0,0.0,0.0,0.0,1.0,0.0,0.0,0.0,0.0,0.0
B724daf4418f2,S38533928bb7e,overhead,2925.0,gaze_down,0.0,1.0,0.0,0.0,0.0,0.0,0.0,0.0,0.0,0.0,0.0,0.0,0.0,0.0,0.0,0.0
B724daf4418f2,S38533928bb7e,overhead,2926.0,gaze_down,0.0,1.0,0.0,0.0,0.0,0.0,0.0,0.0,0.0,0.0,0.0,0.0,0.0,0.0,0.0,0.0
B724daf4418f2,S38533928bb7e,overhead,2927.0,gaze_down,0.0,1.0,0.0,0.0,0.0,0.0,0.0,0.0,0.0,0.0,0.0,0.0,0.0,0.0,0.0,0.0
B724daf4418f2,S38533928bb7e,overhead,2928.0,gaze_down,0.0,1.0,0.0,0.0,0.0,0.0,0.0,0.0,0.0,0.0,0.0,0.0,0.0,0.0,0.0,0.0
B724daf4418f2,S38533928bb7e,overhead,2929.0,gaze_down,0.0,1.0,0.0,0.0,0.0,0.0,0.0,0.0,0.0,0.0,0.0,0.0,0.0,0.0,0.0,0.0
B724daf4418f2,S38533928bb7e,overhead,2930.0,gaze_down,0.0,1.0,0.0,0.0,0.0,0.0,0.0,0.0,0.0,0.0,0.0,0.0,0.0,0.0,0.0,0.0
B731380f2b447,S38533928bb7e,front,1108.0,gaze_side,1.0,0.0,1.0,1.0,0.0,1.0,0.0,0.0,0.0,0.0,1.0,0.0,0.0,0.0,0.0,0.0
B731380f2b447,S38533928bb7e,front,1109.0,gaze_side,1.0,0.0,1.0,1.0,0.0,1.0,0.0,0.0,0.0,0.0,1.0,0.0,0.0,0.0,0.0,0.0
B731380f2b447,S38533928bb7e,front,1110.0,gaze_side,1.0,0.0,1.0,1.0,0.0,1.0,0.0,0.0,0.0,0.0,1.0,0.0,0.0,0.0,0.0,0.0
B731380f2b447,S38533928bb7e,front,1111.0,gaze_side,1.0,0.0,1.0,1.0,0.0,1.0,0.0,0.0,0.0,0.0,1.0,0.0,0.0,0.0,0.0,0.0
B731380f2b447,S38533928bb7e,front,1112.0,gaze_side,1.0,0.0,1.0,1.0,0.0,1.0,0.0,0.0,0.0,0.0,1.0,0.0,0.0,0.0,0.0,0.0
B731380f2b447,S38533928bb7e,front,1113.0,gaze_side,1.0,0.0,1.0,1.0,0.0,1.0,0.0,0.0,0.0,0.0,1.0,0.0,0.0,0.0,0.0,0.0
B731380f2b447,S38533928bb7e,front,1114.0,gaze_side,1.0,0.0,1.0,1.0,0.0,1.0,0.0,0.0,0.0,0.0,1.0,0.0,0.0,0.0,0.0,0.0
B731380f2b447,S38533928bb7e,front,1115.0,gaze_side,1.0,0.0,1.0,1.0,0.0,1.0,0.0,0.0,0.0,0.0,1.0,0.0,0.0,0.0,0.0,0.0
B731380f2b447,S38533928bb7e,front,1116.0,gaze_side,1.0,0.0,1.0,1.0,0.0,1.0,0.0,0.0,0.0,0.0,1.0,0.0,0.0,0.0,0.0,0.0
B731380f2b447,S38533928bb7e,front,1117.0,gaze_side,1.0,0.0,1.0,1.0,0.0,1.0,0.0,0.0,0.0,0.0,1.0,0.0,0.0,0.0,0.0,0.0
B731380f2b447,S38533928bb7e,overhead,1108.0,gaze_side,0.0,1.0,0.0,0.0,0.0,0.0,0.0,0.0,0.0,0.0,0.0,0.0,0.0,0.0,0.0,0.0
B731380f2b447,S38533928bb7e,overhead,1109.0,gaze_side,0.0,1.0,0.0,0.0,0.0,0.0,0.0,0.0,0.0,0.0,0.0,0.0,0.0,0.0,0.0,0.0
B731380f2b447,S38533928bb7e,overhead,1110.0,gaze_side,0.0,1.0,0.0,0.0,0.0,0.0,0.0,0.0,0.0,0.0,0.0,0.0,0.0,0.0,0.0,0.0
B731380f2b447,S38533928bb7e,overhead,1111.0,gaze_side,0.0,1.0,0.0,0.0,0.0,0.0,0.0,0.0,0.0,0.0,0.0,0.0,0.0,0.0,0.0,0.0
B731380f2b447,S38533928bb7e,overhead,1112.0,gaze_side,0.0,1.0,0.0,0.0,0.0,0.0,0.0,0.0,0.0,0.0,0.0,0.0,0.0,0.0,0.0,0.0
B731380f2b447,S38533928bb7e,overhead,1113.0,gaze_side,0.0,1.0,0.0,0.0,0.0,0.0,0.0,0.0,0.0,0.0,0.0,0.0,0.0,0.0,0.0,0.0
B731380f2b447,S38533928bb7e,overhead,1114.0,gaze_side,0.0,1.0,0.0,0.0,0.0,0.0,0.0,0.0,0.0,0.0,0.0,0.0,0.0,0.0,0.0,0.0
B731380f2b447,S38533928bb7e,overhead,1115.0,gaze_side,0.0,1.0,0.0,0.0,0.0,0.0,0.0,0.0,0.0,0.0,0.0,0.0,0.0,0.0,0.0,0.0
B731380f2b447,S38533928bb7e,overhead,1116.0,gaze_side,0.0,1.0,0.0,0.0,0.0,0.0,0.0,0.0,0.0,0.0,0.0,0.0,0.0,0.0,0.0,0.0
B731380f2b447,S38533928bb7e,overhead,1117.0,gaze_side,0.0,1.0,0.0,0.0,0.0,0.0,0.0,0.0,0.0,0.0,0.0,0.0,0.0,0.0,0.0,0.0
B73b72e181c96,Se9ae4c661219,front,0.0,focus,1.0,0.0,1.0,0.0,0.0,0.0,1.0,0.0,0.0,1.0,1.0,0.0,0.0,0.0,0.0,0.0
B73b72e181c96,Se9ae4c661219,front,1.0,focus,1.0,0.0,1.0,0.0,0.0,0.0,1.0,0.0,0.0,1.0,1.0,0.0,0.0,0.0,0.0,0.0
B73b72e181c96,Se9ae4c661219,front,2.0,focus,1.0,0.0,1.0,0.0,0.0,0.0,1.0,0.0,0.0,1.0,1.0,0.0,0.0,0.0,0.0,0.0
B73b72e181c96,Se9ae4c661219,front,3.0,focus,1.0,0.0,1.0,0.0,0.0,0.0,0.0,0.0,0.0,0.0,1.0,0.0,0.0,0.0,0.0,0.0
B73b72e181c96,Se9ae4c661219,front,4.0,focus,1.0,0.0,1.0,0.0,0.0,0.0,0.0,0.0,0.0,0.0,1.0,0.0,0.0,0.0,0.0,0.0
B73b72e181c96,Se9ae4c661219,front,5.0,focus,1.0,0.0,1.0,0.0,0.0,0.0,0.0,0.0,0.0,0.0,1.0,0.0,0.0,0.0,0.0,0.0
B73b72e181c96,Se9ae4c661219,front,6.0,focus,1.0,0.0,1.0,0.0,0.0,0.0,0.0,0.0,0.0,0.0,1.0,0.0,0.0,0.0,0.0,0.0
B73b72e181c96,Se9ae4c661219,front,7.0,focus,1.0,0.0,0.0,0.0,0.0,0.0,0.0,0.0,0.0,0.0,0.0,1.0,0.0,0.0,0.0,1.0
B73b72e181c96,Se9ae4c661219,front,8.0,focus,1.0,0.0,1.0,0.0,0.0,0.0,0.0,0.0,0.0,0.0,1.0,0.0,0.0,0.0,0.0,0.0
B73b72e181c96,Se9ae4c661219,front,9.0,focus,1.0,0.0,1.0,0.0,0.0,0.0,0.0,0.0,0.0,0.0,1.0,0.0,0.0,0.0,0.0,0.0
B73b72e181c96,Se9ae4c661219,overhead,0.0,focus,0.0,1.0,0.0,0.0,0.0,0.0,0.0,0.0,0.0,0.0,0.0,0.0,0.0,0.0,0.0,0.0
B73b72e181c96,Se9ae4c661219,overhead,1.0,focus,0.0,1.0,0.0,0.0,0.0,0.0,0.0,0.0,0.0,0.0,0.0,0.0,0.0,0.0,0.0,0.0
B73b72e181c96,Se9ae4c661219,overhead,2.0,focus,0.0,1.0,0.0,0.0,0.0,0.0,0.0,0.0,0.0,0.0,0.0,0.0,0.0,0.0,0.0,0.0
B73b72e181c96,Se9ae4c661219,overhead,3.0,focus,0.0,1.0,0.0,0.0,0.0,0.0,0.0,0.0,0.0,0.0,0.0,0.0,0.0,0.0,0.0,0.0
B73b72e181c96,Se9ae4c661219,overhead,4.0,focus,0.0,1.0,0.0,0.0,0.0,0.0,0.0,0.0,0.0,0.0,0.0,0.0,0.0,0.0,0.0,0.0
B73b72e181c96,Se9ae4c661219,overhead,5.0,focus,0.0,1.0,0.0,0.0,0.0,0.0,0.0,0.0,0.0,0.0,0.0,0.0,0.0,0.0,0.0,0.0
B73b72e181c96,Se9ae4c661219,overhead,6.0,focus,0.0,1.0,0.0,0.0,0.0,0.0,0.0,0.0,0.0,0.0,0.0,0.0,0.0,0.0,0.0,0.0
B73b72e181c96,Se9ae4c661219,overhead,7.0,focus,0.0,1.0,0.0,0.0,0.0,0.0,0.0,0.0,0.0,0.0,0.0,0.0,0.0,0.0,0.0,0.0
B73b72e181c96,Se9ae4c661219,overhead,8.0,focus,0.0,1.0,0.0,0.0,0.0,0.0,0.0,0.0,0.0,0.0,0.0,0.0,0.0,0.0,0.0,0.0
B73b72e181c96,Se9ae4c661219,overhead,9.0,focus,0.0,1.0,0.0,0.0,0.0,0.0,0.0,0.0,0.0,0.0,0.0,0.0,0.0,0.0,0.0,0.0
B78364af4077b,S41983e9ca40a,front,0.0,unknown,1.0,0.0,0.0,0.0,0.0,0.0,0.0,0.0,0.0,0.0,0.0,0.0,0.0,0.0,0.0,0.0
B78364af4077b,S41983e9ca40a,front,1.0,unknown,1.0,0.0,0.0,0.0,0.0,0.0,0.0,0.0,0.0,0.0,0.0,0.0,0.0,0.0,0.0,0.0
B78364af4077b,S41983e9ca40a,front,2.0,unknown,1.0,0.0,0.0,0.0,0.0,0.0,0.0,0.0,0.0,0.0,0.0,0.0,0.0,0.0,0.0,0.0
B78364af4077b,S41983e9ca40a,front,3.0,unknown,1.0,0.0,0.0,0.0,0.0,0.0,0.0,0.0,0.0,0.0,0.0,0.0,0.0,0.0,0.0,0.0
B78364af4077b,S41983e9ca40a,front,4.0,unknown,1.0,0.0,0.0,0.0,0.0,0.0,0.0,0.0,0.0,0.0,0.0,0.0,0.0,0.0,0.0,0.0
B78364af4077b,S41983e9ca40a,front,5.0,unknown,1.0,0.0,0.0,0.0,0.0,0.0,0.0,0.0,0.0,0.0,0.0,0.0,0.0,0.0,0.0,0.0
B78364af4077b,S41983e9ca40a,front,6.0,unknown,1.0,0.0,0.0,0.0,0.0,0.0,0.0,0.0,0.0,0.0,0.0,0.0,0.0,0.0,0.0,0.0
B78364af4077b,S41983e9ca40a,front,7.0,unknown,1.0,0.0,0.0,0.0,0.0,0.0,0.0,0.0,0.0,0.0,0.0,0.0,0.0,0.0,0.0,0.0
B78364af4077b,S41983e9ca40a,front,8.0,unknown,1.0,0.0,0.0,0.0,0.0,0.0,0.0,0.0,0.0,0.0,0.0,0.0,0.0,0.0,0.0,0.0
B78364af4077b,S41983e9ca40a,front,9.0,unknown,1.0,0.0,0.0,0.0,0.0,0.0,0.0,0.0,0.0,0.0,0.0,0.0,0.0,0.0,0.0,0.0
B78364af4077b,S41983e9ca40a,overhead,0.0,unknown,0.0,1.0,0.0,0.0,0.0,0.0,0.0,0.0,0.0,0.0,0.0,0.0,0.0,0.0,0.0,0.0
B78364af4077b,S41983e9ca40a,overhead,1.0,unknown,0.0,1.0,0.0,0.0,0.0,0.0,0.0,0.0,0.0,0.0,0.0,0.0,0.0,0.0,0.0,0.0
B78364af4077b,S41983e9ca40a,overhead,2.0,unknown,0.0,1.0,0.0,0.0,0.0,0.0,0.0,0.0,0.0,0.0,0.0,0.0,0.0,0.0,0.0,0.0
B78364af4077b,S41983e9ca40a,overhead,3.0,unknown,0.0,1.0,0.0,0.0,0.0,0.0,0.0,0.0,0.0,0.0,0.0,0.0,0.0,0.0,0.0,0.0
B78364af4077b,S41983e9ca40a,overhead,4.0,unknown,0.0,1.0,0.0,0.0,0.0,0.0,0.0,0.0,0.0,0.0,0.0,0.0,0.0,0.0,0.0,0.0
B78364af4077b,S41983e9ca40a,overhead,5.0,unknown,0.0,1.0,0.0,0.0,0.0,0.0,0.0,0.0,0.0,0.0,0.0,0.0,0.0,0.0,0.0,0.0
B78364af4077b,S41983e9ca40a,overhead,6.0,unknown,0.0,1.0,0.0,0.0,0.0,0.0,0.0,0.0,0.0,0.0,0.0,0.0,0.0,0.0,0.0,0.0
B78364af4077b,S41983e9ca40a,overhead,7.0,unknown,0.0,1.0,0.0,0.0,0.0,0.0,0.0,0.0,0.0,0.0,0.0,0.0,0.0,0.0,0.0,0.0
B78364af4077b,S41983e9ca40a,overhead,8.0,unknown,0.0,1.0,0.0,0.0,0.0,0.0,0.0,0.0,0.0,0.0,0.0,0.0,0.0,0.0,0.0,0.0
B78364af4077b,S41983e9ca40a,overhead,9.0,unknown,0.0,1.0,0.0,0.0,0.0,0.0,0.0,0.0,0.0,0.0,0.0,0.0,0.0,0.0,0.0,0.0
B78f2a6f8569b,S08ea3e793bb0,front,0.0,focus,1.0,0.0,1.0,0.0,0.0,0.0,0.0,0.0,0.0,0.0,0.0,0.0,0.0,0.0,0.0,0.0
B78f2a6f8569b,S08ea3e793bb0,front,1.0,focus,1.0,0.0,1.0,0.0,0.0,0.0,0.0,0.0,0.0,0.0,1.0,0.0,0.0,0.0,0.0,0.0
B78f2a6f8569b,S08ea3e793bb0,front,2.0,focus,1.0,0.0,1.0,0.0,0.0,0.0,0.0,0.0,0.0,0.0,1.0,0.0,0.0,0.0,0.0,0.0
B78f2a6f8569b,S08ea3e793bb0,front,3.0,focus,1.0,0.0,1.0,0.0,0.0,0.0,0.0,0.0,0.0,0.0,1.0,0.0,0.0,0.0,0.0,0.0
B78f2a6f8569b,S08ea3e793bb0,front,4.0,focus,1.0,0.0,1.0,0.0,0.0,0.0,0.0,0.0,0.0,0.0,1.0,0.0,0.0,0.0,0.0,0.0
B78f2a6f8569b,S08ea3e793bb0,front,5.0,focus,1.0,0.0,1.0,0.0,0.0,0.0,0.0,0.0,0.0,0.0,1.0,0.0,0.0,0.0,0.0,0.0
B78f2a6f8569b,S08ea3e793bb0,front,6.0,focus,1.0,0.0,1.0,0.0,0.0,0.0,0.0,0.0,0.0,0.0,0.0,0.0,0.0,0.0,0.0,0.0
B78f2a6f8569b,S08ea3e793bb0,front,7.0,focus,1.0,0.0,1.0,0.0,0.0,0.0,0.0,0.0,0.0,0.0,0.0,0.0,0.0,0.0,0.0,0.0
B78f2a6f8569b,S08ea3e793bb0,front,8.0,focus,1.0,0.0,1.0,0.0,0.0,0.0,0.0,0.0,0.0,0.0,0.0,0.0,0.0,0.0,0.0,0.0
B78f2a6f8569b,S08ea3e793bb0,front,9.0,focus,1.0,0.0,1.0,0.0,0.0,0.0,0.0,0.0,0.0,0.0,0.0,0.0,0.0,0.0,0.0,0.0
B78f2a6f8569b,S08ea3e793bb0,overhead,0.0,focus,0.0,1.0,0.0,0.0,0.0,0.0,0.0,0.0,0.0,0.0,0.0,0.0,0.0,0.0,0.0,0.0
B78f2a6f8569b,S08ea3e793bb0,overhead,1.0,focus,0.0,1.0,0.0,0.0,0.0,1.0,0.0,0.0,0.0,0.0,1.0,0.0,0.0,0.0,0.0,0.0
B78f2a6f8569b,S08ea3e793bb0,overhead,2.0,focus,0.0,1.0,0.0,0.0,0.0,1.0,0.0,0.0,0.0,0.0,1.0,0.0,0.0,0.0,0.0,0.0
B78f2a6f8569b,S08ea3e793bb0,overhead,3.0,focus,0.0,1.0,0.0,0.0,0.0,1.0,0.0,0.0,0.0,0.0,1.0,0.0,0.0,0.0,0.0,0.0
B78f2a6f8569b,S08ea3e793bb0,overhead,4.0,focus,0.0,1.0,0.0,0.0,0.0,1.0,0.0,0.0,0.0,0.0,1.0,0.0,0.0,0.0,0.0,0.0
B78f2a6f8569b,S08ea3e793bb0,overhead,5.0,focus,0.0,1.0,0.0,0.0,0.0,1.0,0.0,0.0,0.0,0.0,1.0,0.0,0.0,0.0,0.0,0.0
B78f2a6f8569b,S08ea3e793bb0,overhead,6.0,focus,0.0,1.0,0.0,0.0,0.0,1.0,0.0,0.0,0.0,0.0,1.0,0.0,0.0,0.0,0.0,0.0
B78f2a6f8569b,S08ea3e793bb0,overhead,7.0,focus,0.0,1.0,0.0,0.0,0.0,1.0,0.0,0.0,0.0,0.0,1.0,0.0,0.0,0.0,0.0,0.0
B78f2a6f8569b,S08ea3e793bb0,overhead,8.0,focus,0.0,1.0,0.0,0.0,0.0,1.0,0.0,0.0,0.0,0.0,1.0,0.0,0.0,0.0,0.0,0.0
B78f2a6f8569b,S08ea3e793bb0,overhead,9.0,focus,0.0,1.0,0.0,0.0,0.0,1.0,0.0,0.0,0.0,0.0,1.0,0.0,0.0,0.0,0.0,0.0
B7944329fa6f8,Se9ae4c661219,front,0.0,focus,1.0,0.0,0.0,0.0,0.0,1.0,0.0,0.0,0.0,0.0,1.0,0.0,0.0,0.0,0.0,0.0
B7944329fa6f8,Se9ae4c661219,front,1.0,focus,1.0,0.0,0.0,0.0,0.0,1.0,0.0,0.0,0.0,0.0,1.0,0.0,0.0,0.0,0.0,0.0
B7944329fa6f8,Se9ae4c661219,front,2.0,focus,1.0,0.0,0.0,0.0,0.0,1.0,0.0,0.0,0.0,0.0,1.0,0.0,0.0,0.0,0.0,0.0
B7944329fa6f8,Se9ae4c661219,front,3.0,focus,1.0,0.0,0.0,0.0,0.0,0.0,0.0,0.0,0.0,0.0,0.0,0.0,0.0,0.0,0.0,0.0
B7944329fa6f8,Se9ae4c661219,front,4.0,focus,1.0,0.0,0.0,0.0,0.0,1.0,0.0,0.0,0.0,0.0,1.0,0.0,0.0,0.0,0.0,0.0
B7944329fa6f8,Se9ae4c661219,front,5.0,focus,1.0,0.0,0.0,0.0,0.0,1.0,0.0,0.0,0.0,0.0,1.0,0.0,0.0,0.0,0.0,0.0
B7944329fa6f8,Se9ae4c661219,front,6.0,focus,1.0,0.0,0.0,0.0,0.0,0.0,0.0,0.0,0.0,0.0,0.0,0.0,0.0,0.0,0.0,0.0
B7944329fa6f8,Se9ae4c661219,front,7.0,focus,1.0,0.0,0.0,0.0,0.0,0.0,0.0,0.0,0.0,0.0,0.0,0.0,0.0,0.0,0.0,0.0
B7944329fa6f8,Se9ae4c661219,front,8.0,focus,1.0,0.0,0.0,0.0,0.0,0.0,0.0,0.0,0.0,0.0,0.0,0.0,0.0,0.0,0.0,0.0
B7944329fa6f8,Se9ae4c661219,front,9.0,focus,1.0,0.0,0.0,0.0,0.0,0.0,0.0,0.0,0.0,0.0,0.0,0.0,0.0,0.0,0.0,0.0
B7944329fa6f8,Se9ae4c661219,overhead,0.0,focus,0.0,1.0,0.0,0.0,0.0,1.0,0.0,0.0,0.0,0.0,1.0,0.0,0.0,0.0,0.0,0.0
B7944329fa6f8,Se9ae4c661219,overhead,1.0,focus,0.0,1.0,0.0,0.0,0.0,1.0,0.0,0.0,0.0,0.0,1.0,0.0,0.0,0.0,0.0,0.0
B7944329fa6f8,Se9ae4c661219,overhead,2.0,focus,0.0,1.0,0.0,0.0,0.0,1.0,0.0,0.0,0.0,0.0,1.0,0.0,0.0,0.0,0.0,0.0
B7944329fa6f8,Se9ae4c661219,overhead,3.0,focus,0.0,1.0,0.0,0.0,0.0,1.0,0.0,0.0,0.0,0.0,1.0,0.0,0.0,0.0,0.0,0.0
B7944329fa6f8,Se9ae4c661219,overhead,4.0,focus,0.0,1.0,0.0,0.0,0.0,1.0,0.0,0.0,0.0,0.0,1.0,0.0,0.0,0.0,0.0,0.0
B7944329fa6f8,Se9ae4c661219,overhead,5.0,focus,0.0,1.0,0.0,0.0,0.0,0.0,0.0,0.0,0.0,0.0,0.0,0.0,0.0,0.0,0.0,0.0
B7944329fa6f8,Se9ae4c661219,overhead,6.0,focus,0.0,1.0,0.0,0.0,0.0,1.0,0.0,0.0,0.0,0.0,1.0,0.0,0.0,0.0,0.0,0.0
B7944329fa6f8,Se9ae4c661219,overhead,7.0,focus,0.0,1.0,0.0,0.0,0.0,1.0,0.0,0.0,0.0,0.0,1.0,0.0,0.0,0.0,0.0,0.0
B7944329fa6f8,Se9ae4c661219,overhead,8.0,focus,0.0,1.0,0.0,0.0,0.0,1.0,0.0,0.0,0.0,0.0,1.0,0.0,0.0,0.0,0.0,0.0
B7944329fa6f8,Se9ae4c661219,overhead,9.0,focus,0.0,1.0,0.0,0.0,0.0,1.0,0.0,0.0,0.0,0.0,1.0,0.0,0.0,0.0,0.0,0.0
B7b86ac749fba,S08ea3e793bb0,front,0.0,focus,1.0,0.0,1.0,0.0,0.0,0.0,1.0,1.0,0.0,1.0,1.0,0.0,0.0,0.0,0.0,0.0
B7b86ac749fba,S08ea3e793bb0,front,1.0,focus,1.0,0.0,0.0,0.0,0.0,0.0,0.0,0.0,0.0,0.0,0.0,1.0,0.0,0.0,0.0,1.0
B7b86ac749fba,S08ea3e793bb0,front,2.0,focus,1.0,0.0,1.0,0.0,0.0,0.0,0.0,0.0,0.0,0.0,1.0,0.0,0.0,0.0,0.0,0.0
B7b86ac749fba,S08ea3e793bb0,front,3.0,focus,1.0,0.0,1.0,0.0,0.0,0.0,0.0,0.0,0.0,0.0,1.0,0.0,0.0,0.0,0.0,0.0
B7b86ac749fba,S08ea3e793bb0,front,4.0,focus,1.0,0.0,0.0,0.0,0.0,0.0,0.0,0.0,0.0,0.0,1.0,1.0,0.0,0.0,0.0,1.0
B7b86ac749fba,S08ea3e793bb0,front,5.0,focus,1.0,0.0,1.0,0.0,0.0,0.0,0.0,0.0,0.0,0.0,1.0,0.0,0.0,0.0,0.0,0.0
B7b86ac749fba,S08ea3e793bb0,front,6.0,focus,1.0,0.0,0.0,0.0,0.0,0.0,0.0,0.0,0.0,0.0,0.0,1.0,0.0,0.0,0.0,1.0
B7b86ac749fba,S08ea3e793bb0,front,7.0,focus,1.0,0.0,1.0,0.0,0.0,0.0,0.0,0.0,0.0,0.0,1.0,0.0,0.0,0.0,0.0,0.0
B7b86ac749fba,S08ea3e793bb0,front,8.0,focus,1.0,0.0,1.0,0.0,0.0,0.0,1.0,0.0,0.0,1.0,0.0,0.0,0.0,0.0,0.0,0.0
B7b86ac749fba,S08ea3e793bb0,front,9.0,focus,1.0,0.0,1.0,0.0,0.0,0.0,1.0,0.0,0.0,1.0,0.0,0.0,0.0,0.0,0.0,0.0
B7b86ac749fba,S08ea3e793bb0,overhead,0.0,focus,0.0,1.0,0.0,0.0,0.0,0.0,0.0,0.0,0.0,0.0,0.0,0.0,0.0,0.0,0.0,1.0
B7b86ac749fba,S08ea3e793bb0,overhead,1.0,focus,0.0,1.0,0.0,0.0,0.0,0.0,0.0,0.0,0.0,0.0,0.0,0.0,0.0,0.0,0.0,1.0
B7b86ac749fba,S08ea3e793bb0,overhead,2.0,focus,0.0,1.0,0.0,0.0,0.0,0.0,0.0,0.0,0.0,0.0,0.0,0.0,0.0,0.0,0.0,1.0
B7b86ac749fba,S08ea3e793bb0,overhead,3.0,focus,0.0,1.0,0.0,0.0,0.0,0.0,0.0,0.0,0.0,0.0,0.0,0.0,0.0,0.0,0.0,1.0
B7b86ac749fba,S08ea3e793bb0,overhead,4.0,focus,0.0,1.0,1.0,0.0,0.0,0.0,0.0,0.0,0.0,0.0,1.0,0.0,0.0,0.0,0.0,0.0
B7b86ac749fba,S08ea3e793bb0,overhead,5.0,focus,0.0,1.0,0.0,0.0,0.0,0.0,0.0,0.0,0.0,0.0,0.0,0.0,0.0,0.0,0.0,0.0
B7b86ac749fba,S08ea3e793bb0,overhead,6.0,focus,0.0,1.0,0.0,0.0,0.0,0.0,0.0,0.0,0.0,0.0,0.0,0.0,0.0,0.0,0.0,0.0
B7b86ac749fba,S08ea3e793bb0,overhead,7.0,focus,0.0,1.0,0.0,0.0,0.0,0.0,0.0,0.0,0.0,0.0,0.0,0.0,0.0,0.0,0.0,0.0
B7b86ac749fba,S08ea3e793bb0,overhead,8.0,focus,0.0,1.0,0.0,0.0,0.0,0.0,0.0,0.0,0.0,0.0,0.0,0.0,0.0,0.0,0.0,0.0
B7b86ac749fba,S08ea3e793bb0,overhead,9.0,focus,0.0,1.0,0.0,0.0,0.0,0.0,0.0,0.0,0.0,0.0,0.0,0.0,0.0,0.0,0.0,0.0
B7cf4e5561691,Sb97749af3711,front,0.0,unknown,1.0,0.0,0.0,0.0,0.0,0.0,0.0,0.0,0.0,0.0,0.0,0.0,0.0,0.0,0.0,0.0
B7cf4e5561691,Sb97749af3711,front,1.0,unknown,1.0,0.0,0.0,0.0,0.0,0.0,0.0,0.0,0.0,0.0,0.0,0.0,0.0,0.0,0.0,0.0
B7cf4e5561691,Sb97749af3711,front,2.0,unknown,1.0,0.0,0.0,0.0,0.0,0.0,0.0,0.0,0.0,0.0,0.0,0.0,0.0,0.0,0.0,0.0
B7cf4e5561691,Sb97749af3711,front,3.0,unknown,1.0,0.0,0.0,0.0,0.0,0.0,0.0,0.0,0.0,0.0,0.0,0.0,0.0,0.0,0.0,0.0
B7cf4e5561691,Sb97749af3711,front,4.0,unknown,1.0,0.0,0.0,0.0,0.0,0.0,0.0,0.0,0.0,0.0,0.0,0.0,0.0,0.0,0.0,0.0
B7cf4e5561691,Sb97749af3711,front,5.0,unknown,1.0,0.0,0.0,0.0,0.0,0.0,0.0,0.0,0.0,0.0,0.0,0.0,0.0,0.0,0.0,0.0
B7cf4e5561691,Sb97749af3711,front,6.0,unknown,1.0,0.0,0.0,0.0,0.0,0.0,0.0,0.0,0.0,0.0,0.0,0.0,0.0,0.0,0.0,0.0
B7cf4e5561691,Sb97749af3711,front,7.0,unknown,1.0,0.0,0.0,0.0,0.0,0.0,0.0,0.0,0.0,0.0,0.0,0.0,0.0,0.0,0.0,0.0
B7cf4e5561691,Sb97749af3711,front,8.0,unknown,1.0,0.0,0.0,0.0,0.0,0.0,0.0,0.0,0.0,0.0,0.0,0.0,0.0,0.0,0.0,0.0
B7cf4e5561691,Sb97749af3711,front,9.0,unknown,1.0,0.0,0.0,0.0,0.0,0.0,0.0,0.0,0.0,0.0,0.0,0.0,0.0,0.0,0.0,0.0
B7cf4e5561691,Sb97749af3711,overhead,0.0,unknown,0.0,1.0,0.0,0.0,0.0,0.0,0.0,0.0,0.0,0.0,0.0,0.0,0.0,0.0,0.0,0.0
B7cf4e5561691,Sb97749af3711,overhead,1.0,unknown,0.0,1.0,0.0,0.0,0.0,0.0,0.0,0.0,0.0,0.0,0.0,0.0,0.0,0.0,0.0,0.0
B7cf4e5561691,Sb97749af3711,overhead,2.0,unknown,0.0,1.0,0.0,0.0,0.0,0.0,0.0,0.0,0.0,0.0,0.0,0.0,0.0,0.0,0.0,0.0
B7cf4e5561691,Sb97749af3711,overhead,3.0,unknown,0.0,1.0,0.0,0.0,0.0,0.0,0.0,0.0,0.0,0.0,0.0,0.0,0.0,0.0,0.0,0.0
B7cf4e5561691,Sb97749af3711,overhead,4.0,unknown,0.0,1.0,0.0,0.0,0.0,0.0,0.0,0.0,0.0,0.0,0.0,0.0,0.0,0.0,0.0,0.0
B7cf4e5561691,Sb97749af3711,overhead,5.0,unknown,0.0,1.0,0.0,0.0,0.0,0.0,0.0,0.0,0.0,0.0,0.0,0.0,0.0,0.0,0.0,0.0
B7cf4e5561691,Sb97749af3711,overhead,6.0,unknown,0.0,1.0,0.0,0.0,0.0,0.0,0.0,0.0,0.0,0.0,0.0,0.0,0.0,0.0,0.0,0.0
B7cf4e5561691,Sb97749af3711,overhead,7.0,unknown,0.0,1.0,0.0,0.0,0.0,0.0,0.0,0.0,0.0,0.0,0.0,0.0,0.0,0.0,0.0,0.0
B7cf4e5561691,Sb97749af3711,overhead,8.0,unknown,0.0,1.0,0.0,0.0,0.0,0.0,0.0,0.0,0.0,0.0,0.0,0.0,0.0,0.0,0.0,0.0
B7cf4e5561691,Sb97749af3711,overhead,9.0,unknown,0.0,1.0,0.0,0.0,0.0,0.0,0.0,0.0,0.0,0.0,0.0,0.0,0.0,0.0,0.0,0.0
B804d9be97660,Sc17507c06476,front,0.0,focus,1.0,0.0,1.0,0.0,0.0,0.0,0.0,0.0,0.0,0.0,1.0,0.0,0.0,0.0,0.0,0.0
B804d9be97660,Sc17507c06476,front,1.0,focus,1.0,0.0,1.0,0.0,0.0,0.0,0.0,0.0,0.0,0.0,1.0,0.0,0.0,0.0,0.0,0.0
B804d9be97660,Sc17507c06476,front,2.0,focus,1.0,0.0,1.0,0.0,0.0,0.0,0.0,0.0,0.0,0.0,1.0,0.0,0.0,0.0,0.0,0.0
B804d9be97660,Sc17507c06476,front,3.0,focus,1.0,0.0,1.0,0.0,0.0,0.0,0.0,0.0,0.0,0.0,0.0,0.0,0.0,0.0,0.0,0.0
B804d9be97660,Sc17507c06476,front,4.0,focus,1.0,0.0,1.0,0.0,0.0,0.0,0.0,0.0,0.0,0.0,0.0,0.0,0.0,0.0,0.0,0.0
B804d9be97660,Sc17507c06476,front,5.0,focus,1.0,0.0,1.0,0.0,0.0,0.0,0.0,0.0,0.0,0.0,1.0,0.0,0.0,0.0,0.0,0.0
B804d9be97660,Sc17507c06476,front,6.0,focus,1.0,0.0,1.0,0.0,0.0,0.0,1.0,1.0,0.0,0.0,1.0,0.0,0.0,0.0,0.0,0.0
B804d9be97660,Sc17507c06476,front,7.0,focus,1.0,0.0,1.0,0.0,0.0,0.0,0.0,0.0,0.0,0.0,0.0,0.0,0.0,0.0,0.0,0.0
B804d9be97660,Sc17507c06476,front,8.0,focus,1.0,0.0,1.0,0.0,0.0,0.0,0.0,0.0,0.0,0.0,0.0,0.0,0.0,0.0,0.0,0.0
B804d9be97660,Sc17507c06476,front,9.0,focus,1.0,0.0,1.0,0.0,0.0,0.0,0.0,0.0,0.0,0.0,0.0,0.0,0.0,0.0,0.0,0.0
B804d9be97660,Sc17507c06476,overhead,0.0,focus,0.0,1.0,0.0,0.0,0.0,1.0,0.0,0.0,0.0,0.0,0.0,0.0,0.0,0.0,0.0,0.0
B804d9be97660,Sc17507c06476,overhead,1.0,focus,0.0,1.0,1.0,0.0,0.0,1.0,0.0,0.0,0.0,0.0,1.0,0.0,0.0,0.0,0.0,0.0
B804d9be97660,Sc17507c06476,overhead,2.0,focus,0.0,1.0,0.0,0.0,0.0,0.0,0.0,0.0,0.0,0.0,0.0,0.0,0.0,0.0,0.0,0.0
B804d9be97660,Sc17507c06476,overhead,3.0,focus,0.0,1.0,0.0,0.0,0.0,0.0,0.0,0.0,0.0,0.0,0.0,0.0,0.0,0.0,0.0,0.0
B804d9be97660,Sc17507c06476,overhead,4.0,focus,0.0,1.0,0.0,0.0,0.0,0.0,0.0,0.0,0.0,0.0,0.0,0.0,0.0,0.0,0.0,0.0
B804d9be97660,Sc17507c06476,overhead,5.0,focus,0.0,1.0,0.0,0.0,0.0,0.0,0.0,0.0,0.0,0.0,0.0,0.0,0.0,0.0,0.0,0.0
B804d9be97660,Sc17507c06476,overhead,6.0,focus,0.0,1.0,0.0,0.0,0.0,0.0,0.0,0.0,0.0,0.0,0.0,0.0,0.0,0.0,0.0,0.0
B804d9be97660,Sc17507c06476,overhead,7.0,focus,0.0,1.0,0.0,0.0,0.0,0.0,0.0,0.0,0.0,0.0,0.0,0.0,0.0,0.0,0.0,0.0
B804d9be97660,Sc17507c06476,overhead,8.0,focus,0.0,1.0,0.0,0.0,0.0,0.0,0.0,0.0,0.0,0.0,0.0,0.0,0.0,0.0,0.0,0.0
B804d9be97660,Sc17507c06476,overhead,9.0,focus,0.0,1.0,0.0,0.0,0.0,0.0,0.0,0.0,0.0,0.0,0.0,0.0,0.0,0.0,0.0,0.0
B815dabb163ee,S8bb31e565816,front,0.0,focus,1.0,0.0,1.0,0.0,0.0,0.0,0.0,0.0,0.0,0.0,0.0,0.0,0.0,0.0,0.0,0.0
B815dabb163ee,S8bb31e565816,front,1.0,focus,1.0,0.0,1.0,0.0,0.0,0.0,0.0,0.0,0.0,0.0,0.0,0.0,0.0,0.0,0.0,0.0
B815dabb163ee,S8bb31e565816,front,2.0,focus,1.0,0.0,1.0,0.0,0.0,0.0,0.0,0.0,0.0,0.0,1.0,0.0,0.0,0.0,0.0,0.0
B815dabb163ee,S8bb31e565816,front,3.0,focus,1.0,0.0,1.0,0.0,0.0,0.0,0.0,0.0,0.0,0.0,0.0,0.0,0.0,0.0,0.0,0.0
B815dabb163ee,S8bb31e565816,front,4.0,focus,1.0,0.0,1.0,0.0,0.0,0.0,0.0,0.0,0.0,0.0,0.0,0.0,0.0,0.0,0.0,0.0
B815dabb163ee,S8bb31e565816,front,5.0,focus,1.0,0.0,1.0,0.0,0.0,0.0,0.0,0.0,0.0,0.0,0.0,0.0,0.0,0.0,0.0,0.0
B815dabb163ee,S8bb31e565816,front,6.0,focus,1.0,0.0,1.0,0.0,0.0,0.0,0.0,0.0,0.0,0.0,0.0,0.0,0.0,0.0,0.0,0.0
B815dabb163ee,S8bb31e565816,front,7.0,focus,1.0,0.0,1.0,0.0,0.0,0.0,1.0,0.0,0.0,1.0,0.0,0.0,0.0,0.0,0.0,0.0
B815dabb163ee,S8bb31e565816,front,8.0,focus,1.0,0.0,1.0,0.0,0.0,0.0,1.0,0.0,0.0,1.0,0.0,0.0,0.0,0.0,0.0,0.0
B815dabb163ee,S8bb31e565816,front,9.0,focus,1.0,0.0,1.0,0.0,0.0,0.0,1.0,0.0,0.0,0.0,1.0,0.0,0.0,0.0,0.0,0.0
B815dabb163ee,S8bb31e565816,overhead,0.0,focus,0.0,1.0,0.0,0.0,0.0,0.0,0.0,0.0,0.0,0.0,0.0,0.0,0.0,0.0,0.0,0.0
B815dabb163ee,S8bb31e565816,overhead,1.0,focus,0.0,1.0,0.0,0.0,0.0,0.0,0.0,0.0,0.0,0.0,0.0,0.0,0.0,0.0,0.0,0.0
B815dabb163ee,S8bb31e565816,overhead,2.0,focus,0.0,1.0,0.0,0.0,0.0,0.0,0.0,0.0,0.0,0.0,0.0,0.0,0.0,0.0,0.0,0.0
B815dabb163ee,S8bb31e565816,overhead,3.0,focus,0.0,1.0,0.0,0.0,0.0,0.0,0.0,0.0,0.0,0.0,0.0,0.0,0.0,0.0,0.0,0.0
B815dabb163ee,S8bb31e565816,overhead,4.0,focus,0.0,1.0,0.0,0.0,0.0,0.0,0.0,0.0,0.0,0.0,0.0,0.0,0.0,0.0,0.0,0.0
B815dabb163ee,S8bb31e565816,overhead,5.0,focus,0.0,1.0,0.0,0.0,0.0,0.0,0.0,0.0,0.0,0.0,0.0,0.0,0.0,0.0,0.0,0.0
B815dabb163ee,S8bb31e565816,overhead,6.0,focus,0.0,1.0,0.0,0.0,0.0,0.0,0.0,0.0,0.0,0.0,0.0,0.0,0.0,0.0,0.0,0.0
B815dabb163ee,S8bb31e565816,overhead,7.0,focus,0.0,1.0,0.0,0.0,0.0,0.0,0.0,0.0,0.0,0.0,0.0,0.0,0.0,0.0,0.0,0.0
B815dabb163ee,S8bb31e565816,overhead,8.0,focus,0.0,1.0,0.0,0.0,0.0,0.0,0.0,0.0,0.0,0.0,0.0,0.0,0.0,0.0,0.0,0.0
B815dabb163ee,S8bb31e565816,overhead,9.0,focus,0.0,1.0,0.0,0.0,0.0,0.0,0.0,0.0,0.0,0.0,0.0,0.0,0.0,0.0,0.0,0.0
B81ee20ce8f89,Sc17507c06476,front,0.0,focus,1.0,0.0,0.0,0.0,0.0,1.0,0.0,0.0,0.0,0.0,1.0,0.0,0.0,0.0,0.0,0.0
B81ee20ce8f89,Sc17507c06476,front,1.0,focus,1.0,0.0,0.0,0.0,0.0,1.0,0.0,0.0,0.0,0.0,1.0,0.0,0.0,0.0,0.0,0.0
B81ee20ce8f89,Sc17507c06476,front,2.0,focus,1.0,0.0,1.0,0.0,0.0,1.0,0.0,0.0,0.0,0.0,1.0,0.0,0.0,0.0,0.0,0.0
B81ee20ce8f89,Sc17507c06476,front,3.0,focus,1.0,0.0,0.0,0.0,0.0,0.0,0.0,0.0,0.0,0.0,0.0,0.0,0.0,0.0,0.0,1.0
B81ee20ce8f89,Sc17507c06476,front,4.0,focus,1.0,0.0,1.0,0.0,0.0,0.0,0.0,0.0,0.0,0.0,1.0,0.0,0.0,0.0,0.0,0.0
B81ee20ce8f89,Sc17507c06476,front,5.0,focus,1.0,0.0,1.0,0.0,0.0,0.0,1.0,1.0,0.0,0.0,1.0,0.0,0.0,0.0,0.0,0.0
B81ee20ce8f89,Sc17507c06476,front,6.0,focus,1.0,0.0,1.0,0.0,0.0,0.0,0.0,0.0,0.0,0.0,1.0,0.0,0.0,0.0,0.0,0.0
B81ee20ce8f89,Sc17507c06476,front,7.0,focus,1.0,0.0,1.0,0.0,0.0,0.0,0.0,0.0,0.0,0.0,1.0,0.0,0.0,0.0,0.0,0.0
B81ee20ce8f89,Sc17507c06476,front,8.0,focus,1.0,0.0,1.0,0.0,0.0,1.0,0.0,0.0,0.0,0.0,1.0,0.0,0.0,0.0,0.0,0.0
B81ee20ce8f89,Sc17507c06476,front,9.0,focus,1.0,0.0,1.0,0.0,0.0,1.0,0.0,0.0,0.0,0.0,1.0,0.0,0.0,0.0,0.0,0.0
B81ee20ce8f89,Sc17507c06476,overhead,0.0,focus,0.0,1.0,0.0,0.0,0.0,0.0,0.0,0.0,0.0,0.0,0.0,0.0,0.0,0.0,0.0,0.0
B81ee20ce8f89,Sc17507c06476,overhead,1.0,focus,0.0,1.0,0.0,0.0,0.0,0.0,0.0,0.0,0.0,0.0,0.0,0.0,0.0,0.0,0.0,0.0
B81ee20ce8f89,Sc17507c06476,overhead,2.0,focus,0.0,1.0,0.0,0.0,0.0,0.0,0.0,0.0,0.0,0.0,0.0,0.0,0.0,0.0,0.0,0.0
B81ee20ce8f89,Sc17507c06476,overhead,3.0,focus,0.0,1.0,0.0,0.0,0.0,0.0,0.0,0.0,0.0,0.0,0.0,0.0,0.0,0.0,0.0,0.0
B81ee20ce8f89,Sc17507c06476,overhead,4.0,focus,0.0,1.0,0.0,0.0,0.0,0.0,0.0,0.0,0.0,0.0,0.0,0.0,0.0,0.0,0.0,0.0
B81ee20ce8f89,Sc17507c06476,overhead,5.0,focus,0.0,1.0,0.0,0.0,0.0,0.0,0.0,0.0,0.0,0.0,0.0,0.0,0.0,0.0,0.0,0.0
B81ee20ce8f89,Sc17507c06476,overhead,6.0,focus,0.0,1.0,0.0,0.0,0.0,0.0,0.0,0.0,0.0,0.0,0.0,0.0,0.0,0.0,0.0,0.0
B81ee20ce8f89,Sc17507c06476,overhead,7.0,focus,0.0,1.0,0.0,0.0,0.0,0.0,0.0,0.0,0.0,0.0,0.0,0.0,0.0,0.0,0.0,0.0
B81ee20ce8f89,Sc17507c06476,overhead,8.0,focus,0.0,1.0,0.0,0.0,0.0,0.0,0.0,0.0,0.0,0.0,0.0,0.0,0.0,0.0,0.0,0.0
B81ee20ce8f89,Sc17507c06476,overhead,9.0,focus,0.0,1.0,0.0,0.0,0.0,0.0,0.0,0.0,0.0,0.0,0.0,0.0,0.0,0.0,0.0,0.0
B82eac082599f,S41983e9ca40a,front,0.0,unknown,1.0,0.0,0.0,0.0,0.0,0.0,0.0,0.0,0.0,0.0,0.0,0.0,0.0,0.0,0.0,0.0
B82eac082599f,S41983e9ca40a,front,1.0,unknown,1.0,0.0,0.0,0.0,0.0,0.0,0.0,0.0,0.0,0.0,0.0,0.0,0.0,0.0,0.0,0.0
B82eac082599f,S41983e9ca40a,front,2.0,unknown,1.0,0.0,0.0,0.0,0.0,0.0,0.0,0.0,0.0,0.0,0.0,0.0,0.0,0.0,0.0,0.0
B82eac082599f,S41983e9ca40a,front,3.0,unknown,1.0,0.0,0.0,0.0,0.0,0.0,0.0,0.0,0.0,0.0,0.0,0.0,0.0,0.0,0.0,0.0
B82eac082599f,S41983e9ca40a,front,4.0,unknown,1.0,0.0,0.0,0.0,0.0,0.0,0.0,0.0,0.0,0.0,0.0,0.0,0.0,0.0,0.0,0.0
B82eac082599f,S41983e9ca40a,front,5.0,unknown,1.0,0.0,0.0,0.0,0.0,0.0,0.0,0.0,0.0,0.0,0.0,0.0,0.0,0.0,0.0,0.0
B82eac082599f,S41983e9ca40a,front,6.0,unknown,1.0,0.0,0.0,0.0,0.0,0.0,0.0,0.0,0.0,0.0,0.0,0.0,0.0,0.0,0.0,0.0
B82eac082599f,S41983e9ca40a,front,7.0,unknown,1.0,0.0,0.0,0.0,0.0,0.0,0.0,0.0,0.0,0.0,0.0,0.0,0.0,0.0,0.0,0.0
B82eac082599f,S41983e9ca40a,front,8.0,unknown,1.0,0.0,0.0,0.0,0.0,0.0,0.0,0.0,0.0,0.0,0.0,0.0,0.0,0.0,0.0,0.0
B82eac082599f,S41983e9ca40a,front,9.0,unknown,1.0,0.0,0.0,0.0,0.0,0.0,0.0,0.0,0.0,0.0,0.0,0.0,0.0,0.0,0.0,0.0
B82eac082599f,S41983e9ca40a,overhead,0.0,unknown,0.0,1.0,0.0,0.0,0.0,0.0,0.0,0.0,0.0,0.0,0.0,0.0,0.0,0.0,0.0,0.0
B82eac082599f,S41983e9ca40a,overhead,1.0,unknown,0.0,1.0,0.0,0.0,0.0,0.0,0.0,0.0,0.0,0.0,0.0,0.0,0.0,0.0,0.0,0.0
B82eac082599f,S41983e9ca40a,overhead,2.0,unknown,0.0,1.0,0.0,0.0,0.0,0.0,0.0,0.0,0.0,0.0,0.0,0.0,0.0,0.0,0.0,0.0
B82eac082599f,S41983e9ca40a,overhead,3.0,unknown,0.0,1.0,0.0,0.0,0.0,0.0,0.0,0.0,0.0,0.0,0.0,0.0,0.0,0.0,0.0,0.0
B82eac082599f,S41983e9ca40a,overhead,4.0,unknown,0.0,1.0,0.0,0.0,0.0,0.0,0.0,0.0,0.0,0.0,0.0,0.0,0.0,0.0,0.0,0.0
B82eac082599f,S41983e9ca40a,overhead,5.0,unknown,0.0,1.0,0.0,0.0,0.0,0.0,0.0,0.0,0.0,0.0,0.0,0.0,0.0,0.0,0.0,0.0
B82eac082599f,S41983e9ca40a,overhead,6.0,unknown,0.0,1.0,0.0,0.0,0.0,0.0,0.0,0.0,0.0,0.0,0.0,0.0,0.0,0.0,0.0,0.0
B82eac082599f,S41983e9ca40a,overhead,7.0,unknown,0.0,1.0,0.0,0.0,0.0,0.0,0.0,0.0,0.0,0.0,0.0,0.0,0.0,0.0,0.0,0.0
B82eac082599f,S41983e9ca40a,overhead,8.0,unknown,0.0,1.0,0.0,0.0,0.0,0.0,0.0,0.0,0.0,0.0,0.0,0.0,0.0,0.0,0.0,0.0
B82eac082599f,S41983e9ca40a,overhead,9.0,unknown,0.0,1.0,0.0,0.0,0.0,0.0,0.0,0.0,0.0,0.0,0.0,0.0,0.0,0.0,0.0,0.0
B8370e8d9d2f8,Se9ae4c661219,front,0.0,focus,1.0,0.0,1.0,0.0,0.0,0.0,0.0,0.0,0.0,0.0,1.0,0.0,0.0,0.0,0.0,0.0
B8370e8d9d2f8,Se9ae4c661219,front,1.0,focus,1.0,0.0,0.0,0.0,0.0,0.0,0.0,0.0,0.0,0.0,0.0,0.0,0.0,0.0,0.0,1.0
B8370e8d9d2f8,Se9ae4c661219,front,2.0,focus,1.0,0.0,1.0,0.0,0.0,0.0,0.0,0.0,0.0,0.0,1.0,0.0,0.0,0.0,0.0,0.0
B8370e8d9d2f8,Se9ae4c661219,front,3.0,focus,1.0,0.0,0.0,0.0,0.0,0.0,0.0,0.0,0.0,0.0,0.0,0.0,0.0,0.0,0.0,0.0
B8370e8d9d2f8,Se9ae4c661219,front,4.0,focus,1.0,0.0,0.0,0.0,0.0,0.0,0.0,0.0,0.0,0.0,0.0,0.0,0.0,0.0,0.0,0.0
B8370e8d9d2f8,Se9ae4c661219,front,5.0,focus,1.0,0.0,0.0,0.0,0.0,0.0,0.0,0.0,0.0,0.0,1.0,0.0,0.0,0.0,0.0,0.0
B8370e8d9d2f8,Se9ae4c661219,front,6.0,focus,1.0,0.0,0.0,0.0,0.0,0.0,0.0,0.0,0.0,0.0,0.0,0.0,0.0,0.0,0.0,0.0
B8370e8d9d2f8,Se9ae4c661219,front,7.0,focus,1.0,0.0,0.0,0.0,0.0,0.0,0.0,0.0,0.0,0.0,0.0,0.0,0.0,0.0,0.0,0.0
B8370e8d9d2f8,Se9ae4c661219,front,8.0,focus,1.0,0.0,0.0,0.0,0.0,1.0,0.0,0.0,0.0,0.0,1.0,0.0,0.0,0.0,0.0,0.0
B8370e8d9d2f8,Se9ae4c661219,front,9.0,focus,1.0,0.0,0.0,0.0,0.0,1.0,0.0,0.0,0.0,0.0,1.0,0.0,0.0,0.0,0.0,0.0
B8370e8d9d2f8,Se9ae4c661219,overhead,0.0,focus,0.0,1.0,0.0,0.0,0.0,0.0,0.0,0.0,0.0,0.0,0.0,0.0,0.0,0.0,0.0,0.0
B8370e8d9d2f8,Se9ae4c661219,overhead,1.0,focus,0.0,1.0,0.0,0.0,0.0,0.0,0.0,0.0,0.0,0.0,0.0,0.0,0.0,0.0,0.0,0.0
B8370e8d9d2f8,Se9ae4c661219,overhead,2.0,focus,0.0,1.0,0.0,0.0,0.0,0.0,0.0,0.0,0.0,0.0,0.0,0.0,0.0,0.0,0.0,0.0
B8370e8d9d2f8,Se9ae4c661219,overhead,3.0,focus,0.0,1.0,0.0,0.0,0.0,0.0,0.0,0.0,0.0,0.0,0.0,0.0,0.0,0.0,0.0,0.0
B8370e8d9d2f8,Se9ae4c661219,overhead,4.0,focus,0.0,1.0,0.0,0.0,0.0,0.0,0.0,0.0,0.0,0.0,0.0,0.0,0.0,0.0,0.0,0.0
B8370e8d9d2f8,Se9ae4c661219,overhead,5.0,focus,0.0,1.0,0.0,0.0,0.0,0.0,0.0,0.0,0.0,0.0,0.0,0.0,0.0,0.0,0.0,0.0
B8370e8d9d2f8,Se9ae4c661219,overhead,6.0,focus,0.0,1.0,0.0,0.0,0.0,0.0,0.0,0.0,0.0,0.0,0.0,0.0,0.0,0.0,0.0,0.0
B8370e8d9d2f8,Se9ae4c661219,overhead,7.0,focus,0.0,1.0,0.0,0.0,0.0,0.0,0.0,0.0,0.0,0.0,0.0,0.0,0.0,0.0,0.0,0.0
B8370e8d9d2f8,Se9ae4c661219,overhead,8.0,focus,0.0,1.0,0.0,0.0,0.0,0.0,0.0,0.0,0.0,0.0,0.0,0.0,0.0,0.0,0.0,0.0
B8370e8d9d2f8,Se9ae4c661219,overhead,9.0,focus,0.0,1.0,0.0,0.0,0.0,0.0,0.0,0.0,0.0,0.0,0.0,0.0,0.0,0.0,0.0,0.0
B837e8611b535,Sb97749af3711,front,0.0,unknown,1.0,0.0,0.0,0.0,0.0,0.0,0.0,0.0,0.0,0.0,0.0,0.0,0.0,0.0,0.0,0.0
B837e8611b535,Sb97749af3711,front,1.0,unknown,1.0,0.0,0.0,0.0,0.0,0.0,0.0,0.0,0.0,0.0,0.0,0.0,0.0,0.0,0.0,0.0
B837e8611b535,Sb97749af3711,front,2.0,unknown,1.0,0.0,0.0,0.0,0.0,0.0,0.0,0.0,0.0,0.0,0.0,0.0,0.0,0.0,0.0,0.0
B837e8611b535,Sb97749af3711,front,3.0,unknown,1.0,0.0,0.0,0.0,0.0,0.0,0.0,0.0,0.0,0.0,0.0,0.0,0.0,0.0,0.0,0.0
B837e8611b535,Sb97749af3711,front,4.0,unknown,1.0,0.0,0.0,0.0,0.0,0.0,0.0,0.0,0.0,0.0,0.0,0.0,0.0,0.0,0.0,0.0
B837e8611b535,Sb97749af3711,front,5.0,unknown,1.0,0.0,0.0,0.0,0.0,0.0,0.0,0.0,0.0,0.0,0.0,0.0,0.0,0.0,0.0,0.0
B837e8611b535,Sb97749af3711,front,6.0,unknown,1.0,0.0,0.0,0.0,0.0,0.0,0.0,0.0,0.0,0.0,0.0,0.0,0.0,0.0,0.0,0.0
B837e8611b535,Sb97749af3711,front,7.0,unknown,1.0,0.0,0.0,0.0,0.0,0.0,0.0,0.0,0.0,0.0,0.0,0.0,0.0,0.0,0.0,0.0
B837e8611b535,Sb97749af3711,front,8.0,unknown,1.0,0.0,0.0,0.0,0.0,0.0,0.0,0.0,0.0,0.0,0.0,0.0,0.0,0.0,0.0,0.0
B837e8611b535,Sb97749af3711,front,9.0,unknown,1.0,0.0,0.0,0.0,0.0,0.0,0.0,0.0,0.0,0.0,0.0,0.0,0.0,0.0,0.0,0.0
B837e8611b535,Sb97749af3711,overhead,0.0,unknown,0.0,1.0,0.0,0.0,0.0,0.0,0.0,0.0,0.0,0.0,0.0,0.0,0.0,0.0,0.0,0.0
B837e8611b535,Sb97749af3711,overhead,1.0,unknown,0.0,1.0,0.0,0.0,0.0,0.0,0.0,0.0,0.0,0.0,0.0,0.0,0.0,0.0,0.0,0.0
B837e8611b535,Sb97749af3711,overhead,2.0,unknown,0.0,1.0,0.0,0.0,0.0,0.0,0.0,0.0,0.0,0.0,0.0,0.0,0.0,0.0,0.0,0.0
B837e8611b535,Sb97749af3711,overhead,3.0,unknown,0.0,1.0,0.0,0.0,0.0,0.0,0.0,0.0,0.0,0.0,0.0,0.0,0.0,0.0,0.0,0.0
B837e8611b535,Sb97749af3711,overhead,4.0,unknown,0.0,1.0,0.0,0.0,0.0,0.0,0.0,0.0,0.0,0.0,0.0,0.0,0.0,0.0,0.0,0.0
B837e8611b535,Sb97749af3711,overhead,5.0,unknown,0.0,1.0,0.0,0.0,0.0,0.0,0.0,0.0,0.0,0.0,0.0,0.0,0.0,0.0,0.0,0.0
B837e8611b535,Sb97749af3711,overhead,6.0,unknown,0.0,1.0,0.0,0.0,0.0,0.0,0.0,0.0,0.0,0.0,0.0,0.0,0.0,0.0,0.0,0.0
B837e8611b535,Sb97749af3711,overhead,7.0,unknown,0.0,1.0,0.0,0.0,0.0,0.0,0.0,0.0,0.0,0.0,0.0,0.0,0.0,0.0,0.0,0.0
B837e8611b535,Sb97749af3711,overhead,8.0,unknown,0.0,1.0,0.0,0.0,0.0,0.0,0.0,0.0,0.0,0.0,0.0,0.0,0.0,0.0,0.0,0.0
B837e8611b535,Sb97749af3711,overhead,9.0,unknown,0.0,1.0,0.0,0.0,0.0,0.0,0.0,0.0,0.0,0.0,0.0,0.0,0.0,0.0,0.0,0.0
B83815b942ae8,S38533928bb7e,front,1088.0,gaze_side,1.0,0.0,1.0,0.0,0.0,0.0,0.0,0.0,0.0,0.0,1.0,0.0,0.0,0.0,0.0,0.0
B83815b942ae8,S38533928bb7e,front,1089.0,gaze_side,1.0,0.0,1.0,0.0,0.0,1.0,0.0,0.0,0.0,0.0,1.0,0.0,0.0,0.0,0.0,0.0
B83815b942ae8,S38533928bb7e,front,1090.0,gaze_side,1.0,0.0,1.0,1.0,0.0,1.0,0.0,0.0,0.0,0.0,1.0,0.0,0.0,0.0,0.0,0.0
B83815b942ae8,S38533928bb7e,front,1091.0,gaze_side,1.0,0.0,1.0,1.0,0.0,1.0,0.0,0.0,0.0,0.0,1.0,0.0,0.0,0.0,0.0,0.0
B83815b942ae8,S38533928bb7e,front,1092.0,gaze_side,1.0,0.0,1.0,1.0,0.0,1.0,0.0,0.0,0.0,0.0,1.0,0.0,0.0,0.0,0.0,0.0
B83815b942ae8,S38533928bb7e,front,1093.0,gaze_side,1.0,0.0,1.0,1.0,0.0,0.0,0.0,0.0,0.0,0.0,1.0,0.0,0.0,0.0,0.0,0.0
B83815b942ae8,S38533928bb7e,front,1094.0,gaze_side,1.0,0.0,1.0,1.0,0.0,0.0,0.0,0.0,0.0,0.0,1.0,0.0,0.0,0.0,0.0,0.0
B83815b942ae8,S38533928bb7e,front,1095.0,gaze_side,1.0,0.0,1.0,1.0,0.0,1.0,0.0,0.0,0.0,0.0,1.0,0.0,0.0,0.0,0.0,0.0
B83815b942ae8,S38533928bb7e,front,1096.0,gaze_side,1.0,0.0,1.0,1.0,0.0,1.0,0.0,0.0,0.0,0.0,1.0,0.0,0.0,0.0,0.0,0.0
B83815b942ae8,S38533928bb7e,front,1097.0,gaze_side,1.0,0.0,1.0,1.0,0.0,1.0,0.0,0.0,0.0,0.0,1.0,0.0,0.0,0.0,0.0,0.0
B83815b942ae8,S38533928bb7e,overhead,1088.0,gaze_side,0.0,1.0,0.0,0.0,0.0,0.0,0.0,0.0,0.0,0.0,1.0,0.0,0.0,0.0,0.0,0.0
B83815b942ae8,S38533928bb7e,overhead,1089.0,gaze_side,0.0,1.0,0.0,0.0,0.0,0.0,0.0,0.0,0.0,0.0,0.0,0.0,0.0,0.0,0.0,0.0
B83815b942ae8,S38533928bb7e,overhead,1090.0,gaze_side,0.0,1.0,0.0,0.0,0.0,0.0,0.0,0.0,0.0,0.0,0.0,0.0,0.0,0.0,0.0,0.0
B83815b942ae8,S38533928bb7e,overhead,1091.0,gaze_side,0.0,1.0,0.0,0.0,0.0,0.0,0.0,0.0,0.0,0.0,0.0,0.0,0.0,0.0,0.0,0.0
B83815b942ae8,S38533928bb7e,overhead,1092.0,gaze_side,0.0,1.0,0.0,0.0,0.0,0.0,0.0,0.0,0.0,0.0,0.0,0.0,0.0,0.0,0.0,0.0
B83815b942ae8,S38533928bb7e,overhead,1093.0,gaze_side,0.0,1.0,0.0,0.0,0.0,0.0,0.0,0.0,0.0,0.0,0.0,0.0,0.0,0.0,0.0,0.0
B83815b942ae8,S38533928bb7e,overhead,1094.0,gaze_side,0.0,1.0,0.0,0.0,0.0,0.0,0.0,0.0,0.0,0.0,0.0,0.0,0.0,0.0,0.0,0.0
B83815b942ae8,S38533928bb7e,overhead,1095.0,gaze_side,0.0,1.0,0.0,0.0,0.0,0.0,0.0,0.0,0.0,0.0,0.0,0.0,0.0,0.0,0.0,0.0
B83815b942ae8,S38533928bb7e,overhead,1096.0,gaze_side,0.0,1.0,0.0,0.0,0.0,0.0,0.0,0.0,0.0,0.0,0.0,0.0,0.0,0.0,0.0,0.0
B83815b942ae8,S38533928bb7e,overhead,1097.0,gaze_side,0.0,1.0,0.0,0.0,0.0,0.0,0.0,0.0,0.0,0.0,0.0,0.0,0.0,0.0,0.0,0.0
B841b6b7d3924,Sc17507c06476,front,0.0,focus,1.0,0.0,1.0,0.0,0.0,0.0,0.0,0.0,0.0,0.0,0.0,0.0,0.0,0.0,0.0,0.0
B841b6b7d3924,Sc17507c06476,front,1.0,focus,1.0,0.0,1.0,0.0,0.0,0.0,0.0,0.0,0.0,0.0,0.0,0.0,0.0,0.0,0.0,0.0
B841b6b7d3924,Sc17507c06476,front,2.0,focus,1.0,0.0,1.0,0.0,0.0,0.0,1.0,1.0,0.0,0.0,1.0,0.0,0.0,0.0,0.0,0.0
B841b6b7d3924,Sc17507c06476,front,3.0,focus,1.0,0.0,1.0,0.0,0.0,0.0,0.0,0.0,0.0,0.0,1.0,0.0,0.0,0.0,0.0,0.0
B841b6b7d3924,Sc17507c06476,front,4.0,focus,1.0,0.0,1.0,0.0,0.0,0.0,0.0,0.0,0.0,0.0,0.0,0.0,0.0,0.0,0.0,0.0
B841b6b7d3924,Sc17507c06476,front,5.0,focus,1.0,0.0,1.0,0.0,0.0,0.0,0.0,0.0,0.0,0.0,1.0,0.0,0.0,0.0,0.0,0.0
B841b6b7d3924,Sc17507c06476,front,6.0,focus,1.0,0.0,1.0,0.0,0.0,0.0,0.0,0.0,0.0,0.0,0.0,0.0,0.0,0.0,0.0,0.0
B841b6b7d3924,Sc17507c06476,front,7.0,focus,1.0,0.0,1.0,0.0,0.0,0.0,0.0,0.0,0.0,0.0,0.0,0.0,0.0,0.0,0.0,0.0
B841b6b7d3924,Sc17507c06476,front,8.0,focus,1.0,0.0,1.0,0.0,0.0,0.0,0.0,0.0,0.0,0.0,0.0,0.0,0.0,0.0,0.0,0.0
B841b6b7d3924,Sc17507c06476,front,9.0,focus,1.0,0.0,1.0,0.0,0.0,0.0,0.0,0.0,0.0,0.0,0.0,0.0,0.0,0.0,0.0,0.0
B841b6b7d3924,Sc17507c06476,overhead,0.0,focus,0.0,1.0,0.0,0.0,0.0,0.0,0.0,0.0,0.0,0.0,0.0,0.0,0.0,0.0,0.0,0.0
B841b6b7d3924,Sc17507c06476,overhead,1.0,focus,0.0,1.0,0.0,0.0,0.0,0.0,0.0,0.0,0.0,0.0,0.0,0.0,0.0,0.0,0.0,0.0
B841b6b7d3924,Sc17507c06476,overhead,2.0,focus,0.0,1.0,0.0,0.0,0.0,0.0,0.0,0.0,0.0,0.0,0.0,0.0,0.0,0.0,0.0,0.0
B841b6b7d3924,Sc17507c06476,overhead,3.0,focus,0.0,1.0,0.0,0.0,0.0,0.0,0.0,0.0,0.0,0.0,0.0,0.0,0.0,0.0,0.0,0.0
B841b6b7d3924,Sc17507c06476,overhead,4.0,focus,0.0,1.0,0.0,0.0,0.0,0.0,0.0,0.0,0.0,0.0,0.0,0.0,0.0,0.0,0.0,0.0
B841b6b7d3924,Sc17507c06476,overhead,5.0,focus,0.0,1.0,0.0,0.0,0.0,0.0,0.0,0.0,0.0,0.0,0.0,0.0,0.0,0.0,0.0,0.0
B841b6b7d3924,Sc17507c06476,overhead,6.0,focus,0.0,1.0,0.0,0.0,0.0,0.0,0.0,0.0,0.0,0.0,0.0,0.0,0.0,0.0,0.0,0.0
B841b6b7d3924,Sc17507c06476,overhead,7.0,focus,0.0,1.0,0.0,0.0,0.0,0.0,0.0,0.0,0.0,0.0,0.0,0.0,0.0,0.0,0.0,0.0
B841b6b7d3924,Sc17507c06476,overhead,8.0,focus,0.0,1.0,0.0,0.0,0.0,0.0,0.0,0.0,0.0,0.0,0.0,0.0,0.0,0.0,0.0,0.0
B841b6b7d3924,Sc17507c06476,overhead,9.0,focus,0.0,1.0,0.0,0.0,0.0,0.0,0.0,0.0,0.0,0.0,0.0,0.0,0.0,0.0,0.0,0.0
B84a5ce069ee6,S08ea3e793bb0,front,0.0,focus,1.0,0.0,1.0,0.0,0.0,1.0,0.0,0.0,0.0,0.0,1.0,0.0,0.0,0.0,0.0,0.0
B84a5ce069ee6,S08ea3e793bb0,front,1.0,focus,1.0,0.0,1.0,0.0,0.0,1.0,0.0,0.0,0.0,0.0,1.0,0.0,0.0,0.0,0.0,0.0
B84a5ce069ee6,S08ea3e793bb0,front,2.0,focus,1.0,0.0,1.0,0.0,0.0,0.0,0.0,0.0,0.0,0.0,1.0,0.0,0.0,0.0,0.0,0.0
B84a5ce069ee6,S08ea3e793bb0,front,3.0,focus,1.0,0.0,1.0,0.0,0.0,0.0,0.0,0.0,0.0,0.0,1.0,0.0,0.0,0.0,0.0,0.0
B84a5ce069ee6,S08ea3e793bb0,front,4.0,focus,1.0,0.0,1.0,0.0,0.0,1.0,0.0,0.0,0.0,0.0,1.0,0.0,0.0,0.0,0.0,0.0
B84a5ce069ee6,S08ea3e793bb0,front,5.0,focus,1.0,0.0,1.0,0.0,0.0,1.0,0.0,0.0,0.0,0.0,1.0,0.0,0.0,0.0,0.0,0.0
B84a5ce069ee6,S08ea3e793bb0,front,6.0,focus,1.0,0.0,1.0,0.0,0.0,1.0,0.0,0.0,0.0,0.0,1.0,0.0,0.0,0.0,0.0,0.0
B84a5ce069ee6,S08ea3e793bb0,front,7.0,focus,1.0,0.0,1.0,0.0,0.0,1.0,0.0,0.0,0.0,0.0,1.0,0.0,0.0,0.0,0.0,0.0
B84a5ce069ee6,S08ea3e793bb0,front,8.0,focus,1.0,0.0,1.0,0.0,0.0,1.0,0.0,0.0,0.0,0.0,1.0,0.0,0.0,0.0,0.0,0.0
B84a5ce069ee6,S08ea3e793bb0,front,9.0,focus,1.0,0.0,1.0,0.0,0.0,1.0,0.0,0.0,0.0,0.0,1.0,0.0,0.0,0.0,0.0,0.0
B84a5ce069ee6,S08ea3e793bb0,overhead,0.0,focus,0.0,1.0,0.0,0.0,0.0,0.0,0.0,0.0,0.0,0.0,0.0,0.0,0.0,0.0,0.0,0.0
B84a5ce069ee6,S08ea3e793bb0,overhead,1.0,focus,0.0,1.0,0.0,0.0,0.0,0.0,0.0,0.0,0.0,0.0,0.0,0.0,0.0,0.0,0.0,0.0
B84a5ce069ee6,S08ea3e793bb0,overhead,2.0,focus,0.0,1.0,0.0,0.0,0.0,0.0,0.0,0.0,0.0,0.0,0.0,0.0,0.0,0.0,0.0,0.0
B84a5ce069ee6,S08ea3e793bb0,overhead,3.0,focus,0.0,1.0,0.0,0.0,0.0,0.0,0.0,0.0,0.0,0.0,0.0,0.0,0.0,0.0,0.0,0.0
B84a5ce069ee6,S08ea3e793bb0,overhead,4.0,focus,0.0,1.0,0.0,0.0,0.0,0.0,0.0,0.0,0.0,0.0,0.0,0.0,0.0,0.0,0.0,0.0
B84a5ce069ee6,S08ea3e793bb0,overhead,5.0,focus,0.0,1.0,0.0,0.0,0.0,0.0,0.0,0.0,0.0,0.0,0.0,0.0,0.0,0.0,0.0,0.0
B84a5ce069ee6,S08ea3e793bb0,overhead,6.0,focus,0.0,1.0,0.0,0.0,0.0,1.0,0.0,0.0,0.0,0.0,1.0,0.0,0.0,0.0,0.0,0.0
B84a5ce069ee6,S08ea3e793bb0,overhead,7.0,focus,0.0,1.0,0.0,0.0,0.0,1.0,0.0,0.0,0.0,0.0,1.0,0.0,0.0,0.0,0.0,0.0
B84a5ce069ee6,S08ea3e793bb0,overhead,8.0,focus,0.0,1.0,0.0,0.0,0.0,1.0,0.0,0.0,0.0,0.0,1.0,0.0,0.0,0.0,0.0,0.0
B84a5ce069ee6,S08ea3e793bb0,overhead,9.0,focus,0.0,1.0,0.0,0.0,0.0,1.0,0.0,0.0,0.0,0.0,1.0,0.0,0.0,0.0,0.0,0.0
B84c460af0eba,Se9ae4c661219,front,0.0,focus,1.0,0.0,0.0,0.0,0.0,0.0,0.0,0.0,0.0,0.0,0.0,0.0,0.0,0.0,0.0,1.0
B84c460af0eba,Se9ae4c661219,front,1.0,focus,1.0,0.0,0.0,0.0,0.0,0.0,0.0,0.0,0.0,0.0,1.0,0.0,0.0,0.0,0.0,1.0
B84c460af0eba,Se9ae4c661219,front,2.0,focus,1.0,0.0,0.0,0.0,0.0,0.0,0.0,0.0,0.0,0.0,1.0,0.0,0.0,0.0,0.0,1.0
B84c460af0eba,Se9ae4c661219,front,3.0,focus,1.0,0.0,1.0,0.0,0.0,0.0,0.0,0.0,0.0,0.0,1.0,0.0,0.0,0.0,0.0,0.0
B84c460af0eba,Se9ae4c661219,front,4.0,focus,1.0,0.0,1.0,0.0,0.0,0.0,1.0,0.0,0.0,1.0,1.0,0.0,0.0,0.0,0.0,0.0
B84c460af0eba,Se9ae4c661219,front,5.0,focus,1.0,0.0,1.0,0.0,0.0,1.0,1.0,0.0,0.0,1.0,1.0,0.0,0.0,0.0,0.0,0.0
B84c460af0eba,Se9ae4c661219,front,6.0,focus,1.0,0.0,1.0,0.0,0.0,1.0,1.0,0.0,0.0,1.0,1.0,0.0,0.0,0.0,0.0,0.0
B84c460af0eba,Se9ae4c661219,front,7.0,focus,1.0,0.0,1.0,0.0,0.0,1.0,1.0,0.0,0.0,1.0,0.0,0.0,0.0,0.0,0.0,0.0
B84c460af0eba,Se9ae4c661219,front,8.0,focus,1.0,0.0,1.0,0.0,0.0,1.0,1.0,0.0,0.0,1.0,1.0,0.0,0.0,0.0,0.0,0.0
B84c460af0eba,Se9ae4c661219,front,9.0,focus,1.0,0.0,1.0,0.0,0.0,0.0,1.0,0.0,0.0,1.0,1.0,0.0,0.0,0.0,0.0,0.0
B84c460af0eba,Se9ae4c661219,overhead,0.0,focus,0.0,1.0,0.0,0.0,0.0,1.0,0.0,0.0,0.0,0.0,1.0,0.0,0.0,0.0,0.0,0.0
B84c460af0eba,Se9ae4c661219,overhead,1.0,focus,0.0,1.0,0.0,0.0,0.0,1.0,0.0,0.0,0.0,0.0,1.0,0.0,0.0,0.0,0.0,0.0
B84c460af0eba,Se9ae4c661219,overhead,2.0,focus,0.0,1.0,0.0,0.0,0.0,1.0,0.0,0.0,0.0,0.0,1.0,0.0,0.0,0.0,0.0,0.0
B84c460af0eba,Se9ae4c661219,overhead,3.0,focus,0.0,1.0,0.0,0.0,0.0,1.0,0.0,0.0,0.0,0.0,1.0,0.0,0.0,0.0,0.0,0.0
B84c460af0eba,Se9ae4c661219,overhead,4.0,focus,0.0,1.0,0.0,0.0,0.0,0.0,0.0,0.0,0.0,0.0,0.0,0.0,0.0,0.0,0.0,0.0
B84c460af0eba,Se9ae4c661219,overhead,5.0,focus,0.0,1.0,0.0,0.0,0.0,0.0,0.0,0.0,0.0,0.0,0.0,0.0,0.0,0.0,0.0,0.0
B84c460af0eba,Se9ae4c661219,overhead,6.0,focus,0.0,1.0,0.0,0.0,0.0,0.0,0.0,0.0,0.0,0.0,0.0,0.0,0.0,0.0,0.0,0.0
B84c460af0eba,Se9ae4c661219,overhead,7.0,focus,0.0,1.0,0.0,0.0,0.0,0.0,0.0,0.0,0.0,0.0,0.0,0.0,0.0,0.0,0.0,0.0
B84c460af0eba,Se9ae4c661219,overhead,8.0,focus,0.0,1.0,0.0,0.0,0.0,0.0,0.0,0.0,0.0,0.0,0.0,0.0,0.0,0.0,0.0,0.0
B84c460af0eba,Se9ae4c661219,overhead,9.0,focus,0.0,1.0,0.0,0.0,0.0,0.0,0.0,0.0,0.0,0.0,0.0,0.0,0.0,0.0,0.0,0.0
B865ad970b004,Sc17507c06476,front,0.0,focus,1.0,0.0,1.0,0.0,0.0,0.0,0.0,0.0,0.0,0.0,1.0,0.0,0.0,0.0,0.0,0.0
B865ad970b004,Sc17507c06476,front,1.0,focus,1.0,0.0,1.0,0.0,0.0,0.0,0.0,0.0,0.0,0.0,1.0,0.0,0.0,0.0,0.0,0.0
B865ad970b004,Sc17507c06476,front,2.0,focus,1.0,0.0,1.0,0.0,0.0,0.0,0.0,0.0,0.0,0.0,1.0,0.0,0.0,0.0,0.0,0.0
B865ad970b004,Sc17507c06476,front,3.0,focus,1.0,0.0,1.0,0.0,0.0,0.0,1.0,0.0,0.0,0.0,0.0,0.0,0.0,0.0,0.0,0.0
B865ad970b004,Sc17507c06476,front,4.0,focus,1.0,0.0,1.0,0.0,0.0,0.0,1.0,0.0,0.0,0.0,0.0,0.0,0.0,0.0,0.0,0.0
B865ad970b004,Sc17507c06476,front,5.0,focus,1.0,0.0,1.0,0.0,0.0,0.0,1.0,0.0,0.0,0.0,1.0,0.0,0.0,0.0,0.0,0.0
B865ad970b004,Sc17507c06476,front,6.0,focus,1.0,0.0,1.0,0.0,0.0,0.0,1.0,0.0,0.0,0.0,0.0,0.0,0.0,0.0,0.0,0.0
B865ad970b004,Sc17507c06476,front,7.0,focus,1.0,0.0,1.0,0.0,0.0,0.0,0.0,0.0,0.0,0.0,0.0,0.0,0.0,0.0,0.0,0.0
B865ad970b004,Sc17507c06476,front,8.0,focus,1.0,0.0,1.0,0.0,0.0,0.0,1.0,0.0,0.0,0.0,1.0,0.0,0.0,0.0,0.0,0.0
B865ad970b004,Sc17507c06476,front,9.0,focus,1.0,0.0,1.0,0.0,0.0,0.0,1.0,0.0,0.0,0.0,0.0,0.0,0.0,0.0,0.0,0.0
B865ad970b004,Sc17507c06476,overhead,0.0,focus,0.0,1.0,0.0,0.0,0.0,0.0,0.0,0.0,0.0,0.0,0.0,0.0,0.0,0.0,0.0,0.0
B865ad970b004,Sc17507c06476,overhead,1.0,focus,0.0,1.0,0.0,0.0,0.0,0.0,0.0,0.0,0.0,0.0,0.0,0.0,0.0,0.0,0.0,0.0
B865ad970b004,Sc17507c06476,overhead,2.0,focus,0.0,1.0,0.0,0.0,0.0,0.0,0.0,0.0,0.0,0.0,0.0,0.0,0.0,0.0,0.0,0.0
B865ad970b004,Sc17507c06476,overhead,3.0,focus,0.0,1.0,0.0,0.0,0.0,0.0,0.0,0.0,0.0,0.0,0.0,0.0,0.0,0.0,0.0,0.0
B865ad970b004,Sc17507c06476,overhead,4.0,focus,0.0,1.0,0.0,0.0,0.0,0.0,0.0,0.0,0.0,0.0,0.0,0.0,0.0,0.0,0.0,0.0
B865ad970b004,Sc17507c06476,overhead,5.0,focus,0.0,1.0,0.0,0.0,0.0,0.0,0.0,0.0,0.0,0.0,0.0,0.0,0.0,0.0,0.0,0.0
B865ad970b004,Sc17507c06476,overhead,6.0,focus,0.0,1.0,0.0,0.0,0.0,0.0,0.0,0.0,0.0,0.0,0.0,0.0,0.0,0.0,0.0,0.0
B865ad970b004,Sc17507c06476,overhead,7.0,focus,0.0,1.0,0.0,0.0,0.0,0.0,0.0,0.0,0.0,0.0,0.0,0.0,0.0,0.0,0.0,0.0
B865ad970b004,Sc17507c06476,overhead,8.0,focus,0.0,1.0,0.0,0.0,0.0,0.0,0.0,0.0,0.0,0.0,0.0,0.0,0.0,0.0,0.0,0.0
B865ad970b004,Sc17507c06476,overhead,9.0,focus,0.0,1.0,0.0,0.0,0.0,0.0,0.0,0.0,0.0,0.0,0.0,0.0,0.0,0.0,0.0,0.0
B865febd73fd0,Sc17507c06476,front,0.0,focus,1.0,0.0,1.0,0.0,0.0,0.0,0.0,0.0,0.0,0.0,0.0,0.0,0.0,0.0,0.0,0.0
B865febd73fd0,Sc17507c06476,front,1.0,focus,1.0,0.0,1.0,0.0,0.0,0.0,1.0,1.0,0.0,0.0,0.0,0.0,0.0,0.0,0.0,0.0
B865febd73fd0,Sc17507c06476,front,2.0,focus,1.0,0.0,1.0,0.0,0.0,0.0,0.0,0.0,0.0,0.0,0.0,0.0,0.0,0.0,0.0,0.0
B865febd73fd0,Sc17507c06476,front,3.0,focus,1.0,0.0,1.0,0.0,0.0,0.0,0.0,0.0,0.0,0.0,0.0,0.0,0.0,0.0,0.0,0.0
B865febd73fd0,Sc17507c06476,front,4.0,focus,1.0,0.0,1.0,0.0,0.0,0.0,0.0,0.0,0.0,0.0,0.0,0.0,0.0,0.0,0.0,0.0
B865febd73fd0,Sc17507c06476,front,5.0,focus,1.0,0.0,1.0,0.0,0.0,0.0,0.0,0.0,0.0,0.0,0.0,0.0,0.0,0.0,0.0,0.0
B865febd73fd0,Sc17507c06476,front,6.0,focus,1.0,0.0,1.0,0.0,0.0,0.0,0.0,0.0,0.0,0.0,0.0,0.0,0.0,0.0,0.0,0.0
B865febd73fd0,Sc17507c06476,front,7.0,focus,1.0,0.0,1.0,0.0,0.0,0.0,0.0,0.0,0.0,0.0,0.0,0.0,0.0,0.0,0.0,0.0
B865febd73fd0,Sc17507c06476,front,8.0,focus,1.0,0.0,1.0,0.0,0.0,0.0,0.0,0.0,0.0,0.0,0.0,0.0,0.0,0.0,0.0,0.0
B865febd73fd0,Sc17507c06476,front,9.0,focus,1.0,0.0,1.0,0.0,0.0,0.0,0.0,0.0,0.0,0.0,0.0,0.0,0.0,0.0,0.0,0.0
B865febd73fd0,Sc17507c06476,overhead,0.0,focus,0.0,1.0,0.0,0.0,0.0,0.0,0.0,0.0,0.0,0.0,0.0,0.0,0.0,0.0,0.0,0.0
B865febd73fd0,Sc17507c06476,overhead,1.0,focus,0.0,1.0,0.0,0.0,0.0,0.0,0.0,0.0,0.0,0.0,0.0,0.0,0.0,0.0,0.0,0.0
B865febd73fd0,Sc17507c06476,overhead,2.0,focus,0.0,1.0,0.0,0.0,0.0,0.0,0.0,0.0,0.0,0.0,0.0,0.0,0.0,0.0,0.0,0.0
B865febd73fd0,Sc17507c06476,overhead,3.0,focus,0.0,1.0,0.0,0.0,0.0,0.0,0.0,0.0,0.0,0.0,0.0,0.0,0.0,0.0,0.0,0.0
B865febd73fd0,Sc17507c06476,overhead,4.0,focus,0.0,1.0,0.0,0.0,0.0,0.0,0.0,0.0,0.0,0.0,0.0,0.0,0.0,0.0,0.0,0.0
B865febd73fd0,Sc17507c06476,overhead,5.0,focus,0.0,1.0,0.0,0.0,0.0,0.0,0.0,0.0,0.0,0.0,0.0,0.0,0.0,0.0,0.0,0.0
B865febd73fd0,Sc17507c06476,overhead,6.0,focus,0.0,1.0,0.0,0.0,0.0,0.0,0.0,0.0,0.0,0.0,0.0,0.0,0.0,0.0,0.0,0.0
B865febd73fd0,Sc17507c06476,overhead,7.0,focus,0.0,1.0,0.0,0.0,0.0,0.0,0.0,0.0,0.0,0.0,0.0,0.0,0.0,0.0,0.0,0.0
B865febd73fd0,Sc17507c06476,overhead,8.0,focus,0.0,1.0,0.0,0.0,0.0,0.0,0.0,0.0,0.0,0.0,0.0,0.0,0.0,0.0,0.0,0.0
B865febd73fd0,Sc17507c06476,overhead,9.0,focus,0.0,1.0,0.0,0.0,0.0,0.0,0.0,0.0,0.0,0.0,0.0,0.0,0.0,0.0,0.0,0.0
B8913701a4041,Se9ae4c661219,front,0.0,focus,1.0,0.0,1.0,0.0,0.0,0.0,0.0,0.0,0.0,0.0,1.0,0.0,0.0,0.0,0.0,0.0
B8913701a4041,Se9ae4c661219,front,1.0,focus,1.0,0.0,1.0,0.0,0.0,0.0,0.0,0.0,0.0,0.0,1.0,0.0,0.0,0.0,0.0,0.0
B8913701a4041,Se9ae4c661219,front,2.0,focus,1.0,0.0,1.0,0.0,0.0,0.0,0.0,0.0,0.0,0.0,1.0,0.0,0.0,0.0,0.0,0.0
B8913701a4041,Se9ae4c661219,front,3.0,focus,1.0,0.0,1.0,0.0,0.0,0.0,0.0,0.0,0.0,0.0,1.0,0.0,0.0,0.0,0.0,0.0
B8913701a4041,Se9ae4c661219,front,4.0,focus,1.0,0.0,1.0,0.0,0.0,0.0,0.0,0.0,0.0,0.0,1.0,0.0,0.0,0.0,0.0,0.0
B8913701a4041,Se9ae4c661219,front,5.0,focus,1.0,0.0,1.0,0.0,0.0,0.0,0.0,0.0,0.0,0.0,1.0,0.0,0.0,0.0,0.0,0.0
B8913701a4041,Se9ae4c661219,front,6.0,focus,1.0,0.0,1.0,0.0,0.0,0.0,0.0,0.0,0.0,0.0,1.0,0.0,0.0,0.0,0.0,0.0
B8913701a4041,Se9ae4c661219,front,7.0,focus,1.0,0.0,1.0,0.0,0.0,0.0,0.0,0.0,0.0,0.0,1.0,0.0,0.0,0.0,0.0,0.0
B8913701a4041,Se9ae4c661219,front,8.0,focus,1.0,0.0,1.0,0.0,0.0,0.0,0.0,0.0,0.0,0.0,1.0,0.0,0.0,0.0,0.0,0.0
B8913701a4041,Se9ae4c661219,front,9.0,focus,1.0,0.0,0.0,0.0,0.0,0.0,0.0,0.0,0.0,0.0,0.0,0.0,0.0,0.0,0.0,1.0
B8913701a4041,Se9ae4c661219,overhead,0.0,focus,0.0,1.0,0.0,0.0,0.0,0.0,0.0,0.0,0.0,0.0,0.0,0.0,0.0,0.0,0.0,0.0
B8913701a4041,Se9ae4c661219,overhead,1.0,focus,0.0,1.0,0.0,0.0,0.0,0.0,0.0,0.0,0.0,0.0,0.0,0.0,0.0,0.0,0.0,0.0
B8913701a4041,Se9ae4c661219,overhead,2.0,focus,0.0,1.0,0.0,0.0,0.0,0.0,0.0,0.0,0.0,0.0,0.0,0.0,0.0,0.0,0.0,0.0
B8913701a4041,Se9ae4c661219,overhead,3.0,focus,0.0,1.0,0.0,0.0,0.0,0.0,0.0,0.0,0.0,0.0,0.0,0.0,0.0,0.0,0.0,0.0
B8913701a4041,Se9ae4c661219,overhead,4.0,focus,0.0,1.0,0.0,0.0,0.0,0.0,0.0,0.0,0.0,0.0,0.0,0.0,0.0,0.0,0.0,0.0
B8913701a4041,Se9ae4c661219,overhead,5.0,focus,0.0,1.0,0.0,0.0,0.0,0.0,0.0,0.0,0.0,0.0,0.0,0.0,0.0,0.0,0.0,0.0
B8913701a4041,Se9ae4c661219,overhead,6.0,focus,0.0,1.0,0.0,0.0,0.0,0.0,0.0,0.0,0.0,0.0,0.0,0.0,0.0,0.0,0.0,0.0
B8913701a4041,Se9ae4c661219,overhead,7.0,focus,0.0,1.0,0.0,0.0,0.0,0.0,0.0,0.0,0.0,0.0,1.0,0.0,0.0,0.0,0.0,0.0
B8913701a4041,Se9ae4c661219,overhead,8.0,focus,0.0,1.0,0.0,0.0,0.0,0.0,0.0,0.0,0.0,0.0,0.0,0.0,0.0,0.0,0.0,0.0
B8913701a4041,Se9ae4c661219,overhead,9.0,focus,0.0,1.0,0.0,0.0,0.0,0.0,0.0,0.0,0.0,0.0,0.0,0.0,0.0,0.0,0.0,0.0
B897141fd2930,Sb97749af3711,front,0.0,unknown,1.0,0.0,0.0,0.0,0.0,0.0,0.0,0.0,0.0,0.0,0.0,0.0,0.0,0.0,0.0,0.0
B897141fd2930,Sb97749af3711,front,1.0,unknown,1.0,0.0,0.0,0.0,0.0,0.0,0.0,0.0,0.0,0.0,0.0,0.0,0.0,0.0,0.0,0.0
B897141fd2930,Sb97749af3711,front,2.0,unknown,1.0,0.0,0.0,0.0,0.0,0.0,0.0,0.0,0.0,0.0,0.0,0.0,0.0,0.0,0.0,0.0
B897141fd2930,Sb97749af3711,front,3.0,unknown,1.0,0.0,0.0,0.0,0.0,0.0,0.0,0.0,0.0,0.0,0.0,0.0,0.0,0.0,0.0,0.0
B897141fd2930,Sb97749af3711,front,4.0,unknown,1.0,0.0,0.0,0.0,0.0,0.0,0.0,0.0,0.0,0.0,0.0,0.0,0.0,0.0,0.0,0.0
B897141fd2930,Sb97749af3711,front,5.0,unknown,1.0,0.0,0.0,0.0,0.0,0.0,0.0,0.0,0.0,0.0,0.0,0.0,0.0,0.0,0.0,0.0
B897141fd2930,Sb97749af3711,front,6.0,unknown,1.0,0.0,0.0,0.0,0.0,0.0,0.0,0.0,0.0,0.0,0.0,0.0,0.0,0.0,0.0,0.0
B897141fd2930,Sb97749af3711,front,7.0,unknown,1.0,0.0,0.0,0.0,0.0,0.0,0.0,0.0,0.0,0.0,0.0,0.0,0.0,0.0,0.0,0.0
B897141fd2930,Sb97749af3711,front,8.0,unknown,1.0,0.0,0.0,0.0,0.0,0.0,0.0,0.0,0.0,0.0,0.0,0.0,0.0,0.0,0.0,0.0
B897141fd2930,Sb97749af3711,front,9.0,unknown,1.0,0.0,0.0,0.0,0.0,0.0,0.0,0.0,0.0,0.0,0.0,0.0,0.0,0.0,0.0,0.0
B897141fd2930,Sb97749af3711,overhead,0.0,unknown,0.0,1.0,0.0,0.0,0.0,0.0,0.0,0.0,0.0,0.0,0.0,0.0,0.0,0.0,0.0,0.0
B897141fd2930,Sb97749af3711,overhead,1.0,unknown,0.0,1.0,0.0,0.0,0.0,0.0,0.0,0.0,0.0,0.0,0.0,0.0,0.0,0.0,0.0,0.0
B897141fd2930,Sb97749af3711,overhead,2.0,unknown,0.0,1.0,0.0,0.0,0.0,0.0,0.0,0.0,0.0,0.0,0.0,0.0,0.0,0.0,0.0,0.0
B897141fd2930,Sb97749af3711,overhead,3.0,unknown,0.0,1.0,0.0,0.0,0.0,0.0,0.0,0.0,0.0,0.0,0.0,0.0,0.0,0.0,0.0,0.0
B897141fd2930,Sb97749af3711,overhead,4.0,unknown,0.0,1.0,0.0,0.0,0.0,0.0,0.0,0.0,0.0,0.0,0.0,0.0,0.0,0.0,0.0,0.0
B897141fd2930,Sb97749af3711,overhead,5.0,unknown,0.0,1.0,0.0,0.0,0.0,0.0,0.0,0.0,0.0,0.0,0.0,0.0,0.0,0.0,0.0,0.0
B897141fd2930,Sb97749af3711,overhead,6.0,unknown,0.0,1.0,0.0,0.0,0.0,0.0,0.0,0.0,0.0,0.0,0.0,0.0,0.0,0.0,0.0,0.0
B897141fd2930,Sb97749af3711,overhead,7.0,unknown,0.0,1.0,0.0,0.0,0.0,0.0,0.0,0.0,0.0,0.0,0.0,0.0,0.0,0.0,0.0,0.0
B897141fd2930,Sb97749af3711,overhead,8.0,unknown,0.0,1.0,0.0,0.0,0.0,0.0,0.0,0.0,0.0,0.0,0.0,0.0,0.0,0.0,0.0,0.0
B897141fd2930,Sb97749af3711,overhead,9.0,unknown,0.0,1.0,0.0,0.0,0.0,0.0,0.0,0.0,0.0,0.0,0.0,0.0,0.0,0.0,0.0,0.0
B8b06a1351c2d,S38533928bb7e,front,12015.0,focus,1.0,0.0,1.0,0.0,0.0,1.0,0.0,0.0,0.0,0.0,1.0,0.0,0.0,0.0,0.0,0.0
B8b06a1351c2d,S38533928bb7e,front,12016.0,focus,1.0,0.0,1.0,0.0,0.0,1.0,0.0,0.0,0.0,0.0,1.0,0.0,0.0,0.0,0.0,0.0
B8b06a1351c2d,S38533928bb7e,front,12017.0,focus,1.0,0.0,1.0,0.0,1.0,1.0,0.0,0.0,0.0,0.0,1.0,0.0,0.0,0.0,0.0,0.0
B8b06a1351c2d,S38533928bb7e,front,12018.0,focus,1.0,0.0,1.0,0.0,1.0,1.0,1.0,0.0,0.0,1.0,1.0,0.0,0.0,0.0,0.0,0.0
B8b06a1351c2d,S38533928bb7e,front,12019.0,focus,1.0,0.0,1.0,0.0,0.0,1.0,1.0,0.0,0.0,0.0,1.0,0.0,0.0,0.0,0.0,0.0
B8b06a1351c2d,S38533928bb7e,front,12020.0,focus,1.0,0.0,1.0,0.0,0.0,1.0,1.0,0.0,0.0,0.0,1.0,0.0,0.0,0.0,0.0,0.0
B8b06a1351c2d,S38533928bb7e,overhead,12015.0,focus,0.0,1.0,0.0,0.0,0.0,0.0,0.0,0.0,0.0,0.0,0.0,0.0,0.0,0.0,0.0,0.0
B8b06a1351c2d,S38533928bb7e,overhead,12016.0,focus,0.0,1.0,0.0,0.0,0.0,0.0,0.0,0.0,0.0,0.0,0.0,0.0,0.0,0.0,0.0,0.0
B8b06a1351c2d,S38533928bb7e,overhead,12017.0,focus,0.0,1.0,0.0,0.0,0.0,0.0,0.0,0.0,0.0,0.0,1.0,0.0,0.0,0.0,0.0,0.0
B8b06a1351c2d,S38533928bb7e,overhead,12018.0,focus,0.0,1.0,0.0,0.0,0.0,0.0,0.0,0.0,0.0,0.0,0.0,0.0,0.0,0.0,0.0,0.0
B8b06a1351c2d,S38533928bb7e,overhead,12019.0,focus,0.0,1.0,0.0,0.0,0.0,0.0,0.0,0.0,0.0,0.0,0.0,0.0,0.0,0.0,0.0,0.0
B8b06a1351c2d,S38533928bb7e,overhead,12020.0,focus,0.0,1.0,0.0,0.0,0.0,0.0,0.0,0.0,0.0,0.0,0.0,0.0,0.0,0.0,0.0,0.0
B8bc92b8546e5,S08ea3e793bb0,front,0.0,focus,1.0,0.0,1.0,0.0,0.0,1.0,0.0,0.0,0.0,0.0,1.0,0.0,0.0,0.0,0.0,0.0
B8bc92b8546e5,S08ea3e793bb0,front,1.0,focus,1.0,0.0,1.0,0.0,0.0,1.0,0.0,0.0,0.0,0.0,1.0,0.0,0.0,0.0,0.0,0.0
B8bc92b8546e5,S08ea3e793bb0,front,2.0,focus,1.0,0.0,1.0,0.0,0.0,1.0,1.0,1.0,0.0,1.0,1.0,0.0,0.0,0.0,0.0,0.0
B8bc92b8546e5,S08ea3e793bb0,front,3.0,focus,1.0,0.0,1.0,0.0,0.0,1.0,0.0,0.0,0.0,0.0,1.0,0.0,0.0,0.0,0.0,0.0
B8bc92b8546e5,S08ea3e793bb0,front,4.0,focus,1.0,0.0,1.0,0.0,0.0,1.0,0.0,0.0,0.0,0.0,1.0,0.0,0.0,0.0,0.0,0.0
B8bc92b8546e5,S08ea3e793bb0,front,5.0,focus,1.0,0.0,1.0,0.0,0.0,1.0,0.0,0.0,0.0,0.0,1.0,0.0,0.0,0.0,0.0,0.0
B8bc92b8546e5,S08ea3e793bb0,front,6.0,focus,1.0,0.0,0.0,0.0,0.0,1.0,0.0,0.0,0.0,0.0,1.0,1.0,0.0,0.0,0.0,0.0
B8bc92b8546e5,S08ea3e793bb0,front,7.0,focus,1.0,0.0,1.0,0.0,0.0,1.0,0.0,0.0,0.0,0.0,1.0,0.0,0.0,0.0,0.0,0.0
B8bc92b8546e5,S08ea3e793bb0,front,8.0,focus,1.0,0.0,1.0,0.0,0.0,1.0,0.0,0.0,0.0,0.0,1.0,0.0,0.0,0.0,0.0,0.0
B8bc92b8546e5,S08ea3e793bb0,front,9.0,focus,1.0,0.0,1.0,0.0,0.0,1.0,0.0,0.0,0.0,0.0,1.0,0.0,0.0,0.0,0.0,0.0
B8bc92b8546e5,S08ea3e793bb0,overhead,0.0,focus,0.0,1.0,0.0,0.0,0.0,0.0,0.0,0.0,0.0,0.0,0.0,0.0,0.0,0.0,0.0,0.0
B8bc92b8546e5,S08ea3e793bb0,overhead,1.0,focus,0.0,1.0,0.0,0.0,0.0,0.0,0.0,0.0,0.0,0.0,0.0,0.0,0.0,0.0,0.0,0.0
B8bc92b8546e5,S08ea3e793bb0,overhead,2.0,focus,0.0,1.0,0.0,0.0,0.0,0.0,0.0,0.0,0.0,0.0,0.0,0.0,0.0,0.0,0.0,0.0
B8bc92b8546e5,S08ea3e793bb0,overhead,3.0,focus,0.0,1.0,0.0,0.0,0.0,0.0,0.0,0.0,0.0,0.0,0.0,0.0,0.0,0.0,0.0,0.0
B8bc92b8546e5,S08ea3e793bb0,overhead,4.0,focus,0.0,1.0,0.0,0.0,0.0,1.0,0.0,0.0,0.0,0.0,1.0,0.0,0.0,0.0,0.0,0.0
B8bc92b8546e5,S08ea3e793bb0,overhead,5.0,focus,0.0,1.0,0.0,0.0,0.0,1.0,0.0,0.0,0.0,0.0,1.0,0.0,0.0,0.0,0.0,0.0
B8bc92b8546e5,S08ea3e793bb0,overhead,6.0,focus,0.0,1.0,0.0,0.0,0.0,1.0,0.0,0.0,0.0,0.0,1.0,0.0,0.0,0.0,0.0,0.0
B8bc92b8546e5,S08ea3e793bb0,overhead,7.0,focus,0.0,1.0,0.0,0.0,0.0,0.0,0.0,0.0,0.0,0.0,0.0,0.0,0.0,0.0,0.0,0.0
B8bc92b8546e5,S08ea3e793bb0,overhead,8.0,focus,0.0,1.0,0.0,0.0,0.0,0.0,0.0,0.0,0.0,0.0,0.0,0.0,0.0,0.0,0.0,0.0
B8bc92b8546e5,S08ea3e793bb0,overhead,9.0,focus,0.0,1.0,0.0,0.0,0.0,0.0,0.0,0.0,0.0,0.0,0.0,0.0,0.0,0.0,0.0,0.0
B8c83e1a04e14,Sb97749af3711,front,0.0,unknown,1.0,0.0,0.0,0.0,0.0,0.0,0.0,0.0,0.0,0.0,0.0,0.0,0.0,0.0,0.0,0.0
B8c83e1a04e14,Sb97749af3711,front,1.0,unknown,1.0,0.0,0.0,0.0,0.0,0.0,0.0,0.0,0.0,0.0,0.0,0.0,0.0,0.0,0.0,0.0
B8c83e1a04e14,Sb97749af3711,front,2.0,unknown,1.0,0.0,0.0,0.0,0.0,0.0,0.0,0.0,0.0,0.0,0.0,0.0,0.0,0.0,0.0,0.0
B8c83e1a04e14,Sb97749af3711,front,3.0,unknown,1.0,0.0,0.0,0.0,0.0,0.0,0.0,0.0,0.0,0.0,0.0,0.0,0.0,0.0,0.0,0.0
B8c83e1a04e14,Sb97749af3711,front,4.0,unknown,1.0,0.0,0.0,0.0,0.0,0.0,0.0,0.0,0.0,0.0,0.0,0.0,0.0,0.0,0.0,0.0
B8c83e1a04e14,Sb97749af3711,front,5.0,unknown,1.0,0.0,0.0,0.0,0.0,0.0,0.0,0.0,0.0,0.0,0.0,0.0,0.0,0.0,0.0,0.0
B8c83e1a04e14,Sb97749af3711,front,6.0,unknown,1.0,0.0,0.0,0.0,0.0,0.0,0.0,0.0,0.0,0.0,0.0,0.0,0.0,0.0,0.0,0.0
B8c83e1a04e14,Sb97749af3711,front,7.0,unknown,1.0,0.0,0.0,0.0,0.0,0.0,0.0,0.0,0.0,0.0,0.0,0.0,0.0,0.0,0.0,0.0
B8c83e1a04e14,Sb97749af3711,front,8.0,unknown,1.0,0.0,0.0,0.0,0.0,0.0,0.0,0.0,0.0,0.0,0.0,0.0,0.0,0.0,0.0,0.0
B8c83e1a04e14,Sb97749af3711,front,9.0,unknown,1.0,0.0,0.0,0.0,0.0,0.0,0.0,0.0,0.0,0.0,0.0,0.0,0.0,0.0,0.0,0.0
B8c83e1a04e14,Sb97749af3711,overhead,0.0,unknown,0.0,1.0,0.0,0.0,0.0,0.0,0.0,0.0,0.0,0.0,0.0,0.0,0.0,0.0,0.0,0.0
B8c83e1a04e14,Sb97749af3711,overhead,1.0,unknown,0.0,1.0,0.0,0.0,0.0,0.0,0.0,0.0,0.0,0.0,0.0,0.0,0.0,0.0,0.0,0.0
B8c83e1a04e14,Sb97749af3711,overhead,2.0,unknown,0.0,1.0,0.0,0.0,0.0,0.0,0.0,0.0,0.0,0.0,0.0,0.0,0.0,0.0,0.0,0.0
B8c83e1a04e14,Sb97749af3711,overhead,3.0,unknown,0.0,1.0,0.0,0.0,0.0,0.0,0.0,0.0,0.0,0.0,0.0,0.0,0.0,0.0,0.0,0.0
B8c83e1a04e14,Sb97749af3711,overhead,4.0,unknown,0.0,1.0,0.0,0.0,0.0,0.0,0.0,0.0,0.0,0.0,0.0,0.0,0.0,0.0,0.0,0.0
B8c83e1a04e14,Sb97749af3711,overhead,5.0,unknown,0.0,1.0,0.0,0.0,0.0,0.0,0.0,0.0,0.0,0.0,0.0,0.0,0.0,0.0,0.0,0.0
B8c83e1a04e14,Sb97749af3711,overhead,6.0,unknown,0.0,1.0,0.0,0.0,0.0,0.0,0.0,0.0,0.0,0.0,0.0,0.0,0.0,0.0,0.0,0.0
B8c83e1a04e14,Sb97749af3711,overhead,7.0,unknown,0.0,1.0,0.0,0.0,0.0,0.0,0.0,0.0,0.0,0.0,0.0,0.0,0.0,0.0,0.0,0.0
B8c83e1a04e14,Sb97749af3711,overhead,8.0,unknown,0.0,1.0,0.0,0.0,0.0,0.0,0.0,0.0,0.0,0.0,0.0,0.0,0.0,0.0,0.0,0.0
B8c83e1a04e14,Sb97749af3711,overhead,9.0,unknown,0.0,1.0,0.0,0.0,0.0,0.0,0.0,0.0,0.0,0.0,0.0,0.0,0.0,0.0,0.0,0.0
B900b45b8feba,Sf8cdbc0a93cc,front,0.0,focus,1.0,0.0,1.0,0.0,0.0,0.0,1.0,0.0,0.0,1.0,0.0,0.0,0.0,0.0,0.0,0.0
B900b45b8feba,Sf8cdbc0a93cc,front,1.0,focus,1.0,0.0,1.0,0.0,0.0,0.0,1.0,0.0,0.0,1.0,0.0,0.0,0.0,0.0,0.0,0.0
B900b45b8feba,Sf8cdbc0a93cc,front,2.0,focus,1.0,0.0,1.0,0.0,0.0,0.0,1.0,0.0,0.0,1.0,0.0,0.0,0.0,0.0,0.0,0.0
B900b45b8feba,Sf8cdbc0a93cc,front,3.0,focus,1.0,0.0,1.0,0.0,0.0,0.0,0.0,0.0,0.0,0.0,0.0,0.0,0.0,0.0,0.0,0.0
B900b45b8feba,Sf8cdbc0a93cc,front,4.0,focus,1.0,0.0,1.0,0.0,0.0,0.0,0.0,0.0,0.0,0.0,0.0,0.0,0.0,0.0,0.0,0.0
B900b45b8feba,Sf8cdbc0a93cc,front,5.0,focus,1.0,0.0,1.0,0.0,0.0,0.0,0.0,0.0,0.0,0.0,0.0,0.0,0.0,0.0,0.0,0.0
B900b45b8feba,Sf8cdbc0a93cc,front,6.0,focus,1.0,0.0,1.0,0.0,0.0,0.0,0.0,0.0,0.0,0.0,0.0,0.0,0.0,0.0,0.0,0.0
B900b45b8feba,Sf8cdbc0a93cc,front,7.0,focus,1.0,0.0,1.0,0.0,0.0,0.0,0.0,0.0,0.0,0.0,0.0,0.0,0.0,0.0,0.0,0.0
B900b45b8feba,Sf8cdbc0a93cc,front,8.0,focus,1.0,0.0,1.0,0.0,0.0,0.0,0.0,0.0,0.0,0.0,0.0,0.0,0.0,0.0,0.0,0.0
B900b45b8feba,Sf8cdbc0a93cc,front,9.0,focus,1.0,0.0,1.0,0.0,0.0,0.0,0.0,0.0,0.0,0.0,0.0,0.0,0.0,0.0,0.0,0.0
B900b45b8feba,Sf8cdbc0a93cc,overhead,0.0,focus,0.0,1.0,0.0,0.0,0.0,0.0,0.0,0.0,0.0,0.0,0.0,0.0,0.0,0.0,0.0,0.0
B900b45b8feba,Sf8cdbc0a93cc,overhead,1.0,focus,0.0,1.0,0.0,0.0,0.0,0.0,0.0,0.0,0.0,0.0,0.0,0.0,0.0,0.0,0.0,0.0
B900b45b8feba,Sf8cdbc0a93cc,overhead,2.0,focus,0.0,1.0,0.0,0.0,0.0,0.0,0.0,0.0,0.0,0.0,0.0,0.0,0.0,0.0,0.0,0.0
B900b45b8feba,Sf8cdbc0a93cc,overhead,3.0,focus,0.0,1.0,0.0,0.0,0.0,0.0,0.0,0.0,0.0,0.0,1.0,0.0,0.0,0.0,0.0,0.0
B900b45b8feba,Sf8cdbc0a93cc,overhead,4.0,focus,0.0,1.0,0.0,0.0,0.0,0.0,0.0,0.0,0.0,0.0,0.0,0.0,0.0,0.0,0.0,0.0
B900b45b8feba,Sf8cdbc0a93cc,overhead,5.0,focus,0.0,1.0,0.0,0.0,0.0,0.0,0.0,0.0,0.0,0.0,0.0,0.0,0.0,0.0,0.0,0.0
B900b45b8feba,Sf8cdbc0a93cc,overhead,6.0,focus,0.0,1.0,0.0,0.0,0.0,0.0,0.0,0.0,0.0,0.0,0.0,0.0,0.0,0.0,0.0,0.0
B900b45b8feba,Sf8cdbc0a93cc,overhead,7.0,focus,0.0,1.0,0.0,0.0,0.0,0.0,0.0,0.0,0.0,0.0,0.0,0.0,0.0,0.0,0.0,0.0
B900b45b8feba,Sf8cdbc0a93cc,overhead,8.0,focus,0.0,1.0,0.0,0.0,0.0,0.0,0.0,0.0,0.0,0.0,0.0,0.0,0.0,0.0,0.0,0.0
B900b45b8feba,Sf8cdbc0a93cc,overhead,9.0,focus,0.0,1.0,0.0,0.0,0.0,0.0,0.0,0.0,0.0,0.0,0.0,0.0,0.0,0.0,0.0,0.0
B924d5977473b,S38533928bb7e,front,6200.0,gaze_side,1.0,0.0,1.0,1.0,0.0,0.0,0.0,0.0,0.0,0.0,1.0,0.0,0.0,0.0,0.0,0.0
B924d5977473b,S38533928bb7e,front,6201.0,gaze_side,1.0,0.0,1.0,1.0,0.0,0.0,0.0,0.0,0.0,0.0,1.0,0.0,0.0,0.0,0.0,0.0
B924d5977473b,S38533928bb7e,front,6202.0,gaze_side,1.0,0.0,1.0,1.0,0.0,0.0,0.0,0.0,0.0,0.0,1.0,0.0,0.0,0.0,0.0,0.0
B924d5977473b,S38533928bb7e,front,6203.0,gaze_side,1.0,0.0,0.0,0.0,0.0,0.0,0.0,0.0,0.0,0.0,1.0,0.0,0.0,0.0,0.0,1.0
B924d5977473b,S38533928bb7e,front,6204.0,gaze_side,1.0,0.0,1.0,0.0,0.0,0.0,0.0,0.0,0.0,0.0,1.0,0.0,0.0,0.0,0.0,0.0
B924d5977473b,S38533928bb7e,overhead,6200.0,gaze_side,0.0,1.0,0.0,0.0,0.0,0.0,0.0,0.0,0.0,0.0,0.0,0.0,0.0,0.0,0.0,0.0
B924d5977473b,S38533928bb7e,overhead,6201.0,gaze_side,0.0,1.0,0.0,0.0,0.0,0.0,0.0,0.0,0.0,0.0,0.0,0.0,0.0,0.0,0.0,0.0
B924d5977473b,S38533928bb7e,overhead,6202.0,gaze_side,0.0,1.0,0.0,0.0,0.0,0.0,0.0,0.0,0.0,0.0,0.0,0.0,0.0,0.0,0.0,0.0
B924d5977473b,S38533928bb7e,overhead,6203.0,gaze_side,0.0,1.0,0.0,0.0,0.0,0.0,0.0,0.0,0.0,0.0,0.0,0.0,0.0,0.0,0.0,0.0
B924d5977473b,S38533928bb7e,overhead,6204.0,gaze_side,0.0,1.0,0.0,0.0,0.0,0.0,0.0,0.0,0.0,0.0,0.0,0.0,0.0,0.0,0.0,0.0
B92b5c6bf97c4,Sb97749af3711,front,0.0,unknown,1.0,0.0,0.0,0.0,0.0,0.0,0.0,0.0,0.0,0.0,0.0,0.0,0.0,0.0,0.0,0.0
B92b5c6bf97c4,Sb97749af3711,front,1.0,unknown,1.0,0.0,0.0,0.0,0.0,0.0,0.0,0.0,0.0,0.0,0.0,0.0,0.0,0.0,0.0,0.0
B92b5c6bf97c4,Sb97749af3711,front,2.0,unknown,1.0,0.0,0.0,0.0,0.0,0.0,0.0,0.0,0.0,0.0,0.0,0.0,0.0,0.0,0.0,0.0
B92b5c6bf97c4,Sb97749af3711,front,3.0,unknown,1.0,0.0,0.0,0.0,0.0,0.0,0.0,0.0,0.0,0.0,0.0,0.0,0.0,0.0,0.0,0.0
B92b5c6bf97c4,Sb97749af3711,front,4.0,unknown,1.0,0.0,0.0,0.0,0.0,0.0,0.0,0.0,0.0,0.0,0.0,0.0,0.0,0.0,0.0,0.0
B92b5c6bf97c4,Sb97749af3711,front,5.0,unknown,1.0,0.0,0.0,0.0,0.0,0.0,0.0,0.0,0.0,0.0,0.0,0.0,0.0,0.0,0.0,0.0
B92b5c6bf97c4,Sb97749af3711,front,6.0,unknown,1.0,0.0,0.0,0.0,0.0,0.0,0.0,0.0,0.0,0.0,0.0,0.0,0.0,0.0,0.0,0.0
B92b5c6bf97c4,Sb97749af3711,front,7.0,unknown,1.0,0.0,0.0,0.0,0.0,0.0,0.0,0.0,0.0,0.0,0.0,0.0,0.0,0.0,0.0,0.0
B92b5c6bf97c4,Sb97749af3711,front,8.0,unknown,1.0,0.0,0.0,0.0,0.0,0.0,0.0,0.0,0.0,0.0,0.0,0.0,0.0,0.0,0.0,0.0
B92b5c6bf97c4,Sb97749af3711,front,9.0,unknown,1.0,0.0,0.0,0.0,0.0,0.0,0.0,0.0,0.0,0.0,0.0,0.0,0.0,0.0,0.0,0.0
B92b5c6bf97c4,Sb97749af3711,overhead,0.0,unknown,0.0,1.0,0.0,0.0,0.0,0.0,0.0,0.0,0.0,0.0,0.0,0.0,0.0,0.0,0.0,0.0
B92b5c6bf97c4,Sb97749af3711,overhead,1.0,unknown,0.0,1.0,0.0,0.0,0.0,0.0,0.0,0.0,0.0,0.0,0.0,0.0,0.0,0.0,0.0,0.0
B92b5c6bf97c4,Sb97749af3711,overhead,2.0,unknown,0.0,1.0,0.0,0.0,0.0,0.0,0.0,0.0,0.0,0.0,0.0,0.0,0.0,0.0,0.0,0.0
B92b5c6bf97c4,Sb97749af3711,overhead,3.0,unknown,0.0,1.0,0.0,0.0,0.0,0.0,0.0,0.0,0.0,0.0,0.0,0.0,0.0,0.0,0.0,0.0
B92b5c6bf97c4,Sb97749af3711,overhead,4.0,unknown,0.0,1.0,0.0,0.0,0.0,0.0,0.0,0.0,0.0,0.0,0.0,0.0,0.0,0.0,0.0,0.0
B92b5c6bf97c4,Sb97749af3711,overhead,5.0,unknown,0.0,1.0,0.0,0.0,0.0,0.0,0.0,0.0,0.0,0.0,0.0,0.0,0.0,0.0,0.0,0.0
B92b5c6bf97c4,Sb97749af3711,overhead,6.0,unknown,0.0,1.0,0.0,0.0,0.0,0.0,0.0,0.0,0.0,0.0,0.0,0.0,0.0,0.0,0.0,0.0
B92b5c6bf97c4,Sb97749af3711,overhead,7.0,unknown,0.0,1.0,0.0,0.0,0.0,0.0,0.0,0.0,0.0,0.0,0.0,0.0,0.0,0.0,0.0,0.0
B92b5c6bf97c4,Sb97749af3711,overhead,8.0,unknown,0.0,1.0,0.0,0.0,0.0,0.0,0.0,0.0,0.0,0.0,0.0,0.0,0.0,0.0,0.0,0.0
B92b5c6bf97c4,Sb97749af3711,overhead,9.0,unknown,0.0,1.0,0.0,0.0,0.0,0.0,0.0,0.0,0.0,0.0,0.0,0.0,0.0,0.0,0.0,0.0
B95fc31c3ec27,S38533928bb7e,front,1428.0,gaze_side,1.0,0.0,0.0,0.0,0.0,0.0,0.0,0.0,0.0,0.0,0.0,0.0,0.0,0.0,0.0,0.0
B95fc31c3ec27,S38533928bb7e,front,1429.0,gaze_side,1.0,0.0,0.0,0.0,0.0,1.0,0.0,0.0,0.0,0.0,1.0,0.0,0.0,0.0,0.0,0.0
B95fc31c3ec27,S38533928bb7e,front,1430.0,gaze_side,1.0,0.0,1.0,1.0,0.0,1.0,0.0,0.0,0.0,0.0,1.0,0.0,0.0,0.0,0.0,0.0
B95fc31c3ec27,S38533928bb7e,front,1431.0,gaze_side,1.0,0.0,1.0,1.0,0.0,1.0,0.0,0.0,0.0,0.0,1.0,0.0,0.0,0.0,0.0,0.0
B95fc31c3ec27,S38533928bb7e,front,1432.0,gaze_side,1.0,0.0,1.0,1.0,0.0,0.0,0.0,0.0,0.0,0.0,1.0,0.0,0.0,0.0,0.0,0.0
B95fc31c3ec27,S38533928bb7e,front,1433.0,gaze_side,1.0,0.0,1.0,1.0,0.0,0.0,0.0,0.0,0.0,0.0,1.0,0.0,0.0,0.0,0.0,0.0
B95fc31c3ec27,S38533928bb7e,front,1434.0,gaze_side,1.0,0.0,1.0,1.0,0.0,0.0,0.0,0.0,0.0,0.0,1.0,0.0,0.0,0.0,0.0,0.0
B95fc31c3ec27,S38533928bb7e,front,1435.0,gaze_side,1.0,0.0,1.0,1.0,0.0,0.0,0.0,0.0,0.0,0.0,1.0,0.0,0.0,0.0,0.0,0.0
B95fc31c3ec27,S38533928bb7e,front,1436.0,gaze_side,1.0,0.0,1.0,1.0,0.0,0.0,0.0,0.0,0.0,0.0,1.0,0.0,0.0,0.0,0.0,0.0
B95fc31c3ec27,S38533928bb7e,front,1437.0,gaze_side,1.0,0.0,1.0,1.0,0.0,0.0,0.0,0.0,0.0,0.0,1.0,0.0,0.0,0.0,0.0,0.0
B95fc31c3ec27,S38533928bb7e,overhead,1428.0,gaze_side,0.0,1.0,0.0,0.0,0.0,0.0,0.0,0.0,0.0,0.0,0.0,0.0,0.0,0.0,0.0,0.0
B95fc31c3ec27,S38533928bb7e,overhead,1429.0,gaze_side,0.0,1.0,0.0,0.0,0.0,0.0,0.0,0.0,0.0,0.0,0.0,0.0,0.0,0.0,0.0,0.0
B95fc31c3ec27,S38533928bb7e,overhead,1430.0,gaze_side,0.0,1.0,0.0,0.0,0.0,0.0,0.0,0.0,0.0,0.0,0.0,0.0,0.0,0.0,0.0,0.0
B95fc31c3ec27,S38533928bb7e,overhead,1431.0,gaze_side,0.0,1.0,0.0,0.0,0.0,0.0,0.0,0.0,0.0,0.0,0.0,0.0,0.0,0.0,0.0,0.0
B95fc31c3ec27,S38533928bb7e,overhead,1432.0,gaze_side,0.0,1.0,0.0,0.0,0.0,0.0,0.0,0.0,0.0,0.0,0.0,0.0,0.0,0.0,0.0,0.0
B95fc31c3ec27,S38533928bb7e,overhead,1433.0,gaze_side,0.0,1.0,0.0,0.0,0.0,0.0,0.0,0.0,0.0,0.0,0.0,0.0,0.0,0.0,0.0,0.0
B95fc31c3ec27,S38533928bb7e,overhead,1434.0,gaze_side,0.0,1.0,0.0,0.0,0.0,0.0,0.0,0.0,0.0,0.0,0.0,0.0,0.0,0.0,0.0,0.0
B95fc31c3ec27,S38533928bb7e,overhead,1435.0,gaze_side,0.0,1.0,0.0,0.0,0.0,0.0,0.0,0.0,0.0,0.0,0.0,0.0,0.0,0.0,0.0,0.0
B95fc31c3ec27,S38533928bb7e,overhead,1436.0,gaze_side,0.0,1.0,0.0,0.0,0.0,0.0,0.0,0.0,0.0,0.0,0.0,0.0,0.0,0.0,0.0,0.0
B95fc31c3ec27,S38533928bb7e,overhead,1437.0,gaze_side,0.0,1.0,0.0,0.0,0.0,0.0,0.0,0.0,0.0,0.0,0.0,0.0,0.0,0.0,0.0,0.0
B9613aa6aee17,Sb97749af3711,front,0.0,unknown,1.0,0.0,0.0,0.0,0.0,0.0,0.0,0.0,0.0,0.0,0.0,0.0,0.0,0.0,0.0,0.0
B9613aa6aee17,Sb97749af3711,front,1.0,unknown,1.0,0.0,0.0,0.0,0.0,0.0,0.0,0.0,0.0,0.0,0.0,0.0,0.0,0.0,0.0,0.0
B9613aa6aee17,Sb97749af3711,front,2.0,unknown,1.0,0.0,0.0,0.0,0.0,0.0,0.0,0.0,0.0,0.0,0.0,0.0,0.0,0.0,0.0,0.0
B9613aa6aee17,Sb97749af3711,front,3.0,unknown,1.0,0.0,0.0,0.0,0.0,0.0,0.0,0.0,0.0,0.0,0.0,0.0,0.0,0.0,0.0,0.0
B9613aa6aee17,Sb97749af3711,front,4.0,unknown,1.0,0.0,0.0,0.0,0.0,0.0,0.0,0.0,0.0,0.0,0.0,0.0,0.0,0.0,0.0,0.0
B9613aa6aee17,Sb97749af3711,front,5.0,unknown,1.0,0.0,0.0,0.0,0.0,0.0,0.0,0.0,0.0,0.0,0.0,0.0,0.0,0.0,0.0,0.0
B9613aa6aee17,Sb97749af3711,front,6.0,unknown,1.0,0.0,0.0,0.0,0.0,0.0,0.0,0.0,0.0,0.0,0.0,0.0,0.0,0.0,0.0,0.0
B9613aa6aee17,Sb97749af3711,front,7.0,unknown,1.0,0.0,0.0,0.0,0.0,0.0,0.0,0.0,0.0,0.0,0.0,0.0,0.0,0.0,0.0,0.0
B9613aa6aee17,Sb97749af3711,front,8.0,unknown,1.0,0.0,0.0,0.0,0.0,0.0,0.0,0.0,0.0,0.0,0.0,0.0,0.0,0.0,0.0,0.0
B9613aa6aee17,Sb97749af3711,front,9.0,unknown,1.0,0.0,0.0,0.0,0.0,0.0,0.0,0.0,0.0,0.0,0.0,0.0,0.0,0.0,0.0,0.0
B9613aa6aee17,Sb97749af3711,overhead,0.0,unknown,0.0,1.0,0.0,0.0,0.0,0.0,0.0,0.0,0.0,0.0,0.0,0.0,0.0,0.0,0.0,0.0
B9613aa6aee17,Sb97749af3711,overhead,1.0,unknown,0.0,1.0,0.0,0.0,0.0,0.0,0.0,0.0,0.0,0.0,0.0,0.0,0.0,0.0,0.0,0.0
B9613aa6aee17,Sb97749af3711,overhead,2.0,unknown,0.0,1.0,0.0,0.0,0.0,0.0,0.0,0.0,0.0,0.0,0.0,0.0,0.0,0.0,0.0,0.0
B9613aa6aee17,Sb97749af3711,overhead,3.0,unknown,0.0,1.0,0.0,0.0,0.0,0.0,0.0,0.0,0.0,0.0,0.0,0.0,0.0,0.0,0.0,0.0
B9613aa6aee17,Sb97749af3711,overhead,4.0,unknown,0.0,1.0,0.0,0.0,0.0,0.0,0.0,0.0,0.0,0.0,0.0,0.0,0.0,0.0,0.0,0.0
B9613aa6aee17,Sb97749af3711,overhead,5.0,unknown,0.0,1.0,0.0,0.0,0.0,0.0,0.0,0.0,0.0,0.0,0.0,0.0,0.0,0.0,0.0,0.0
B9613aa6aee17,Sb97749af3711,overhead,6.0,unknown,0.0,1.0,0.0,0.0,0.0,0.0,0.0,0.0,0.0,0.0,0.0,0.0,0.0,0.0,0.0,0.0
B9613aa6aee17,Sb97749af3711,overhead,7.0,unknown,0.0,1.0,0.0,0.0,0.0,0.0,0.0,0.0,0.0,0.0,0.0,0.0,0.0,0.0,0.0,0.0
B9613aa6aee17,Sb97749af3711,overhead,8.0,unknown,0.0,1.0,0.0,0.0,0.0,0.0,0.0,0.0,0.0,0.0,0.0,0.0,0.0,0.0,0.0,0.0
B9613aa6aee17,Sb97749af3711,overhead,9.0,unknown,0.0,1.0,0.0,0.0,0.0,0.0,0.0,0.0,0.0,0.0,0.0,0.0,0.0,0.0,0.0,0.0
B96298e0928b1,Sb97749af3711,front,0.0,unknown,1.0,0.0,0.0,0.0,0.0,0.0,0.0,0.0,0.0,0.0,0.0,0.0,0.0,0.0,0.0,0.0
B96298e0928b1,Sb97749af3711,front,1.0,unknown,1.0,0.0,0.0,0.0,0.0,0.0,0.0,0.0,0.0,0.0,0.0,0.0,0.0,0.0,0.0,0.0
B96298e0928b1,Sb97749af3711,front,2.0,unknown,1.0,0.0,0.0,0.0,0.0,0.0,0.0,0.0,0.0,0.0,0.0,0.0,0.0,0.0,0.0,0.0
B96298e0928b1,Sb97749af3711,front,3.0,unknown,1.0,0.0,0.0,0.0,0.0,0.0,0.0,0.0,0.0,0.0,0.0,0.0,0.0,0.0,0.0,0.0
B96298e0928b1,Sb97749af3711,front,4.0,unknown,1.0,0.0,0.0,0.0,0.0,0.0,0.0,0.0,0.0,0.0,0.0,0.0,0.0,0.0,0.0,0.0
B96298e0928b1,Sb97749af3711,front,5.0,unknown,1.0,0.0,0.0,0.0,0.0,0.0,0.0,0.0,0.0,0.0,0.0,0.0,0.0,0.0,0.0,0.0
B96298e0928b1,Sb97749af3711,front,6.0,unknown,1.0,0.0,0.0,0.0,0.0,0.0,0.0,0.0,0.0,0.0,0.0,0.0,0.0,0.0,0.0,0.0
B96298e0928b1,Sb97749af3711,front,7.0,unknown,1.0,0.0,0.0,0.0,0.0,0.0,0.0,0.0,0.0,0.0,0.0,0.0,0.0,0.0,0.0,0.0
B96298e0928b1,Sb97749af3711,front,8.0,unknown,1.0,0.0,0.0,0.0,0.0,0.0,0.0,0.0,0.0,0.0,0.0,0.0,0.0,0.0,0.0,0.0
B96298e0928b1,Sb97749af3711,front,9.0,unknown,1.0,0.0,0.0,0.0,0.0,0.0,0.0,0.0,0.0,0.0,0.0,0.0,0.0,0.0,0.0,0.0
B96298e0928b1,Sb97749af3711,overhead,0.0,unknown,0.0,1.0,0.0,0.0,0.0,0.0,0.0,0.0,0.0,0.0,0.0,0.0,0.0,0.0,0.0,0.0
B96298e0928b1,Sb97749af3711,overhead,1.0,unknown,0.0,1.0,0.0,0.0,0.0,0.0,0.0,0.0,0.0,0.0,0.0,0.0,0.0,0.0,0.0,0.0
B96298e0928b1,Sb97749af3711,overhead,2.0,unknown,0.0,1.0,0.0,0.0,0.0,0.0,0.0,0.0,0.0,0.0,0.0,0.0,0.0,0.0,0.0,0.0
B96298e0928b1,Sb97749af3711,overhead,3.0,unknown,0.0,1.0,0.0,0.0,0.0,0.0,0.0,0.0,0.0,0.0,0.0,0.0,0.0,0.0,0.0,0.0
B96298e0928b1,Sb97749af3711,overhead,4.0,unknown,0.0,1.0,0.0,0.0,0.0,0.0,0.0,0.0,0.0,0.0,0.0,0.0,0.0,0.0,0.0,0.0
B96298e0928b1,Sb97749af3711,overhead,5.0,unknown,0.0,1.0,0.0,0.0,0.0,0.0,0.0,0.0,0.0,0.0,0.0,0.0,0.0,0.0,0.0,0.0
B96298e0928b1,Sb97749af3711,overhead,6.0,unknown,0.0,1.0,0.0,0.0,0.0,0.0,0.0,0.0,0.0,0.0,0.0,0.0,0.0,0.0,0.0,0.0
B96298e0928b1,Sb97749af3711,overhead,7.0,unknown,0.0,1.0,0.0,0.0,0.0,0.0,0.0,0.0,0.0,0.0,0.0,0.0,0.0,0.0,0.0,0.0
B96298e0928b1,Sb97749af3711,overhead,8.0,unknown,0.0,1.0,0.0,0.0,0.0,0.0,0.0,0.0,0.0,0.0,0.0,0.0,0.0,0.0,0.0,0.0
B96298e0928b1,Sb97749af3711,overhead,9.0,unknown,0.0,1.0,0.0,0.0,0.0,0.0,0.0,0.0,0.0,0.0,0.0,0.0,0.0,0.0,0.0,0.0
B96c4e38631c0,S38533928bb7e,front,3046.0,gaze_down,1.0,0.0,1.0,0.0,0.0,1.0,0.0,0.0,0.0,0.0,1.0,0.0,0.0,0.0,0.0,0.0
B96c4e38631c0,S38533928bb7e,front,3047.0,gaze_down,1.0,0.0,1.0,0.0,1.0,1.0,0.0,0.0,0.0,0.0,1.0,0.0,0.0,0.0,0.0,0.0
B96c4e38631c0,S38533928bb7e,front,3048.0,gaze_down,1.0,0.0,1.0,0.0,1.0,1.0,0.0,0.0,0.0,0.0,1.0,0.0,0.0,0.0,0.0,0.0
B96c4e38631c0,S38533928bb7e,front,3049.0,gaze_down,1.0,0.0,1.0,1.0,0.0,1.0,0.0,0.0,0.0,0.0,1.0,0.0,0.0,0.0,0.0,0.0
B96c4e38631c0,S38533928bb7e,front,3050.0,gaze_down,1.0,0.0,1.0,1.0,0.0,1.0,0.0,0.0,0.0,0.0,1.0,0.0,0.0,0.0,0.0,0.0
B96c4e38631c0,S38533928bb7e,front,3051.0,gaze_down,1.0,0.0,1.0,1.0,0.0,1.0,0.0,0.0,0.0,0.0,1.0,0.0,0.0,0.0,0.0,0.0
B96c4e38631c0,S38533928bb7e,front,3052.0,gaze_down,1.0,0.0,1.0,0.0,0.0,1.0,0.0,0.0,0.0,0.0,1.0,0.0,0.0,0.0,0.0,0.0
B96c4e38631c0,S38533928bb7e,front,3053.0,gaze_down,1.0,0.0,1.0,0.0,0.0,1.0,0.0,0.0,0.0,0.0,1.0,0.0,0.0,0.0,0.0,0.0
B96c4e38631c0,S38533928bb7e,front,3054.0,gaze_down,1.0,0.0,1.0,0.0,0.0,1.0,0.0,0.0,0.0,0.0,1.0,0.0,0.0,0.0,0.0,0.0
B96c4e38631c0,S38533928bb7e,front,3055.0,gaze_down,1.0,0.0,1.0,1.0,0.0,1.0,0.0,0.0,0.0,0.0,1.0,0.0,0.0,0.0,0.0,0.0
B96c4e38631c0,S38533928bb7e,overhead,3046.0,gaze_down,0.0,1.0,0.0,0.0,0.0,0.0,0.0,0.0,0.0,0.0,0.0,0.0,0.0,0.0,0.0,0.0
B96c4e38631c0,S38533928bb7e,overhead,3047.0,gaze_down,0.0,1.0,0.0,0.0,0.0,0.0,0.0,0.0,0.0,0.0,0.0,0.0,0.0,0.0,0.0,0.0
B96c4e38631c0,S38533928bb7e,overhead,3048.0,gaze_down,0.0,1.0,0.0,0.0,0.0,0.0,0.0,0.0,0.0,0.0,0.0,0.0,0.0,0.0,0.0,0.0
B96c4e38631c0,S38533928bb7e,overhead,3049.0,gaze_down,0.0,1.0,0.0,0.0,0.0,0.0,0.0,0.0,0.0,0.0,0.0,0.0,0.0,0.0,0.0,0.0
B96c4e38631c0,S38533928bb7e,overhead,3050.0,gaze_down,0.0,1.0,0.0,0.0,0.0,0.0,0.0,0.0,0.0,0.0,0.0,0.0,0.0,0.0,0.0,0.0
B96c4e38631c0,S38533928bb7e,overhead,3051.0,gaze_down,0.0,1.0,0.0,0.0,0.0,0.0,0.0,0.0,0.0,0.0,0.0,0.0,0.0,0.0,0.0,0.0
B96c4e38631c0,S38533928bb7e,overhead,3052.0,gaze_down,0.0,1.0,0.0,0.0,0.0,0.0,0.0,0.0,0.0,0.0,0.0,0.0,0.0,0.0,0.0,0.0
B96c4e38631c0,S38533928bb7e,overhead,3053.0,gaze_down,0.0,1.0,0.0,0.0,0.0,0.0,0.0,0.0,0.0,0.0,0.0,0.0,0.0,0.0,0.0,0.0
B96c4e38631c0,S38533928bb7e,overhead,3054.0,gaze_down,0.0,1.0,0.0,0.0,0.0,0.0,0.0,0.0,0.0,0.0,0.0,0.0,0.0,0.0,0.0,0.0
B96c4e38631c0,S38533928bb7e,overhead,3055.0,gaze_down,0.0,1.0,0.0,0.0,0.0,0.0,0.0,0.0,0.0,0.0,0.0,0.0,0.0,0.0,0.0,0.0
B98b88ef5562f,Sb97749af3711,front,0.0,unknown,1.0,0.0,0.0,0.0,0.0,0.0,0.0,0.0,0.0,0.0,0.0,0.0,0.0,0.0,0.0,0.0
B98b88ef5562f,Sb97749af3711,front,1.0,unknown,1.0,0.0,0.0,0.0,0.0,0.0,0.0,0.0,0.0,0.0,0.0,0.0,0.0,0.0,0.0,0.0
B98b88ef5562f,Sb97749af3711,front,2.0,unknown,1.0,0.0,0.0,0.0,0.0,0.0,0.0,0.0,0.0,0.0,0.0,0.0,0.0,0.0,0.0,0.0
B98b88ef5562f,Sb97749af3711,front,3.0,unknown,1.0,0.0,0.0,0.0,0.0,0.0,0.0,0.0,0.0,0.0,0.0,0.0,0.0,0.0,0.0,0.0
B98b88ef5562f,Sb97749af3711,front,4.0,unknown,1.0,0.0,0.0,0.0,0.0,0.0,0.0,0.0,0.0,0.0,0.0,0.0,0.0,0.0,0.0,0.0
B98b88ef5562f,Sb97749af3711,front,5.0,unknown,1.0,0.0,0.0,0.0,0.0,0.0,0.0,0.0,0.0,0.0,0.0,0.0,0.0,0.0,0.0,0.0
B98b88ef5562f,Sb97749af3711,front,6.0,unknown,1.0,0.0,0.0,0.0,0.0,0.0,0.0,0.0,0.0,0.0,0.0,0.0,0.0,0.0,0.0,0.0
B98b88ef5562f,Sb97749af3711,front,7.0,unknown,1.0,0.0,0.0,0.0,0.0,0.0,0.0,0.0,0.0,0.0,0.0,0.0,0.0,0.0,0.0,0.0
B98b88ef5562f,Sb97749af3711,front,8.0,unknown,1.0,0.0,0.0,0.0,0.0,0.0,0.0,0.0,0.0,0.0,0.0,0.0,0.0,0.0,0.0,0.0
B98b88ef5562f,Sb97749af3711,front,9.0,unknown,1.0,0.0,0.0,0.0,0.0,0.0,0.0,0.0,0.0,0.0,0.0,0.0,0.0,0.0,0.0,0.0
B98b88ef5562f,Sb97749af3711,overhead,0.0,unknown,0.0,1.0,0.0,0.0,0.0,0.0,0.0,0.0,0.0,0.0,0.0,0.0,0.0,0.0,0.0,0.0
B98b88ef5562f,Sb97749af3711,overhead,1.0,unknown,0.0,1.0,0.0,0.0,0.0,0.0,0.0,0.0,0.0,0.0,0.0,0.0,0.0,0.0,0.0,0.0
B98b88ef5562f,Sb97749af3711,overhead,2.0,unknown,0.0,1.0,0.0,0.0,0.0,0.0,0.0,0.0,0.0,0.0,0.0,0.0,0.0,0.0,0.0,0.0
B98b88ef5562f,Sb97749af3711,overhead,3.0,unknown,0.0,1.0,0.0,0.0,0.0,0.0,0.0,0.0,0.0,0.0,0.0,0.0,0.0,0.0,0.0,0.0
B98b88ef5562f,Sb97749af3711,overhead,4.0,unknown,0.0,1.0,0.0,0.0,0.0,0.0,0.0,0.0,0.0,0.0,0.0,0.0,0.0,0.0,0.0,0.0
B98b88ef5562f,Sb97749af3711,overhead,5.0,unknown,0.0,1.0,0.0,0.0,0.0,0.0,0.0,0.0,0.0,0.0,0.0,0.0,0.0,0.0,0.0,0.0
B98b88ef5562f,Sb97749af3711,overhead,6.0,unknown,0.0,1.0,0.0,0.0,0.0,0.0,0.0,0.0,0.0,0.0,0.0,0.0,0.0,0.0,0.0,0.0
B98b88ef5562f,Sb97749af3711,overhead,7.0,unknown,0.0,1.0,0.0,0.0,0.0,0.0,0.0,0.0,0.0,0.0,0.0,0.0,0.0,0.0,0.0,0.0
B98b88ef5562f,Sb97749af3711,overhead,8.0,unknown,0.0,1.0,0.0,0.0,0.0,0.0,0.0,0.0,0.0,0.0,0.0,0.0,0.0,0.0,0.0,0.0
B98b88ef5562f,Sb97749af3711,overhead,9.0,unknown,0.0,1.0,0.0,0.0,0.0,0.0,0.0,0.0,0.0,0.0,0.0,0.0,0.0,0.0,0.0,0.0
B9901afbb9c4a,S38533928bb7e,front,4285.0,drowsy,1.0,0.0,1.0,1.0,0.0,1.0,0.0,0.0,0.0,0.0,1.0,0.0,0.0,0.0,0.0,0.0
B9901afbb9c4a,S38533928bb7e,front,4286.0,drowsy,1.0,0.0,1.0,0.0,0.0,1.0,0.0,0.0,0.0,0.0,1.0,0.0,0.0,0.0,0.0,0.0
B9901afbb9c4a,S38533928bb7e,front,4287.0,drowsy,1.0,0.0,1.0,0.0,0.0,0.0,1.0,0.0,1.0,1.0,0.0,1.0,0.0,0.0,0.0,0.0
B9901afbb9c4a,S38533928bb7e,front,4288.0,drowsy,1.0,0.0,1.0,0.0,0.0,0.0,1.0,0.0,1.0,1.0,0.0,1.0,0.0,0.0,0.0,0.0
B9901afbb9c4a,S38533928bb7e,front,4289.0,drowsy,1.0,0.0,1.0,0.0,0.0,0.0,1.0,0.0,1.0,1.0,0.0,1.0,0.0,0.0,0.0,0.0
B9901afbb9c4a,S38533928bb7e,front,4290.0,drowsy,1.0,0.0,1.0,0.0,0.0,0.0,1.0,0.0,1.0,1.0,0.0,1.0,0.0,0.0,0.0,0.0
B9901afbb9c4a,S38533928bb7e,front,4291.0,drowsy,1.0,0.0,1.0,0.0,0.0,0.0,1.0,0.0,1.0,1.0,0.0,1.0,0.0,0.0,0.0,0.0
B9901afbb9c4a,S38533928bb7e,front,4292.0,drowsy,1.0,0.0,1.0,0.0,0.0,0.0,1.0,0.0,1.0,1.0,0.0,1.0,0.0,0.0,0.0,0.0
B9901afbb9c4a,S38533928bb7e,front,4293.0,drowsy,1.0,0.0,1.0,0.0,0.0,0.0,1.0,0.0,1.0,1.0,0.0,1.0,0.0,0.0,0.0,0.0
B9901afbb9c4a,S38533928bb7e,front,4294.0,drowsy,1.0,0.0,1.0,0.0,0.0,0.0,1.0,0.0,1.0,1.0,0.0,1.0,0.0,0.0,0.0,0.0
B9901afbb9c4a,S38533928bb7e,overhead,4285.0,drowsy,0.0,1.0,0.0,0.0,0.0,1.0,0.0,0.0,0.0,0.0,1.0,0.0,0.0,0.0,0.0,0.0
B9901afbb9c4a,S38533928bb7e,overhead,4286.0,drowsy,0.0,1.0,0.0,0.0,0.0,1.0,0.0,0.0,0.0,0.0,1.0,0.0,0.0,0.0,0.0,0.0
B9901afbb9c4a,S38533928bb7e,overhead,4287.0,drowsy,0.0,1.0,0.0,0.0,0.0,0.0,0.0,0.0,0.0,0.0,0.0,0.0,0.0,0.0,0.0,0.0
B9901afbb9c4a,S38533928bb7e,overhead,4288.0,drowsy,0.0,1.0,0.0,0.0,0.0,0.0,0.0,0.0,0.0,0.0,0.0,0.0,0.0,0.0,0.0,0.0
B9901afbb9c4a,S38533928bb7e,overhead,4289.0,drowsy,0.0,1.0,0.0,0.0,0.0,0.0,0.0,0.0,0.0,0.0,0.0,0.0,0.0,0.0,0.0,0.0
B9901afbb9c4a,S38533928bb7e,overhead,4290.0,drowsy,0.0,1.0,0.0,0.0,0.0,0.0,0.0,0.0,0.0,0.0,0.0,0.0,0.0,0.0,0.0,0.0
B9901afbb9c4a,S38533928bb7e,overhead,4291.0,drowsy,0.0,1.0,0.0,0.0,0.0,0.0,0.0,0.0,0.0,0.0,0.0,0.0,0.0,0.0,0.0,0.0
B9901afbb9c4a,S38533928bb7e,overhead,4292.0,drowsy,0.0,1.0,0.0,0.0,0.0,0.0,0.0,0.0,0.0,0.0,0.0,0.0,0.0,0.0,0.0,0.0
B9901afbb9c4a,S38533928bb7e,overhead,4293.0,drowsy,0.0,1.0,0.0,0.0,0.0,0.0,0.0,0.0,0.0,0.0,0.0,0.0,0.0,0.0,0.0,0.0
B9901afbb9c4a,S38533928bb7e,overhead,4294.0,drowsy,0.0,1.0,0.0,0.0,0.0,0.0,0.0,0.0,0.0,0.0,0.0,0.0,0.0,0.0,0.0,0.0
B9a3d76579ec7,Sb97749af3711,front,0.0,unknown,1.0,0.0,0.0,0.0,0.0,0.0,0.0,0.0,0.0,0.0,0.0,0.0,0.0,0.0,0.0,0.0
B9a3d76579ec7,Sb97749af3711,front,1.0,unknown,1.0,0.0,0.0,0.0,0.0,0.0,0.0,0.0,0.0,0.0,0.0,0.0,0.0,0.0,0.0,0.0
B9a3d76579ec7,Sb97749af3711,front,2.0,unknown,1.0,0.0,0.0,0.0,0.0,0.0,0.0,0.0,0.0,0.0,0.0,0.0,0.0,0.0,0.0,0.0
B9a3d76579ec7,Sb97749af3711,front,3.0,unknown,1.0,0.0,0.0,0.0,0.0,0.0,0.0,0.0,0.0,0.0,0.0,0.0,0.0,0.0,0.0,0.0
B9a3d76579ec7,Sb97749af3711,front,4.0,unknown,1.0,0.0,0.0,0.0,0.0,0.0,0.0,0.0,0.0,0.0,0.0,0.0,0.0,0.0,0.0,0.0
B9a3d76579ec7,Sb97749af3711,front,5.0,unknown,1.0,0.0,0.0,0.0,0.0,0.0,0.0,0.0,0.0,0.0,0.0,0.0,0.0,0.0,0.0,0.0
B9a3d76579ec7,Sb97749af3711,front,6.0,unknown,1.0,0.0,0.0,0.0,0.0,0.0,0.0,0.0,0.0,0.0,0.0,0.0,0.0,0.0,0.0,0.0
B9a3d76579ec7,Sb97749af3711,front,7.0,unknown,1.0,0.0,0.0,0.0,0.0,0.0,0.0,0.0,0.0,0.0,0.0,0.0,0.0,0.0,0.0,0.0
B9a3d76579ec7,Sb97749af3711,front,8.0,unknown,1.0,0.0,0.0,0.0,0.0,0.0,0.0,0.0,0.0,0.0,0.0,0.0,0.0,0.0,0.0,0.0
B9a3d76579ec7,Sb97749af3711,front,9.0,unknown,1.0,0.0,0.0,0.0,0.0,0.0,0.0,0.0,0.0,0.0,0.0,0.0,0.0,0.0,0.0,0.0
B9a3d76579ec7,Sb97749af3711,overhead,0.0,unknown,0.0,1.0,0.0,0.0,0.0,0.0,0.0,0.0,0.0,0.0,0.0,0.0,0.0,0.0,0.0,0.0
B9a3d76579ec7,Sb97749af3711,overhead,1.0,unknown,0.0,1.0,0.0,0.0,0.0,0.0,0.0,0.0,0.0,0.0,0.0,0.0,0.0,0.0,0.0,0.0
B9a3d76579ec7,Sb97749af3711,overhead,2.0,unknown,0.0,1.0,0.0,0.0,0.0,0.0,0.0,0.0,0.0,0.0,0.0,0.0,0.0,0.0,0.0,0.0
B9a3d76579ec7,Sb97749af3711,overhead,3.0,unknown,0.0,1.0,0.0,0.0,0.0,0.0,0.0,0.0,0.0,0.0,0.0,0.0,0.0,0.0,0.0,0.0
B9a3d76579ec7,Sb97749af3711,overhead,4.0,unknown,0.0,1.0,0.0,0.0,0.0,0.0,0.0,0.0,0.0,0.0,0.0,0.0,0.0,0.0,0.0,0.0
B9a3d76579ec7,Sb97749af3711,overhead,5.0,unknown,0.0,1.0,0.0,0.0,0.0,0.0,0.0,0.0,0.0,0.0,0.0,0.0,0.0,0.0,0.0,0.0
B9a3d76579ec7,Sb97749af3711,overhead,6.0,unknown,0.0,1.0,0.0,0.0,0.0,0.0,0.0,0.0,0.0,0.0,0.0,0.0,0.0,0.0,0.0,0.0
B9a3d76579ec7,Sb97749af3711,overhead,7.0,unknown,0.0,1.0,0.0,0.0,0.0,0.0,0.0,0.0,0.0,0.0,0.0,0.0,0.0,0.0,0.0,0.0
B9a3d76579ec7,Sb97749af3711,overhead,8.0,unknown,0.0,1.0,0.0,0.0,0.0,0.0,0.0,0.0,0.0,0.0,0.0,0.0,0.0,0.0,0.0,0.0
B9a3d76579ec7,Sb97749af3711,overhead,9.0,unknown,0.0,1.0,0.0,0.0,0.0,0.0,0.0,0.0,0.0,0.0,0.0,0.0,0.0,0.0,0.0,0.0
B9a45c0ed6012,Sb97749af3711,front,0.0,unknown,1.0,0.0,0.0,0.0,0.0,0.0,0.0,0.0,0.0,0.0,0.0,0.0,0.0,0.0,0.0,0.0
B9a45c0ed6012,Sb97749af3711,front,1.0,unknown,1.0,0.0,0.0,0.0,0.0,0.0,0.0,0.0,0.0,0.0,0.0,0.0,0.0,0.0,0.0,0.0
B9a45c0ed6012,Sb97749af3711,front,2.0,unknown,1.0,0.0,0.0,0.0,0.0,0.0,0.0,0.0,0.0,0.0,0.0,0.0,0.0,0.0,0.0,0.0
B9a45c0ed6012,Sb97749af3711,front,3.0,unknown,1.0,0.0,0.0,0.0,0.0,0.0,0.0,0.0,0.0,0.0,0.0,0.0,0.0,0.0,0.0,0.0
B9a45c0ed6012,Sb97749af3711,front,4.0,unknown,1.0,0.0,0.0,0.0,0.0,0.0,0.0,0.0,0.0,0.0,0.0,0.0,0.0,0.0,0.0,0.0
B9a45c0ed6012,Sb97749af3711,front,5.0,unknown,1.0,0.0,0.0,0.0,0.0,0.0,0.0,0.0,0.0,0.0,0.0,0.0,0.0,0.0,0.0,0.0
B9a45c0ed6012,Sb97749af3711,front,6.0,unknown,1.0,0.0,0.0,0.0,0.0,0.0,0.0,0.0,0.0,0.0,0.0,0.0,0.0,0.0,0.0,0.0
B9a45c0ed6012,Sb97749af3711,front,7.0,unknown,1.0,0.0,0.0,0.0,0.0,0.0,0.0,0.0,0.0,0.0,0.0,0.0,0.0,0.0,0.0,0.0
B9a45c0ed6012,Sb97749af3711,front,8.0,unknown,1.0,0.0,0.0,0.0,0.0,0.0,0.0,0.0,0.0,0.0,0.0,0.0,0.0,0.0,0.0,0.0
B9a45c0ed6012,Sb97749af3711,front,9.0,unknown,1.0,0.0,0.0,0.0,0.0,0.0,0.0,0.0,0.0,0.0,0.0,0.0,0.0,0.0,0.0,0.0
B9a45c0ed6012,Sb97749af3711,overhead,0.0,unknown,0.0,1.0,0.0,0.0,0.0,0.0,0.0,0.0,0.0,0.0,0.0,0.0,0.0,0.0,0.0,0.0
B9a45c0ed6012,Sb97749af3711,overhead,1.0,unknown,0.0,1.0,0.0,0.0,0.0,0.0,0.0,0.0,0.0,0.0,0.0,0.0,0.0,0.0,0.0,0.0
B9a45c0ed6012,Sb97749af3711,overhead,2.0,unknown,0.0,1.0,0.0,0.0,0.0,0.0,0.0,0.0,0.0,0.0,0.0,0.0,0.0,0.0,0.0,0.0
B9a45c0ed6012,Sb97749af3711,overhead,3.0,unknown,0.0,1.0,0.0,0.0,0.0,0.0,0.0,0.0,0.0,0.0,0.0,0.0,0.0,0.0,0.0,0.0
B9a45c0ed6012,Sb97749af3711,overhead,4.0,unknown,0.0,1.0,0.0,0.0,0.0,0.0,0.0,0.0,0.0,0.0,0.0,0.0,0.0,0.0,0.0,0.0
B9a45c0ed6012,Sb97749af3711,overhead,5.0,unknown,0.0,1.0,0.0,0.0,0.0,0.0,0.0,0.0,0.0,0.0,0.0,0.0,0.0,0.0,0.0,0.0
B9a45c0ed6012,Sb97749af3711,overhead,6.0,unknown,0.0,1.0,0.0,0.0,0.0,0.0,0.0,0.0,0.0,0.0,0.0,0.0,0.0,0.0,0.0,0.0
B9a45c0ed6012,Sb97749af3711,overhead,7.0,unknown,0.0,1.0,0.0,0.0,0.0,0.0,0.0,0.0,0.0,0.0,0.0,0.0,0.0,0.0,0.0,0.0
B9a45c0ed6012,Sb97749af3711,overhead,8.0,unknown,0.0,1.0,0.0,0.0,0.0,0.0,0.0,0.0,0.0,0.0,0.0,0.0,0.0,0.0,0.0,0.0
B9a45c0ed6012,Sb97749af3711,overhead,9.0,unknown,0.0,1.0,0.0,0.0,0.0,0.0,0.0,0.0,0.0,0.0,0.0,0.0,0.0,0.0,0.0,0.0
B9ad923faf896,Sd507e72fb21a,front,0.0,unknown,1.0,0.0,0.0,0.0,0.0,0.0,0.0,0.0,0.0,0.0,0.0,0.0,0.0,0.0,0.0,0.0
B9ad923faf896,Sd507e72fb21a,front,1.0,unknown,1.0,0.0,0.0,0.0,0.0,0.0,0.0,0.0,0.0,0.0,0.0,0.0,0.0,0.0,0.0,0.0
B9ad923faf896,Sd507e72fb21a,front,2.0,unknown,1.0,0.0,0.0,0.0,0.0,0.0,0.0,0.0,0.0,0.0,0.0,0.0,0.0,0.0,0.0,0.0
B9ad923faf896,Sd507e72fb21a,front,3.0,unknown,1.0,0.0,0.0,0.0,0.0,0.0,0.0,0.0,0.0,0.0,0.0,0.0,0.0,0.0,0.0,0.0
B9ad923faf896,Sd507e72fb21a,front,4.0,unknown,1.0,0.0,0.0,0.0,0.0,0.0,0.0,0.0,0.0,0.0,0.0,0.0,0.0,0.0,0.0,0.0
B9ad923faf896,Sd507e72fb21a,front,5.0,unknown,1.0,0.0,0.0,0.0,0.0,0.0,0.0,0.0,0.0,0.0,0.0,0.0,0.0,0.0,0.0,0.0
B9ad923faf896,Sd507e72fb21a,front,6.0,unknown,1.0,0.0,0.0,0.0,0.0,0.0,0.0,0.0,0.0,0.0,0.0,0.0,0.0,0.0,0.0,0.0
B9ad923faf896,Sd507e72fb21a,front,7.0,unknown,1.0,0.0,0.0,0.0,0.0,0.0,0.0,0.0,0.0,0.0,0.0,0.0,0.0,0.0,0.0,0.0
B9ad923faf896,Sd507e72fb21a,front,8.0,unknown,1.0,0.0,0.0,0.0,0.0,0.0,0.0,0.0,0.0,0.0,0.0,0.0,0.0,0.0,0.0,0.0
B9ad923faf896,Sd507e72fb21a,front,9.0,unknown,1.0,0.0,0.0,0.0,0.0,0.0,0.0,0.0,0.0,0.0,0.0,0.0,0.0,0.0,0.0,0.0
B9ad923faf896,Sd507e72fb21a,overhead,0.0,unknown,0.0,1.0,0.0,0.0,0.0,0.0,0.0,0.0,0.0,0.0,0.0,0.0,0.0,0.0,0.0,0.0
B9ad923faf896,Sd507e72fb21a,overhead,1.0,unknown,0.0,1.0,0.0,0.0,0.0,0.0,0.0,0.0,0.0,0.0,0.0,0.0,0.0,0.0,0.0,0.0
B9ad923faf896,Sd507e72fb21a,overhead,2.0,unknown,0.0,1.0,0.0,0.0,0.0,0.0,0.0,0.0,0.0,0.0,0.0,0.0,0.0,0.0,0.0,0.0
B9ad923faf896,Sd507e72fb21a,overhead,3.0,unknown,0.0,1.0,0.0,0.0,0.0,0.0,0.0,0.0,0.0,0.0,0.0,0.0,0.0,0.0,0.0,0.0
B9ad923faf896,Sd507e72fb21a,overhead,4.0,unknown,0.0,1.0,0.0,0.0,0.0,0.0,0.0,0.0,0.0,0.0,0.0,0.0,0.0,0.0,0.0,0.0
B9ad923faf896,Sd507e72fb21a,overhead,5.0,unknown,0.0,1.0,0.0,0.0,0.0,0.0,0.0,0.0,0.0,0.0,0.0,0.0,0.0,0.0,0.0,0.0
B9ad923faf896,Sd507e72fb21a,overhead,6.0,unknown,0.0,1.0,0.0,0.0,0.0,0.0,0.0,0.0,0.0,0.0,0.0,0.0,0.0,0.0,0.0,0.0
B9ad923faf896,Sd507e72fb21a,overhead,7.0,unknown,0.0,1.0,0.0,0.0,0.0,0.0,0.0,0.0,0.0,0.0,0.0,0.0,0.0,0.0,0.0,0.0
B9ad923faf896,Sd507e72fb21a,overhead,8.0,unknown,0.0,1.0,0.0,0.0,0.0,0.0,0.0,0.0,0.0,0.0,0.0,0.0,0.0,0.0,0.0,0.0
B9ad923faf896,Sd507e72fb21a,overhead,9.0,unknown,0.0,1.0,0.0,0.0,0.0,0.0,0.0,0.0,0.0,0.0,0.0,0.0,0.0,0.0,0.0,0.0
B9add06ec4730,S38533928bb7e,front,6112.0,gaze_side,1.0,0.0,0.0,0.0,0.0,0.0,0.0,0.0,0.0,0.0,0.0,1.0,0.0,0.0,0.0,1.0
B9add06ec4730,S38533928bb7e,front,6113.0,gaze_side,1.0,0.0,0.0,0.0,0.0,0.0,0.0,0.0,0.0,0.0,1.0,1.0,0.0,0.0,0.0,1.0
B9add06ec4730,S38533928bb7e,front,6114.0,gaze_side,1.0,0.0,1.0,1.0,0.0,1.0,0.0,0.0,0.0,0.0,1.0,0.0,0.0,0.0,0.0,0.0
B9add06ec4730,S38533928bb7e,front,6115.0,gaze_side,1.0,0.0,1.0,1.0,0.0,1.0,0.0,0.0,0.0,0.0,1.0,0.0,0.0,0.0,0.0,0.0
B9add06ec4730,S38533928bb7e,front,6116.0,gaze_side,1.0,0.0,1.0,1.0,0.0,1.0,0.0,0.0,0.0,0.0,1.0,0.0,0.0,0.0,0.0,0.0
B9add06ec4730,S38533928bb7e,front,6117.0,gaze_side,1.0,0.0,1.0,1.0,0.0,1.0,0.0,0.0,0.0,0.0,1.0,0.0,0.0,0.0,0.0,0.0
B9add06ec4730,S38533928bb7e,front,6118.0,gaze_side,1.0,0.0,1.0,1.0,0.0,1.0,0.0,0.0,0.0,0.0,1.0,0.0,0.0,0.0,0.0,0.0
B9add06ec4730,S38533928bb7e,front,6119.0,gaze_side,1.0,0.0,1.0,1.0,0.0,1.0,0.0,0.0,0.0,0.0,1.0,0.0,0.0,0.0,0.0,0.0
B9add06ec4730,S38533928bb7e,front,6120.0,gaze_side,1.0,0.0,1.0,1.0,0.0,1.0,0.0,0.0,0.0,0.0,1.0,0.0,0.0,0.0,0.0,0.0
B9add06ec4730,S38533928bb7e,front,6121.0,gaze_side,1.0,0.0,1.0,1.0,0.0,0.0,0.0,0.0,0.0,0.0,1.0,0.0,0.0,0.0,0.0,0.0
B9add06ec4730,S38533928bb7e,overhead,6112.0,gaze_side,0.0,1.0,0.0,0.0,0.0,0.0,0.0,0.0,0.0,0.0,0.0,0.0,0.0,0.0,0.0,0.0
B9add06ec4730,S38533928bb7e,overhead,6113.0,gaze_side,0.0,1.0,0.0,0.0,0.0,0.0,0.0,0.0,0.0,0.0,0.0,0.0,0.0,0.0,0.0,0.0
B9add06ec4730,S38533928bb7e,overhead,6114.0,gaze_side,0.0,1.0,0.0,0.0,0.0,0.0,0.0,0.0,0.0,0.0,0.0,0.0,0.0,0.0,0.0,0.0
B9add06ec4730,S38533928bb7e,overhead,6115.0,gaze_side,0.0,1.0,0.0,0.0,0.0,0.0,0.0,0.0,0.0,0.0,0.0,0.0,0.0,0.0,0.0,0.0
B9add06ec4730,S38533928bb7e,overhead,6116.0,gaze_side,0.0,1.0,0.0,0.0,0.0,0.0,0.0,0.0,0.0,0.0,0.0,0.0,0.0,0.0,0.0,0.0
B9add06ec4730,S38533928bb7e,overhead,6117.0,gaze_side,0.0,1.0,0.0,0.0,0.0,0.0,0.0,0.0,0.0,0.0,0.0,0.0,0.0,0.0,0.0,0.0
B9add06ec4730,S38533928bb7e,overhead,6118.0,gaze_side,0.0,1.0,0.0,0.0,0.0,0.0,0.0,0.0,0.0,0.0,0.0,0.0,0.0,0.0,0.0,0.0
B9add06ec4730,S38533928bb7e,overhead,6119.0,gaze_side,0.0,1.0,0.0,0.0,0.0,0.0,0.0,0.0,0.0,0.0,0.0,0.0,0.0,0.0,0.0,0.0
B9add06ec4730,S38533928bb7e,overhead,6120.0,gaze_side,0.0,1.0,0.0,0.0,0.0,0.0,0.0,0.0,0.0,0.0,0.0,0.0,0.0,0.0,0.0,0.0
B9add06ec4730,S38533928bb7e,overhead,6121.0,gaze_side,0.0,1.0,0.0,0.0,0.0,0.0,0.0,0.0,0.0,0.0,0.0,0.0,0.0,0.0,0.0,0.0
B9b1b6ae2e99b,S08ea3e793bb0,front,0.0,focus,1.0,0.0,1.0,0.0,0.0,1.0,0.0,0.0,0.0,0.0,1.0,0.0,0.0,0.0,0.0,0.0
B9b1b6ae2e99b,S08ea3e793bb0,front,1.0,focus,1.0,0.0,1.0,0.0,0.0,1.0,0.0,0.0,0.0,0.0,1.0,0.0,0.0,0.0,0.0,0.0
B9b1b6ae2e99b,S08ea3e793bb0,front,2.0,focus,1.0,0.0,1.0,0.0,0.0,1.0,0.0,0.0,0.0,0.0,1.0,0.0,0.0,0.0,0.0,0.0
B9b1b6ae2e99b,S08ea3e793bb0,front,3.0,focus,1.0,0.0,1.0,0.0,0.0,1.0,0.0,0.0,0.0,0.0,1.0,0.0,0.0,0.0,0.0,0.0
B9b1b6ae2e99b,S08ea3e793bb0,front,4.0,focus,1.0,0.0,1.0,0.0,0.0,1.0,1.0,0.0,0.0,1.0,1.0,0.0,0.0,0.0,0.0,0.0
B9b1b6ae2e99b,S08ea3e793bb0,front,5.0,focus,1.0,0.0,1.0,0.0,0.0,1.0,1.0,0.0,0.0,1.0,1.0,0.0,0.0,0.0,0.0,0.0
B9b1b6ae2e99b,S08ea3e793bb0,front,6.0,focus,1.0,0.0,1.0,0.0,0.0,1.0,1.0,0.0,0.0,1.0,1.0,0.0,0.0,0.0,0.0,0.0
B9b1b6ae2e99b,S08ea3e793bb0,front,7.0,focus,1.0,0.0,1.0,0.0,0.0,1.0,0.0,0.0,0.0,0.0,1.0,0.0,0.0,0.0,0.0,0.0
B9b1b6ae2e99b,S08ea3e793bb0,front,8.0,focus,1.0,0.0,1.0,0.0,0.0,1.0,0.0,0.0,0.0,0.0,1.0,0.0,0.0,0.0,0.0,0.0
B9b1b6ae2e99b,S08ea3e793bb0,front,9.0,focus,1.0,0.0,1.0,0.0,0.0,1.0,1.0,1.0,0.0,1.0,1.0,0.0,0.0,0.0,0.0,0.0
B9b1b6ae2e99b,S08ea3e793bb0,overhead,0.0,focus,0.0,1.0,0.0,0.0,0.0,0.0,0.0,0.0,0.0,0.0,0.0,0.0,0.0,0.0,0.0,0.0
B9b1b6ae2e99b,S08ea3e793bb0,overhead,1.0,focus,0.0,1.0,0.0,0.0,0.0,0.0,0.0,0.0,0.0,0.0,0.0,0.0,0.0,0.0,0.0,0.0
B9b1b6ae2e99b,S08ea3e793bb0,overhead,2.0,focus,0.0,1.0,0.0,0.0,0.0,0.0,0.0,0.0,0.0,0.0,0.0,0.0,0.0,0.0,0.0,0.0
B9b1b6ae2e99b,S08ea3e793bb0,overhead,3.0,focus,0.0,1.0,0.0,0.0,0.0,0.0,0.0,0.0,0.0,0.0,0.0,0.0,0.0,0.0,0.0,0.0
B9b1b6ae2e99b,S08ea3e793bb0,overhead,4.0,focus,0.0,1.0,0.0,0.0,0.0,0.0,0.0,0.0,0.0,0.0,0.0,0.0,0.0,0.0,0.0,0.0
B9b1b6ae2e99b,S08ea3e793bb0,overhead,5.0,focus,0.0,1.0,0.0,0.0,0.0,0.0,0.0,0.0,0.0,0.0,0.0,0.0,0.0,0.0,0.0,0.0
B9b1b6ae2e99b,S08ea3e793bb0,overhead,6.0,focus,0.0,1.0,0.0,0.0,0.0,0.0,0.0,0.0,0.0,0.0,0.0,0.0,0.0,0.0,0.0,0.0
B9b1b6ae2e99b,S08ea3e793bb0,overhead,7.0,focus,0.0,1.0,0.0,0.0,0.0,0.0,0.0,0.0,0.0,0.0,0.0,0.0,0.0,0.0,0.0,0.0
B9b1b6ae2e99b,S08ea3e793bb0,overhead,8.0,focus,0.0,1.0,0.0,0.0,0.0,0.0,0.0,0.0,0.0,0.0,0.0,0.0,0.0,0.0,0.0,0.0
B9b1b6ae2e99b,S08ea3e793bb0,overhead,9.0,focus,0.0,1.0,0.0,0.0,0.0,0.0,0.0,0.0,0.0,0.0,0.0,0.0,0.0,0.0,0.0,0.0
B9c7316197915,Se9ae4c661219,front,0.0,focus,1.0,0.0,1.0,0.0,0.0,0.0,1.0,1.0,0.0,1.0,1.0,0.0,0.0,0.0,0.0,0.0
B9c7316197915,Se9ae4c661219,front,1.0,focus,1.0,0.0,0.0,0.0,0.0,0.0,0.0,0.0,0.0,0.0,0.0,1.0,0.0,0.0,0.0,1.0
B9c7316197915,Se9ae4c661219,front,2.0,focus,1.0,0.0,1.0,0.0,0.0,0.0,0.0,0.0,0.0,0.0,1.0,0.0,0.0,0.0,0.0,0.0
B9c7316197915,Se9ae4c661219,front,3.0,focus,1.0,0.0,1.0,0.0,0.0,0.0,0.0,0.0,0.0,0.0,1.0,0.0,0.0,0.0,0.0,0.0
B9c7316197915,Se9ae4c661219,front,4.0,focus,1.0,0.0,1.0,0.0,0.0,1.0,0.0,0.0,0.0,0.0,1.0,0.0,0.0,0.0,0.0,0.0
B9c7316197915,Se9ae4c661219,front,5.0,focus,1.0,0.0,1.0,0.0,0.0,1.0,0.0,0.0,0.0,0.0,1.0,0.0,0.0,0.0,0.0,0.0
B9c7316197915,Se9ae4c661219,front,6.0,focus,1.0,0.0,1.0,0.0,0.0,1.0,0.0,0.0,0.0,0.0,1.0,0.0,0.0,0.0,0.0,0.0
B9c7316197915,Se9ae4c661219,front,7.0,focus,1.0,0.0,1.0,0.0,0.0,1.0,0.0,0.0,0.0,0.0,1.0,0.0,0.0,0.0,0.0,0.0
B9c7316197915,Se9ae4c661219,front,8.0,focus,1.0,0.0,1.0,0.0,0.0,1.0,0.0,0.0,0.0,0.0,1.0,0.0,0.0,0.0,0.0,0.0
B9c7316197915,Se9ae4c661219,front,9.0,focus,1.0,0.0,1.0,0.0,0.0,1.0,0.0,0.0,0.0,0.0,1.0,0.0,0.0,0.0,0.0,0.0
B9c7316197915,Se9ae4c661219,overhead,0.0,focus,0.0,1.0,0.0,0.0,0.0,0.0,0.0,0.0,0.0,0.0,0.0,0.0,0.0,0.0,0.0,0.0
B9c7316197915,Se9ae4c661219,overhead,1.0,focus,0.0,1.0,0.0,0.0,0.0,0.0,0.0,0.0,0.0,0.0,0.0,0.0,0.0,0.0,0.0,0.0
B9c7316197915,Se9ae4c661219,overhead,2.0,focus,0.0,1.0,0.0,0.0,0.0,0.0,0.0,0.0,0.0,0.0,0.0,0.0,0.0,0.0,0.0,0.0
B9c7316197915,Se9ae4c661219,overhead,3.0,focus,0.0,1.0,0.0,0.0,0.0,0.0,0.0,0.0,0.0,0.0,0.0,0.0,0.0,0.0,0.0,0.0
B9c7316197915,Se9ae4c661219,overhead,4.0,focus,0.0,1.0,0.0,0.0,0.0,0.0,0.0,0.0,0.0,0.0,0.0,0.0,0.0,0.0,0.0,0.0
B9c7316197915,Se9ae4c661219,overhead,5.0,focus,0.0,1.0,0.0,0.0,0.0,0.0,0.0,0.0,0.0,0.0,0.0,0.0,0.0,0.0,0.0,0.0
B9c7316197915,Se9ae4c661219,overhead,6.0,focus,0.0,1.0,0.0,0.0,0.0,0.0,0.0,0.0,0.0,0.0,0.0,0.0,0.0,0.0,0.0,0.0
B9c7316197915,Se9ae4c661219,overhead,7.0,focus,0.0,1.0,0.0,0.0,0.0,0.0,0.0,0.0,0.0,0.0,0.0,0.0,0.0,0.0,0.0,0.0
B9c7316197915,Se9ae4c661219,overhead,8.0,focus,0.0,1.0,0.0,0.0,0.0,0.0,0.0,0.0,0.0,0.0,0.0,0.0,0.0,0.0,0.0,0.0
B9c7316197915,Se9ae4c661219,overhead,9.0,focus,0.0,1.0,0.0,0.0,0.0,0.0,0.0,0.0,0.0,0.0,0.0,0.0,0.0,0.0,0.0,0.0
B9e0694cd02aa,S8bb31e565816,front,0.0,focus,1.0,0.0,1.0,0.0,0.0,0.0,0.0,0.0,0.0,0.0,0.0,0.0,0.0,0.0,0.0,0.0
B9e0694cd02aa,S8bb31e565816,front,1.0,focus,1.0,0.0,1.0,0.0,0.0,0.0,0.0,0.0,0.0,0.0,0.0,0.0,0.0,0.0,0.0,0.0
B9e0694cd02aa,S8bb31e565816,front,2.0,focus,1.0,0.0,1.0,0.0,0.0,0.0,0.0,0.0,0.0,0.0,0.0,0.0,0.0,0.0,0.0,0.0
B9e0694cd02aa,S8bb31e565816,front,3.0,focus,1.0,0.0,1.0,0.0,0.0,0.0,0.0,0.0,0.0,0.0,0.0,0.0,0.0,0.0,0.0,0.0
B9e0694cd02aa,S8bb31e565816,front,4.0,focus,1.0,0.0,1.0,0.0,0.0,0.0,0.0,0.0,0.0,0.0,0.0,0.0,0.0,0.0,0.0,0.0
B9e0694cd02aa,S8bb31e565816,front,5.0,focus,1.0,0.0,1.0,0.0,0.0,0.0,0.0,0.0,0.0,0.0,0.0,0.0,0.0,0.0,0.0,0.0
B9e0694cd02aa,S8bb31e565816,front,6.0,focus,1.0,0.0,1.0,0.0,0.0,0.0,0.0,0.0,0.0,0.0,0.0,0.0,0.0,0.0,0.0,0.0
B9e0694cd02aa,S8bb31e565816,front,7.0,focus,1.0,0.0,1.0,0.0,0.0,0.0,1.0,0.0,0.0,0.0,0.0,0.0,0.0,0.0,0.0,0.0
B9e0694cd02aa,S8bb31e565816,front,8.0,focus,1.0,0.0,1.0,0.0,0.0,0.0,1.0,0.0,0.0,0.0,0.0,0.0,0.0,0.0,0.0,0.0
B9e0694cd02aa,S8bb31e565816,front,9.0,focus,1.0,0.0,1.0,0.0,0.0,0.0,1.0,0.0,0.0,0.0,0.0,0.0,0.0,0.0,0.0,0.0
B9e0694cd02aa,S8bb31e565816,overhead,0.0,focus,0.0,1.0,0.0,0.0,0.0,0.0,0.0,0.0,0.0,0.0,0.0,0.0,0.0,0.0,0.0,0.0
B9e0694cd02aa,S8bb31e565816,overhead,1.0,focus,0.0,1.0,0.0,0.0,0.0,0.0,0.0,0.0,0.0,0.0,0.0,0.0,0.0,0.0,0.0,0.0
B9e0694cd02aa,S8bb31e565816,overhead,2.0,focus,0.0,1.0,0.0,0.0,0.0,0.0,0.0,0.0,0.0,0.0,0.0,0.0,0.0,0.0,0.0,0.0
B9e0694cd02aa,S8bb31e565816,overhead,3.0,focus,0.0,1.0,0.0,0.0,0.0,0.0,0.0,0.0,0.0,0.0,0.0,0.0,0.0,0.0,0.0,0.0
B9e0694cd02aa,S8bb31e565816,overhead,4.0,focus,0.0,1.0,0.0,0.0,0.0,0.0,0.0,0.0,0.0,0.0,0.0,0.0,0.0,0.0,0.0,0.0
B9e0694cd02aa,S8bb31e565816,overhead,5.0,focus,0.0,1.0,0.0,0.0,0.0,0.0,0.0,0.0,0.0,0.0,0.0,0.0,0.0,0.0,0.0,0.0
B9e0694cd02aa,S8bb31e565816,overhead,6.0,focus,0.0,1.0,0.0,0.0,0.0,0.0,0.0,0.0,0.0,0.0,0.0,0.0,0.0,0.0,0.0,0.0
B9e0694cd02aa,S8bb31e565816,overhead,7.0,focus,0.0,1.0,0.0,0.0,0.0,0.0,0.0,0.0,0.0,0.0,0.0,0.0,0.0,0.0,0.0,0.0
B9e0694cd02aa,S8bb31e565816,overhead,8.0,focus,0.0,1.0,0.0,0.0,0.0,0.0,0.0,0.0,0.0,0.0,0.0,0.0,0.0,0.0,0.0,0.0
B9e0694cd02aa,S8bb31e565816,overhead,9.0,focus,0.0,1.0,0.0,0.0,0.0,0.0,0.0,0.0,0.0,0.0,0.0,0.0,0.0,0.0,0.0,0.0
B9e2276589f19,Sf8cdbc0a93cc,front,0.0,focus,1.0,0.0,1.0,0.0,0.0,0.0,1.0,0.0,0.0,1.0,0.0,0.0,0.0,0.0,0.0,0.0
B9e2276589f19,Sf8cdbc0a93cc,front,1.0,focus,1.0,0.0,1.0,0.0,0.0,0.0,1.0,0.0,0.0,1.0,0.0,0.0,0.0,0.0,0.0,0.0
B9e2276589f19,Sf8cdbc0a93cc,front,2.0,focus,1.0,0.0,1.0,0.0,0.0,0.0,1.0,0.0,0.0,1.0,0.0,0.0,0.0,0.0,0.0,0.0
B9e2276589f19,Sf8cdbc0a93cc,front,3.0,focus,1.0,0.0,1.0,0.0,0.0,0.0,0.0,0.0,0.0,0.0,0.0,0.0,0.0,0.0,0.0,0.0
B9e2276589f19,Sf8cdbc0a93cc,front,4.0,focus,1.0,0.0,1.0,0.0,0.0,0.0,0.0,0.0,0.0,0.0,0.0,0.0,0.0,0.0,0.0,0.0
B9e2276589f19,Sf8cdbc0a93cc,front,5.0,focus,1.0,0.0,1.0,0.0,0.0,0.0,0.0,0.0,0.0,0.0,0.0,0.0,0.0,0.0,0.0,0.0
B9e2276589f19,Sf8cdbc0a93cc,front,6.0,focus,1.0,0.0,1.0,0.0,0.0,0.0,0.0,0.0,0.0,0.0,0.0,0.0,0.0,0.0,0.0,0.0
B9e2276589f19,Sf8cdbc0a93cc,front,7.0,focus,1.0,0.0,1.0,0.0,0.0,0.0,0.0,0.0,0.0,0.0,0.0,0.0,0.0,0.0,0.0,0.0
B9e2276589f19,Sf8cdbc0a93cc,front,8.0,focus,1.0,0.0,1.0,0.0,0.0,0.0,0.0,0.0,0.0,0.0,0.0,0.0,0.0,0.0,0.0,0.0
B9e2276589f19,Sf8cdbc0a93cc,front,9.0,focus,1.0,0.0,1.0,0.0,0.0,0.0,0.0,0.0,0.0,0.0,0.0,0.0,0.0,0.0,0.0,0.0
B9e2276589f19,Sf8cdbc0a93cc,overhead,0.0,focus,0.0,1.0,0.0,0.0,0.0,0.0,0.0,0.0,0.0,0.0,0.0,0.0,0.0,0.0,0.0,0.0
B9e2276589f19,Sf8cdbc0a93cc,overhead,1.0,focus,0.0,1.0,0.0,0.0,0.0,0.0,0.0,0.0,0.0,0.0,0.0,0.0,0.0,0.0,0.0,0.0
B9e2276589f19,Sf8cdbc0a93cc,overhead,2.0,focus,0.0,1.0,0.0,0.0,0.0,0.0,0.0,0.0,0.0,0.0,0.0,0.0,0.0,0.0,0.0,0.0
B9e2276589f19,Sf8cdbc0a93cc,overhead,3.0,focus,0.0,1.0,0.0,0.0,0.0,0.0,0.0,0.0,0.0,0.0,0.0,0.0,0.0,0.0,0.0,0.0
B9e2276589f19,Sf8cdbc0a93cc,overhead,4.0,focus,0.0,1.0,0.0,0.0,0.0,0.0,0.0,0.0,0.0,0.0,0.0,0.0,0.0,0.0,0.0,0.0
B9e2276589f19,Sf8cdbc0a93cc,overhead,5.0,focus,0.0,1.0,0.0,0.0,0.0,0.0,0.0,0.0,0.0,0.0,0.0,0.0,0.0,0.0,0.0,0.0
B9e2276589f19,Sf8cdbc0a93cc,overhead,6.0,focus,0.0,1.0,0.0,0.0,0.0,0.0,0.0,0.0,0.0,0.0,0.0,0.0,0.0,0.0,0.0,0.0
B9e2276589f19,Sf8cdbc0a93cc,overhead,7.0,focus,0.0,1.0,0.0,0.0,0.0,0.0,0.0,0.0,0.0,0.0,0.0,0.0,0.0,0.0,0.0,0.0
B9e2276589f19,Sf8cdbc0a93cc,overhead,8.0,focus,0.0,1.0,0.0,0.0,0.0,0.0,0.0,0.0,0.0,0.0,0.0,0.0,0.0,0.0,0.0,0.0
B9e2276589f19,Sf8cdbc0a93cc,overhead,9.0,focus,0.0,1.0,0.0,0.0,0.0,0.0,0.0,0.0,0.0,0.0,0.0,0.0,0.0,0.0,0.0,0.0
B9e30344118af,S8bb31e565816,front,0.0,focus,1.0,0.0,1.0,0.0,0.0,0.0,0.0,0.0,0.0,0.0,0.0,0.0,0.0,0.0,0.0,0.0
B9e30344118af,S8bb31e565816,front,1.0,focus,1.0,0.0,1.0,1.0,0.0,0.0,0.0,0.0,0.0,0.0,0.0,0.0,0.0,0.0,0.0,0.0
B9e30344118af,S8bb31e565816,front,2.0,focus,1.0,0.0,1.0,1.0,0.0,0.0,0.0,0.0,0.0,0.0,0.0,0.0,0.0,0.0,0.0,0.0
B9e30344118af,S8bb31e565816,front,3.0,focus,1.0,0.0,1.0,0.0,0.0,0.0,0.0,0.0,0.0,0.0,0.0,0.0,0.0,0.0,0.0,0.0
B9e30344118af,S8bb31e565816,front,4.0,focus,1.0,0.0,1.0,0.0,0.0,0.0,1.0,0.0,0.0,1.0,0.0,0.0,0.0,0.0,0.0,0.0
B9e30344118af,S8bb31e565816,front,5.0,focus,1.0,0.0,1.0,0.0,0.0,0.0,1.0,0.0,0.0,0.0,0.0,0.0,0.0,0.0,0.0,0.0
B9e30344118af,S8bb31e565816,front,6.0,focus,1.0,0.0,1.0,0.0,0.0,0.0,1.0,0.0,0.0,0.0,0.0,0.0,0.0,0.0,0.0,0.0
B9e30344118af,S8bb31e565816,front,7.0,focus,1.0,0.0,1.0,0.0,0.0,0.0,0.0,0.0,0.0,0.0,0.0,0.0,0.0,0.0,0.0,0.0
B9e30344118af,S8bb31e565816,front,8.0,focus,1.0,0.0,1.0,0.0,0.0,0.0,1.0,1.0,0.0,0.0,0.0,0.0,0.0,0.0,0.0,0.0
B9e30344118af,S8bb31e565816,front,9.0,focus,1.0,0.0,1.0,0.0,0.0,0.0,0.0,0.0,0.0,0.0,0.0,0.0,0.0,0.0,0.0,0.0
B9e30344118af,S8bb31e565816,overhead,0.0,focus,0.0,1.0,0.0,0.0,0.0,0.0,0.0,0.0,0.0,0.0,0.0,0.0,0.0,0.0,0.0,0.0
B9e30344118af,S8bb31e565816,overhead,1.0,focus,0.0,1.0,0.0,0.0,0.0,0.0,0.0,0.0,0.0,0.0,0.0,0.0,0.0,0.0,0.0,0.0
B9e30344118af,S8bb31e565816,overhead,2.0,focus,0.0,1.0,0.0,0.0,0.0,0.0,0.0,0.0,0.0,0.0,0.0,0.0,0.0,0.0,0.0,0.0
B9e30344118af,S8bb31e565816,overhead,3.0,focus,0.0,1.0,0.0,0.0,0.0,0.0,0.0,0.0,0.0,0.0,0.0,0.0,0.0,0.0,0.0,0.0
B9e30344118af,S8bb31e565816,overhead,4.0,focus,0.0,1.0,0.0,0.0,0.0,0.0,0.0,0.0,0.0,0.0,0.0,0.0,0.0,0.0,0.0,0.0
B9e30344118af,S8bb31e565816,overhead,5.0,focus,0.0,1.0,0.0,0.0,0.0,0.0,0.0,0.0,0.0,0.0,0.0,0.0,0.0,0.0,0.0,0.0
B9e30344118af,S8bb31e565816,overhead,6.0,focus,0.0,1.0,0.0,0.0,0.0,0.0,0.0,0.0,0.0,0.0,0.0,0.0,0.0,0.0,0.0,0.0
B9e30344118af,S8bb31e565816,overhead,7.0,focus,0.0,1.0,0.0,0.0,0.0,0.0,0.0,0.0,0.0,0.0,0.0,0.0,0.0,0.0,0.0,0.0
B9e30344118af,S8bb31e565816,overhead,8.0,focus,0.0,1.0,0.0,0.0,0.0,0.0,0.0,0.0,0.0,0.0,0.0,0.0,0.0,0.0,0.0,0.0
B9e30344118af,S8bb31e565816,overhead,9.0,focus,0.0,1.0,0.0,0.0,0.0,0.0,0.0,0.0,0.0,0.0,0.0,0.0,0.0,0.0,0.0,0.0
B9e6e29b4f61a,S38533928bb7e,front,370.0,focus,1.0,0.0,1.0,0.0,0.0,0.0,0.0,0.0,0.0,0.0,0.0,0.0,0.0,0.0,0.0,0.0
B9e6e29b4f61a,S38533928bb7e,front,371.0,focus,1.0,0.0,0.0,0.0,0.0,0.0,0.0,0.0,0.0,0.0,0.0,0.0,0.0,0.0,0.0,1.0
B9e6e29b4f61a,S38533928bb7e,front,372.0,focus,1.0,0.0,1.0,1.0,0.0,0.0,0.0,0.0,0.0,0.0,0.0,0.0,0.0,0.0,0.0,0.0
B9e6e29b4f61a,S38533928bb7e,front,373.0,focus,1.0,0.0,1.0,1.0,0.0,0.0,0.0,0.0,0.0,0.0,0.0,0.0,0.0,0.0,0.0,0.0
B9e6e29b4f61a,S38533928bb7e,front,374.0,focus,1.0,0.0,1.0,0.0,0.0,0.0,0.0,0.0,0.0,0.0,0.0,0.0,0.0,0.0,0.0,0.0
B9e6e29b4f61a,S38533928bb7e,front,375.0,focus,1.0,0.0,1.0,0.0,0.0,0.0,0.0,0.0,0.0,0.0,1.0,0.0,0.0,0.0,0.0,0.0
B9e6e29b4f61a,S38533928bb7e,overhead,370.0,focus,0.0,1.0,0.0,0.0,0.0,1.0,0.0,0.0,0.0,0.0,1.0,0.0,0.0,0.0,0.0,0.0
B9e6e29b4f61a,S38533928bb7e,overhead,371.0,focus,0.0,1.0,0.0,0.0,0.0,0.0,0.0,0.0,0.0,0.0,0.0,0.0,0.0,0.0,0.0,0.0
B9e6e29b4f61a,S38533928bb7e,overhead,372.0,focus,0.0,1.0,0.0,0.0,0.0,0.0,0.0,0.0,0.0,0.0,0.0,0.0,0.0,0.0,0.0,0.0
B9e6e29b4f61a,S38533928bb7e,overhead,373.0,focus,0.0,1.0,0.0,0.0,0.0,0.0,0.0,0.0,0.0,0.0,0.0,0.0,0.0,0.0,0.0,0.0
B9e6e29b4f61a,S38533928bb7e,overhead,374.0,focus,0.0,1.0,0.0,0.0,0.0,0.0,0.0,0.0,0.0,0.0,0.0,0.0,0.0,0.0,0.0,0.0
B9e6e29b4f61a,S38533928bb7e,overhead,375.0,focus,0.0,1.0,0.0,0.0,0.0,0.0,0.0,0.0,0.0,0.0,0.0,0.0,0.0,0.0,0.0,0.0
Ba082d6cdb22a,Sc17507c06476,front,0.0,focus,1.0,0.0,1.0,0.0,0.0,0.0,0.0,0.0,0.0,0.0,0.0,0.0,0.0,0.0,0.0,0.0
Ba082d6cdb22a,Sc17507c06476,front,1.0,focus,1.0,0.0,1.0,0.0,0.0,0.0,0.0,0.0,0.0,0.0,0.0,0.0,0.0,0.0,0.0,0.0
Ba082d6cdb22a,Sc17507c06476,front,2.0,focus,1.0,0.0,1.0,0.0,0.0,0.0,0.0,0.0,0.0,0.0,0.0,0.0,0.0,0.0,0.0,0.0
Ba082d6cdb22a,Sc17507c06476,front,3.0,focus,1.0,0.0,1.0,0.0,0.0,0.0,0.0,0.0,0.0,0.0,0.0,0.0,0.0,0.0,0.0,0.0
Ba082d6cdb22a,Sc17507c06476,front,4.0,focus,1.0,0.0,1.0,0.0,0.0,0.0,0.0,0.0,0.0,0.0,0.0,0.0,0.0,0.0,0.0,0.0
Ba082d6cdb22a,Sc17507c06476,front,5.0,focus,1.0,0.0,1.0,0.0,0.0,0.0,1.0,1.0,0.0,1.0,0.0,0.0,0.0,0.0,0.0,0.0
Ba082d6cdb22a,Sc17507c06476,front,6.0,focus,1.0,0.0,1.0,0.0,0.0,0.0,0.0,0.0,0.0,0.0,0.0,0.0,0.0,0.0,0.0,0.0
Ba082d6cdb22a,Sc17507c06476,front,7.0,focus,1.0,0.0,1.0,0.0,0.0,0.0,0.0,0.0,0.0,0.0,0.0,0.0,0.0,0.0,0.0,0.0
Ba082d6cdb22a,Sc17507c06476,front,8.0,focus,1.0,0.0,1.0,0.0,0.0,0.0,0.0,0.0,0.0,0.0,0.0,0.0,0.0,0.0,0.0,0.0
Ba082d6cdb22a,Sc17507c06476,front,9.0,focus,1.0,0.0,1.0,0.0,0.0,0.0,0.0,0.0,0.0,0.0,0.0,0.0,0.0,0.0,0.0,0.0
Ba082d6cdb22a,Sc17507c06476,overhead,0.0,focus,0.0,1.0,0.0,0.0,0.0,0.0,0.0,0.0,0.0,0.0,0.0,0.0,0.0,0.0,0.0,0.0
Ba082d6cdb22a,Sc17507c06476,overhead,1.0,focus,0.0,1.0,0.0,0.0,0.0,0.0,0.0,0.0,0.0,0.0,0.0,0.0,0.0,0.0,0.0,0.0
Ba082d6cdb22a,Sc17507c06476,overhead,2.0,focus,0.0,1.0,0.0,0.0,0.0,0.0,0.0,0.0,0.0,0.0,0.0,0.0,0.0,0.0,0.0,0.0
Ba082d6cdb22a,Sc17507c06476,overhead,3.0,focus,0.0,1.0,0.0,0.0,0.0,0.0,0.0,0.0,0.0,0.0,0.0,0.0,0.0,0.0,0.0,0.0
Ba082d6cdb22a,Sc17507c06476,overhead,4.0,focus,0.0,1.0,0.0,0.0,0.0,0.0,0.0,0.0,0.0,0.0,0.0,0.0,0.0,0.0,0.0,0.0
Ba082d6cdb22a,Sc17507c06476,overhead,5.0,focus,0.0,1.0,0.0,0.0,0.0,0.0,0.0,0.0,0.0,0.0,0.0,0.0,0.0,0.0,0.0,0.0
Ba082d6cdb22a,Sc17507c06476,overhead,6.0,focus,0.0,1.0,0.0,0.0,0.0,0.0,0.0,0.0,0.0,0.0,0.0,0.0,0.0,0.0,0.0,0.0
Ba082d6cdb22a,Sc17507c06476,overhead,7.0,focus,0.0,1.0,0.0,0.0,0.0,0.0,0.0,0.0,0.0,0.0,0.0,0.0,0.0,0.0,0.0,0.0
Ba082d6cdb22a,Sc17507c06476,overhead,8.0,focus,0.0,1.0,0.0,0.0,0.0,0.0,0.0,0.0,0.0,0.0,0.0,0.0,0.0,0.0,0.0,0.0
Ba082d6cdb22a,Sc17507c06476,overhead,9.0,focus,0.0,1.0,0.0,0.0,0.0,0.0,0.0,0.0,0.0,0.0,0.0,0.0,0.0,0.0,0.0,0.0
Ba26a8d7667b7,Sb97749af3711,front,0.0,unknown,1.0,0.0,0.0,0.0,0.0,0.0,0.0,0.0,0.0,0.0,0.0,0.0,0.0,0.0,0.0,0.0
Ba26a8d7667b7,Sb97749af3711,front,1.0,unknown,1.0,0.0,0.0,0.0,0.0,0.0,0.0,0.0,0.0,0.0,0.0,0.0,0.0,0.0,0.0,0.0
Ba26a8d7667b7,Sb97749af3711,front,2.0,unknown,1.0,0.0,0.0,0.0,0.0,0.0,0.0,0.0,0.0,0.0,0.0,0.0,0.0,0.0,0.0,0.0
Ba26a8d7667b7,Sb97749af3711,front,3.0,unknown,1.0,0.0,0.0,0.0,0.0,0.0,0.0,0.0,0.0,0.0,0.0,0.0,0.0,0.0,0.0,0.0
Ba26a8d7667b7,Sb97749af3711,front,4.0,unknown,1.0,0.0,0.0,0.0,0.0,0.0,0.0,0.0,0.0,0.0,0.0,0.0,0.0,0.0,0.0,0.0
Ba26a8d7667b7,Sb97749af3711,front,5.0,unknown,1.0,0.0,0.0,0.0,0.0,0.0,0.0,0.0,0.0,0.0,0.0,0.0,0.0,0.0,0.0,0.0
Ba26a8d7667b7,Sb97749af3711,front,6.0,unknown,1.0,0.0,0.0,0.0,0.0,0.0,0.0,0.0,0.0,0.0,0.0,0.0,0.0,0.0,0.0,0.0
Ba26a8d7667b7,Sb97749af3711,front,7.0,unknown,1.0,0.0,0.0,0.0,0.0,0.0,0.0,0.0,0.0,0.0,0.0,0.0,0.0,0.0,0.0,0.0
Ba26a8d7667b7,Sb97749af3711,front,8.0,unknown,1.0,0.0,0.0,0.0,0.0,0.0,0.0,0.0,0.0,0.0,0.0,0.0,0.0,0.0,0.0,0.0
Ba26a8d7667b7,Sb97749af3711,front,9.0,unknown,1.0,0.0,0.0,0.0,0.0,0.0,0.0,0.0,0.0,0.0,0.0,0.0,0.0,0.0,0.0,0.0
Ba26a8d7667b7,Sb97749af3711,overhead,0.0,unknown,0.0,1.0,0.0,0.0,0.0,0.0,0.0,0.0,0.0,0.0,0.0,0.0,0.0,0.0,0.0,0.0
Ba26a8d7667b7,Sb97749af3711,overhead,1.0,unknown,0.0,1.0,0.0,0.0,0.0,0.0,0.0,0.0,0.0,0.0,0.0,0.0,0.0,0.0,0.0,0.0
Ba26a8d7667b7,Sb97749af3711,overhead,2.0,unknown,0.0,1.0,0.0,0.0,0.0,0.0,0.0,0.0,0.0,0.0,0.0,0.0,0.0,0.0,0.0,0.0
Ba26a8d7667b7,Sb97749af3711,overhead,3.0,unknown,0.0,1.0,0.0,0.0,0.0,0.0,0.0,0.0,0.0,0.0,0.0,0.0,0.0,0.0,0.0,0.0
Ba26a8d7667b7,Sb97749af3711,overhead,4.0,unknown,0.0,1.0,0.0,0.0,0.0,0.0,0.0,0.0,0.0,0.0,0.0,0.0,0.0,0.0,0.0,0.0
Ba26a8d7667b7,Sb97749af3711,overhead,5.0,unknown,0.0,1.0,0.0,0.0,0.0,0.0,0.0,0.0,0.0,0.0,0.0,0.0,0.0,0.0,0.0,0.0
Ba26a8d7667b7,Sb97749af3711,overhead,6.0,unknown,0.0,1.0,0.0,0.0,0.0,0.0,0.0,0.0,0.0,0.0,0.0,0.0,0.0,0.0,0.0,0.0
Ba26a8d7667b7,Sb97749af3711,overhead,7.0,unknown,0.0,1.0,0.0,0.0,0.0,0.0,0.0,0.0,0.0,0.0,0.0,0.0,0.0,0.0,0.0,0.0
Ba26a8d7667b7,Sb97749af3711,overhead,8.0,unknown,0.0,1.0,0.0,0.0,0.0,0.0,0.0,0.0,0.0,0.0,0.0,0.0,0.0,0.0,0.0,0.0
Ba26a8d7667b7,Sb97749af3711,overhead,9.0,unknown,0.0,1.0,0.0,0.0,0.0,0.0,0.0,0.0,0.0,0.0,0.0,0.0,0.0,0.0,0.0,0.0
Ba2e73741953d,S08ea3e793bb0,front,0.0,focus,1.0,0.0,1.0,0.0,0.0,0.0,0.0,0.0,0.0,0.0,1.0,0.0,0.0,0.0,0.0,0.0
Ba2e73741953d,S08ea3e793bb0,front,1.0,focus,1.0,0.0,1.0,0.0,0.0,0.0,0.0,0.0,0.0,0.0,1.0,0.0,0.0,0.0,0.0,0.0
Ba2e73741953d,S08ea3e793bb0,front,2.0,focus,1.0,0.0,1.0,0.0,0.0,1.0,0.0,0.0,0.0,0.0,1.0,0.0,0.0,0.0,0.0,0.0
Ba2e73741953d,S08ea3e793bb0,front,3.0,focus,1.0,0.0,1.0,0.0,0.0,1.0,0.0,0.0,0.0,0.0,1.0,0.0,0.0,0.0,0.0,0.0
Ba2e73741953d,S08ea3e793bb0,front,4.0,focus,1.0,0.0,1.0,0.0,0.0,1.0,0.0,0.0,0.0,0.0,1.0,0.0,0.0,0.0,0.0,0.0
Ba2e73741953d,S08ea3e793bb0,front,5.0,focus,1.0,0.0,1.0,0.0,0.0,0.0,0.0,0.0,0.0,0.0,1.0,0.0,0.0,0.0,0.0,0.0
Ba2e73741953d,S08ea3e793bb0,front,6.0,focus,1.0,0.0,1.0,0.0,0.0,1.0,1.0,0.0,0.0,0.0,1.0,0.0,0.0,0.0,0.0,0.0
Ba2e73741953d,S08ea3e793bb0,front,7.0,focus,1.0,0.0,1.0,0.0,0.0,1.0,1.0,0.0,0.0,1.0,1.0,0.0,0.0,0.0,0.0,0.0
Ba2e73741953d,S08ea3e793bb0,front,8.0,focus,1.0,0.0,1.0,0.0,0.0,1.0,0.0,0.0,0.0,0.0,1.0,0.0,0.0,0.0,0.0,0.0
Ba2e73741953d,S08ea3e793bb0,front,9.0,focus,1.0,0.0,1.0,0.0,0.0,1.0,0.0,0.0,0.0,0.0,1.0,0.0,0.0,0.0,0.0,0.0
Ba2e73741953d,S08ea3e793bb0,overhead,0.0,focus,0.0,1.0,0.0,0.0,0.0,0.0,0.0,0.0,0.0,0.0,0.0,0.0,0.0,0.0,0.0,0.0
Ba2e73741953d,S08ea3e793bb0,overhead,1.0,focus,0.0,1.0,0.0,0.0,0.0,0.0,0.0,0.0,0.0,0.0,0.0,0.0,0.0,0.0,0.0,0.0
Ba2e73741953d,S08ea3e793bb0,overhead,2.0,focus,0.0,1.0,0.0,0.0,0.0,0.0,0.0,0.0,0.0,0.0,0.0,0.0,0.0,0.0,0.0,0.0
Ba2e73741953d,S08ea3e793bb0,overhead,3.0,focus,0.0,1.0,0.0,0.0,0.0,0.0,0.0,0.0,0.0,0.0,0.0,0.0,0.0,0.0,0.0,0.0
Ba2e73741953d,S08ea3e793bb0,overhead,4.0,focus,0.0,1.0,0.0,0.0,0.0,0.0,0.0,0.0,0.0,0.0,0.0,0.0,0.0,0.0,0.0,0.0
Ba2e73741953d,S08ea3e793bb0,overhead,5.0,focus,0.0,1.0,0.0,0.0,0.0,0.0,0.0,0.0,0.0,0.0,0.0,0.0,0.0,0.0,0.0,0.0
Ba2e73741953d,S08ea3e793bb0,overhead,6.0,focus,0.0,1.0,0.0,0.0,0.0,0.0,0.0,0.0,0.0,0.0,0.0,0.0,0.0,0.0,0.0,0.0
Ba2e73741953d,S08ea3e793bb0,overhead,7.0,focus,0.0,1.0,0.0,0.0,0.0,0.0,0.0,0.0,0.0,0.0,0.0,0.0,0.0,0.0,0.0,0.0
Ba2e73741953d,S08ea3e793bb0,overhead,8.0,focus,0.0,1.0,0.0,0.0,0.0,0.0,0.0,0.0,0.0,0.0,0.0,0.0,0.0,0.0,0.0,0.0
Ba2e73741953d,S08ea3e793bb0,overhead,9.0,focus,0.0,1.0,0.0,0.0,0.0,0.0,0.0,0.0,0.0,0.0,1.0,0.0,0.0,0.0,0.0,0.0
Ba49a423cbabe,S38533928bb7e,front,2803.0,gaze_down,1.0,0.0,1.0,0.0,0.0,0.0,1.0,0.0,1.0,1.0,0.0,1.0,0.0,0.0,0.0,0.0
Ba49a423cbabe,S38533928bb7e,front,2804.0,gaze_down,1.0,0.0,1.0,0.0,0.0,0.0,1.0,0.0,1.0,1.0,0.0,1.0,0.0,0.0,0.0,0.0
Ba49a423cbabe,S38533928bb7e,front,2805.0,gaze_down,1.0,0.0,1.0,0.0,0.0,0.0,1.0,0.0,1.0,1.0,0.0,1.0,0.0,0.0,0.0,0.0
Ba49a423cbabe,S38533928bb7e,front,2806.0,gaze_down,1.0,0.0,1.0,0.0,0.0,0.0,1.0,0.0,1.0,1.0,0.0,1.0,0.0,0.0,0.0,0.0
Ba49a423cbabe,S38533928bb7e,front,2807.0,gaze_down,1.0,0.0,1.0,0.0,0.0,0.0,1.0,0.0,1.0,1.0,0.0,1.0,0.0,0.0,0.0,0.0
Ba49a423cbabe,S38533928bb7e,front,2808.0,gaze_down,1.0,0.0,1.0,0.0,0.0,0.0,1.0,0.0,1.0,1.0,0.0,1.0,0.0,0.0,0.0,0.0
Ba49a423cbabe,S38533928bb7e,front,2809.0,gaze_down,1.0,0.0,0.0,0.0,0.0,0.0,0.0,0.0,0.0,0.0,0.0,1.0,0.0,0.0,0.0,1.0
Ba49a423cbabe,S38533928bb7e,front,2810.0,gaze_down,1.0,0.0,1.0,0.0,0.0,1.0,0.0,0.0,0.0,0.0,1.0,0.0,0.0,0.0,0.0,0.0
Ba49a423cbabe,S38533928bb7e,overhead,2803.0,gaze_down,0.0,1.0,0.0,0.0,0.0,1.0,0.0,0.0,0.0,0.0,1.0,0.0,0.0,0.0,0.0,0.0
Ba49a423cbabe,S38533928bb7e,overhead,2804.0,gaze_down,0.0,1.0,0.0,0.0,0.0,1.0,0.0,0.0,0.0,0.0,1.0,0.0,0.0,0.0,0.0,0.0
Ba49a423cbabe,S38533928bb7e,overhead,2805.0,gaze_down,0.0,1.0,0.0,0.0,0.0,1.0,0.0,0.0,0.0,0.0,1.0,0.0,0.0,0.0,0.0,0.0
Ba49a423cbabe,S38533928bb7e,overhead,2806.0,gaze_down,0.0,1.0,0.0,0.0,0.0,1.0,0.0,0.0,0.0,0.0,1.0,0.0,0.0,0.0,0.0,0.0
Ba49a423cbabe,S38533928bb7e,overhead,2807.0,gaze_down,0.0,1.0,0.0,0.0,0.0,1.0,0.0,0.0,0.0,0.0,1.0,0.0,0.0,0.0,0.0,0.0
Ba49a423cbabe,S38533928bb7e,overhead,2808.0,gaze_down,0.0,1.0,0.0,0.0,0.0,1.0,0.0,0.0,0.0,0.0,1.0,0.0,0.0,0.0,0.0,0.0
Ba49a423cbabe,S38533928bb7e,overhead,2809.0,gaze_down,0.0,1.0,0.0,0.0,0.0,0.0,0.0,0.0,0.0,0.0,0.0,0.0,0.0,0.0,0.0,0.0
Ba49a423cbabe,S38533928bb7e,overhead,2810.0,gaze_down,0.0,1.0,0.0,0.0,0.0,0.0,0.0,0.0,0.0,0.0,0.0,0.0,0.0,0.0,0.0,0.0
Ba5750b2442c4,S38533928bb7e,front,1583.0,gaze_side,1.0,0.0,1.0,1.0,0.0,0.0,0.0,0.0,0.0,0.0,0.0,0.0,0.0,0.0,0.0,0.0
Ba5750b2442c4,S38533928bb7e,front,1584.0,gaze_side,1.0,0.0,1.0,1.0,0.0,0.0,0.0,0.0,0.0,0.0,0.0,0.0,0.0,0.0,0.0,0.0
Ba5750b2442c4,S38533928bb7e,front,1585.0,gaze_side,1.0,0.0,1.0,1.0,0.0,0.0,0.0,0.0,0.0,0.0,0.0,0.0,0.0,0.0,0.0,0.0
Ba5750b2442c4,S38533928bb7e,front,1586.0,gaze_side,1.0,0.0,0.0,0.0,0.0,0.0,0.0,0.0,0.0,0.0,0.0,0.0,0.0,0.0,0.0,0.0
Ba5750b2442c4,S38533928bb7e,front,1587.0,gaze_side,1.0,0.0,0.0,0.0,0.0,1.0,0.0,0.0,0.0,0.0,1.0,0.0,0.0,0.0,0.0,0.0
Ba5750b2442c4,S38533928bb7e,overhead,1583.0,gaze_side,0.0,1.0,0.0,0.0,0.0,0.0,0.0,0.0,0.0,0.0,0.0,0.0,0.0,0.0,0.0,0.0
Ba5750b2442c4,S38533928bb7e,overhead,1584.0,gaze_side,0.0,1.0,0.0,0.0,0.0,0.0,0.0,0.0,0.0,0.0,0.0,0.0,0.0,0.0,0.0,0.0
Ba5750b2442c4,S38533928bb7e,overhead,1585.0,gaze_side,0.0,1.0,0.0,0.0,0.0,0.0,0.0,0.0,0.0,0.0,0.0,0.0,0.0,0.0,0.0,0.0
Ba5750b2442c4,S38533928bb7e,overhead,1586.0,gaze_side,0.0,1.0,0.0,0.0,0.0,0.0,0.0,0.0,0.0,0.0,0.0,0.0,0.0,0.0,0.0,0.0
Ba5750b2442c4,S38533928bb7e,overhead,1587.0,gaze_side,0.0,1.0,0.0,0.0,0.0,0.0,0.0,0.0,0.0,0.0,0.0,0.0,0.0,0.0,0.0,0.0
Ba5cb0c2db79c,S41983e9ca40a,front,0.0,unknown,1.0,0.0,0.0,0.0,0.0,0.0,0.0,0.0,0.0,0.0,0.0,0.0,0.0,0.0,0.0,0.0
Ba5cb0c2db79c,S41983e9ca40a,front,1.0,unknown,1.0,0.0,0.0,0.0,0.0,0.0,0.0,0.0,0.0,0.0,0.0,0.0,0.0,0.0,0.0,0.0
Ba5cb0c2db79c,S41983e9ca40a,front,2.0,unknown,1.0,0.0,0.0,0.0,0.0,0.0,0.0,0.0,0.0,0.0,0.0,0.0,0.0,0.0,0.0,0.0
Ba5cb0c2db79c,S41983e9ca40a,front,3.0,unknown,1.0,0.0,0.0,0.0,0.0,0.0,0.0,0.0,0.0,0.0,0.0,0.0,0.0,0.0,0.0,0.0
Ba5cb0c2db79c,S41983e9ca40a,front,4.0,unknown,1.0,0.0,0.0,0.0,0.0,0.0,0.0,0.0,0.0,0.0,0.0,0.0,0.0,0.0,0.0,0.0
Ba5cb0c2db79c,S41983e9ca40a,front,5.0,unknown,1.0,0.0,0.0,0.0,0.0,0.0,0.0,0.0,0.0,0.0,0.0,0.0,0.0,0.0,0.0,0.0
Ba5cb0c2db79c,S41983e9ca40a,front,6.0,unknown,1.0,0.0,0.0,0.0,0.0,0.0,0.0,0.0,0.0,0.0,0.0,0.0,0.0,0.0,0.0,0.0
Ba5cb0c2db79c,S41983e9ca40a,front,7.0,unknown,1.0,0.0,0.0,0.0,0.0,0.0,0.0,0.0,0.0,0.0,0.0,0.0,0.0,0.0,0.0,0.0
Ba5cb0c2db79c,S41983e9ca40a,front,8.0,unknown,1.0,0.0,0.0,0.0,0.0,0.0,0.0,0.0,0.0,0.0,0.0,0.0,0.0,0.0,0.0,0.0
Ba5cb0c2db79c,S41983e9ca40a,front,9.0,unknown,1.0,0.0,0.0,0.0,0.0,0.0,0.0,0.0,0.0,0.0,0.0,0.0,0.0,0.0,0.0,0.0
Ba5cb0c2db79c,S41983e9ca40a,overhead,0.0,unknown,0.0,1.0,0.0,0.0,0.0,0.0,0.0,0.0,0.0,0.0,0.0,0.0,0.0,0.0,0.0,0.0
Ba5cb0c2db79c,S41983e9ca40a,overhead,1.0,unknown,0.0,1.0,0.0,0.0,0.0,0.0,0.0,0.0,0.0,0.0,0.0,0.0,0.0,0.0,0.0,0.0
Ba5cb0c2db79c,S41983e9ca40a,overhead,2.0,unknown,0.0,1.0,0.0,0.0,0.0,0.0,0.0,0.0,0.0,0.0,0.0,0.0,0.0,0.0,0.0,0.0
Ba5cb0c2db79c,S41983e9ca40a,overhead,3.0,unknown,0.0,1.0,0.0,0.0,0.0,0.0,0.0,0.0,0.0,0.0,0.0,0.0,0.0,0.0,0.0,0.0
Ba5cb0c2db79c,S41983e9ca40a,overhead,4.0,unknown,0.0,1.0,0.0,0.0,0.0,0.0,0.0,0.0,0.0,0.0,0.0,0.0,0.0,0.0,0.0,0.0
Ba5cb0c2db79c,S41983e9ca40a,overhead,5.0,unknown,0.0,1.0,0.0,0.0,0.0,0.0,0.0,0.0,0.0,0.0,0.0,0.0,0.0,0.0,0.0,0.0
Ba5cb0c2db79c,S41983e9ca40a,overhead,6.0,unknown,0.0,1.0,0.0,0.0,0.0,0.0,0.0,0.0,0.0,0.0,0.0,0.0,0.0,0.0,0.0,0.0
Ba5cb0c2db79c,S41983e9ca40a,overhead,7.0,unknown,0.0,1.0,0.0,0.0,0.0,0.0,0.0,0.0,0.0,0.0,0.0,0.0,0.0,0.0,0.0,0.0
Ba5cb0c2db79c,S41983e9ca40a,overhead,8.0,unknown,0.0,1.0,0.0,0.0,0.0,0.0,0.0,0.0,0.0,0.0,0.0,0.0,0.0,0.0,0.0,0.0
Ba5cb0c2db79c,S41983e9ca40a,overhead,9.0,unknown,0.0,1.0,0.0,0.0,0.0,0.0,0.0,0.0,0.0,0.0,0.0,0.0,0.0,0.0,0.0,0.0
Ba9b778347e03,Se9ae4c661219,front,0.0,focus,1.0,0.0,1.0,0.0,0.0,0.0,1.0,0.0,0.0,1.0,1.0,0.0,0.0,0.0,0.0,0.0
Ba9b778347e03,Se9ae4c661219,front,1.0,focus,1.0,0.0,1.0,0.0,0.0,0.0,1.0,0.0,0.0,1.0,1.0,0.0,0.0,0.0,0.0,0.0
Ba9b778347e03,Se9ae4c661219,front,2.0,focus,1.0,0.0,1.0,0.0,0.0,0.0,1.0,0.0,0.0,1.0,1.0,0.0,0.0,0.0,0.0,0.0
Ba9b778347e03,Se9ae4c661219,front,3.0,focus,1.0,0.0,0.0,0.0,0.0,0.0,0.0,0.0,0.0,0.0,0.0,1.0,0.0,0.0,0.0,1.0
Ba9b778347e03,Se9ae4c661219,front,4.0,focus,1.0,0.0,0.0,0.0,0.0,0.0,0.0,0.0,0.0,0.0,1.0,1.0,0.0,0.0,0.0,1.0
Ba9b778347e03,Se9ae4c661219,front,5.0,focus,1.0,0.0,1.0,0.0,0.0,0.0,0.0,0.0,0.0,0.0,1.0,0.0,0.0,0.0,0.0,0.0
Ba9b778347e03,Se9ae4c661219,front,6.0,focus,1.0,0.0,0.0,0.0,0.0,0.0,0.0,0.0,0.0,0.0,0.0,1.0,0.0,0.0,0.0,1.0
Ba9b778347e03,Se9ae4c661219,front,7.0,focus,1.0,0.0,0.0,0.0,0.0,0.0,0.0,0.0,0.0,0.0,0.0,1.0,0.0,0.0,0.0,1.0
Ba9b778347e03,Se9ae4c661219,front,8.0,focus,1.0,0.0,0.0,0.0,0.0,0.0,0.0,0.0,0.0,0.0,0.0,1.0,0.0,0.0,0.0,1.0
Ba9b778347e03,Se9ae4c661219,front,9.0,focus,1.0,0.0,0.0,0.0,0.0,0.0,0.0,0.0,0.0,0.0,0.0,1.0,0.0,0.0,0.0,1.0
Ba9b778347e03,Se9ae4c661219,overhead,0.0,focus,0.0,1.0,0.0,0.0,0.0,0.0,0.0,0.0,0.0,0.0,0.0,0.0,0.0,0.0,0.0,0.0
Ba9b778347e03,Se9ae4c661219,overhead,1.0,focus,0.0,1.0,0.0,0.0,0.0,0.0,0.0,0.0,0.0,0.0,0.0,0.0,0.0,0.0,0.0,0.0
Ba9b778347e03,Se9ae4c661219,overhead,2.0,focus,0.0,1.0,0.0,0.0,0.0,0.0,0.0,0.0,0.0,0.0,0.0,0.0,0.0,0.0,0.0,0.0
Ba9b778347e03,Se9ae4c661219,overhead,3.0,focus,0.0,1.0,0.0,0.0,0.0,0.0,0.0,0.0,0.0,0.0,0.0,0.0,0.0,0.0,0.0,0.0
Ba9b778347e03,Se9ae4c661219,overhead,4.0,focus,0.0,1.0,0.0,0.0,0.0,0.0,0.0,0.0,0.0,0.0,0.0,0.0,0.0,0.0,0.0,0.0
Ba9b778347e03,Se9ae4c661219,overhead,5.0,focus,0.0,1.0,0.0,0.0,0.0,0.0,0.0,0.0,0.0,0.0,0.0,0.0,0.0,0.0,0.0,0.0
Ba9b778347e03,Se9ae4c661219,overhead,6.0,focus,0.0,1.0,0.0,0.0,0.0,0.0,0.0,0.0,0.0,0.0,0.0,0.0,0.0,0.0,0.0,0.0
Ba9b778347e03,Se9ae4c661219,overhead,7.0,focus,0.0,1.0,0.0,0.0,0.0,0.0,0.0,0.0,0.0,0.0,0.0,0.0,0.0,0.0,0.0,0.0
Ba9b778347e03,Se9ae4c661219,overhead,8.0,focus,0.0,1.0,0.0,0.0,0.0,0.0,0.0,0.0,0.0,0.0,0.0,0.0,0.0,0.0,0.0,0.0
Ba9b778347e03,Se9ae4c661219,overhead,9.0,focus,0.0,1.0,0.0,0.0,0.0,0.0,0.0,0.0,0.0,0.0,0.0,0.0,0.0,0.0,0.0,0.0
Baa6437970846,S38533928bb7e,front,677.0,gaze_down,1.0,0.0,1.0,0.0,0.0,0.0,1.0,0.0,1.0,1.0,0.0,1.0,0.0,0.0,0.0,0.0
Baa6437970846,S38533928bb7e,front,678.0,gaze_down,1.0,0.0,1.0,0.0,0.0,0.0,1.0,0.0,1.0,1.0,0.0,1.0,0.0,0.0,0.0,0.0
Baa6437970846,S38533928bb7e,front,679.0,gaze_down,1.0,0.0,1.0,0.0,0.0,0.0,1.0,0.0,1.0,1.0,0.0,1.0,0.0,0.0,0.0,0.0
Baa6437970846,S38533928bb7e,front,680.0,gaze_down,1.0,0.0,1.0,0.0,0.0,0.0,1.0,0.0,1.0,1.0,0.0,1.0,0.0,0.0,0.0,0.0
Baa6437970846,S38533928bb7e,front,681.0,gaze_down,1.0,0.0,1.0,0.0,0.0,0.0,1.0,0.0,1.0,1.0,0.0,1.0,0.0,0.0,0.0,0.0
Baa6437970846,S38533928bb7e,front,682.0,gaze_down,1.0,0.0,1.0,0.0,0.0,0.0,1.0,0.0,1.0,1.0,0.0,1.0,0.0,0.0,0.0,0.0
Baa6437970846,S38533928bb7e,front,683.0,gaze_down,1.0,0.0,1.0,0.0,0.0,0.0,1.0,0.0,1.0,1.0,0.0,1.0,0.0,0.0,0.0,0.0
Baa6437970846,S38533928bb7e,front,684.0,gaze_down,1.0,0.0,1.0,0.0,0.0,0.0,1.0,0.0,1.0,1.0,0.0,1.0,0.0,0.0,0.0,0.0
Baa6437970846,S38533928bb7e,front,685.0,gaze_down,1.0,0.0,1.0,0.0,0.0,0.0,1.0,0.0,1.0,1.0,0.0,1.0,0.0,0.0,0.0,0.0
Baa6437970846,S38533928bb7e,front,686.0,gaze_down,1.0,0.0,1.0,0.0,0.0,0.0,1.0,0.0,1.0,1.0,0.0,1.0,0.0,0.0,0.0,0.0
Baa6437970846,S38533928bb7e,overhead,677.0,gaze_down,0.0,1.0,0.0,0.0,0.0,1.0,0.0,0.0,0.0,0.0,1.0,0.0,0.0,0.0,0.0,0.0
Baa6437970846,S38533928bb7e,overhead,678.0,gaze_down,0.0,1.0,0.0,0.0,0.0,1.0,0.0,0.0,0.0,0.0,1.0,0.0,0.0,0.0,0.0,0.0
Baa6437970846,S38533928bb7e,overhead,679.0,gaze_down,0.0,1.0,0.0,0.0,0.0,1.0,0.0,0.0,0.0,0.0,1.0,0.0,0.0,0.0,0.0,0.0
Baa6437970846,S38533928bb7e,overhead,680.0,gaze_down,0.0,1.0,0.0,0.0,0.0,0.0,0.0,0.0,0.0,0.0,0.0,0.0,0.0,0.0,0.0,0.0
Baa6437970846,S38533928bb7e,overhead,681.0,gaze_down,0.0,1.0,0.0,0.0,0.0,0.0,0.0,0.0,0.0,0.0,0.0,0.0,0.0,0.0,0.0,0.0
Baa6437970846,S38533928bb7e,overhead,682.0,gaze_down,0.0,1.0,0.0,0.0,0.0,1.0,0.0,0.0,0.0,0.0,1.0,0.0,0.0,0.0,0.0,0.0
Baa6437970846,S38533928bb7e,overhead,683.0,gaze_down,0.0,1.0,0.0,0.0,0.0,1.0,0.0,0.0,0.0,0.0,1.0,0.0,0.0,0.0,0.0,0.0
Baa6437970846,S38533928bb7e,overhead,684.0,gaze_down,0.0,1.0,0.0,0.0,0.0,1.0,0.0,0.0,0.0,0.0,1.0,0.0,0.0,0.0,0.0,0.0
Baa6437970846,S38533928bb7e,overhead,685.0,gaze_down,0.0,1.0,0.0,0.0,0.0,0.0,0.0,0.0,0.0,0.0,0.0,0.0,0.0,0.0,0.0,0.0
Baa6437970846,S38533928bb7e,overhead,686.0,gaze_down,0.0,1.0,0.0,0.0,0.0,1.0,0.0,0.0,0.0,0.0,1.0,0.0,0.0,0.0,0.0,0.0
Baa9fc2bb117a,Sf8cdbc0a93cc,front,0.0,focus,1.0,0.0,1.0,0.0,0.0,0.0,0.0,0.0,0.0,0.0,0.0,0.0,0.0,0.0,0.0,0.0
Baa9fc2bb117a,Sf8cdbc0a93cc,front,1.0,focus,1.0,0.0,1.0,0.0,0.0,0.0,0.0,0.0,0.0,0.0,0.0,0.0,0.0,0.0,0.0,0.0
Baa9fc2bb117a,Sf8cdbc0a93cc,front,2.0,focus,1.0,0.0,1.0,0.0,0.0,0.0,0.0,0.0,0.0,0.0,0.0,0.0,0.0,0.0,0.0,0.0
Baa9fc2bb117a,Sf8cdbc0a93cc,front,3.0,focus,1.0,0.0,1.0,0.0,0.0,0.0,1.0,0.0,0.0,1.0,0.0,0.0,0.0,0.0,0.0,0.0
Baa9fc2bb117a,Sf8cdbc0a93cc,front,4.0,focus,1.0,0.0,1.0,0.0,0.0,0.0,1.0,0.0,0.0,1.0,0.0,0.0,0.0,0.0,0.0,0.0
Baa9fc2bb117a,Sf8cdbc0a93cc,front,5.0,focus,1.0,0.0,1.0,0.0,0.0,0.0,0.0,0.0,0.0,0.0,1.0,0.0,0.0,0.0,0.0,0.0
Baa9fc2bb117a,Sf8cdbc0a93cc,front,6.0,focus,1.0,0.0,1.0,0.0,0.0,0.0,0.0,0.0,0.0,0.0,0.0,0.0,0.0,0.0,0.0,0.0
Baa9fc2bb117a,Sf8cdbc0a93cc,front,7.0,focus,1.0,0.0,1.0,0.0,0.0,0.0,0.0,0.0,0.0,0.0,0.0,0.0,0.0,0.0,0.0,0.0
Baa9fc2bb117a,Sf8cdbc0a93cc,front,8.0,focus,1.0,0.0,1.0,0.0,0.0,0.0,0.0,0.0,0.0,0.0,0.0,0.0,0.0,0.0,0.0,0.0
Baa9fc2bb117a,Sf8cdbc0a93cc,front,9.0,focus,1.0,0.0,1.0,0.0,0.0,0.0,0.0,0.0,0.0,0.0,1.0,0.0,0.0,0.0,0.0,0.0
Baa9fc2bb117a,Sf8cdbc0a93cc,overhead,0.0,focus,0.0,1.0,0.0,0.0,0.0,0.0,0.0,0.0,0.0,0.0,0.0,0.0,0.0,0.0,0.0,0.0
Baa9fc2bb117a,Sf8cdbc0a93cc,overhead,1.0,focus,0.0,1.0,0.0,0.0,0.0,0.0,0.0,0.0,0.0,0.0,0.0,0.0,0.0,0.0,0.0,0.0
Baa9fc2bb117a,Sf8cdbc0a93cc,overhead,2.0,focus,0.0,1.0,0.0,0.0,0.0,0.0,0.0,0.0,0.0,0.0,0.0,0.0,0.0,0.0,0.0,0.0
Baa9fc2bb117a,Sf8cdbc0a93cc,overhead,3.0,focus,0.0,1.0,0.0,0.0,0.0,0.0,0.0,0.0,0.0,0.0,0.0,0.0,0.0,0.0,0.0,0.0
Baa9fc2bb117a,Sf8cdbc0a93cc,overhead,4.0,focus,0.0,1.0,0.0,0.0,0.0,0.0,0.0,0.0,0.0,0.0,0.0,0.0,0.0,0.0,0.0,0.0
Baa9fc2bb117a,Sf8cdbc0a93cc,overhead,5.0,focus,0.0,1.0,0.0,0.0,0.0,0.0,0.0,0.0,0.0,0.0,0.0,0.0,0.0,0.0,0.0,0.0
Baa9fc2bb117a,Sf8cdbc0a93cc,overhead,6.0,focus,0.0,1.0,0.0,0.0,0.0,0.0,0.0,0.0,0.0,0.0,0.0,0.0,0.0,0.0,0.0,0.0
Baa9fc2bb117a,Sf8cdbc0a93cc,overhead,7.0,focus,0.0,1.0,0.0,0.0,0.0,0.0,0.0,0.0,0.0,0.0,0.0,0.0,0.0,0.0,0.0,0.0
Baa9fc2bb117a,Sf8cdbc0a93cc,overhead,8.0,focus,0.0,1.0,0.0,0.0,0.0,0.0,0.0,0.0,0.0,0.0,0.0,0.0,0.0,0.0,0.0,0.0
Baa9fc2bb117a,Sf8cdbc0a93cc,overhead,9.0,focus,0.0,1.0,0.0,0.0,0.0,0.0,0.0,0.0,0.0,0.0,0.0,0.0,0.0,0.0,0.0,0.0
Bab6a61cb1169,S38533928bb7e,front,2645.0,gaze_down,1.0,0.0,1.0,0.0,0.0,0.0,1.0,0.0,1.0,1.0,0.0,1.0,0.0,0.0,0.0,0.0
Bab6a61cb1169,S38533928bb7e,front,2646.0,gaze_down,1.0,0.0,1.0,0.0,0.0,0.0,1.0,0.0,1.0,1.0,0.0,1.0,0.0,0.0,0.0,0.0
Bab6a61cb1169,S38533928bb7e,front,2647.0,gaze_down,1.0,0.0,1.0,0.0,0.0,0.0,1.0,0.0,1.0,1.0,0.0,1.0,0.0,0.0,0.0,0.0
Bab6a61cb1169,S38533928bb7e,front,2648.0,gaze_down,1.0,0.0,1.0,0.0,0.0,0.0,1.0,0.0,1.0,1.0,1.0,1.0,0.0,0.0,0.0,0.0
Bab6a61cb1169,S38533928bb7e,front,2649.0,gaze_down,1.0,0.0,1.0,0.0,0.0,0.0,1.0,0.0,1.0,1.0,0.0,1.0,0.0,0.0,0.0,0.0
Bab6a61cb1169,S38533928bb7e,front,2650.0,gaze_down,1.0,0.0,1.0,0.0,0.0,0.0,1.0,0.0,1.0,1.0,1.0,1.0,0.0,0.0,0.0,0.0
Bab6a61cb1169,S38533928bb7e,front,2651.0,gaze_down,1.0,0.0,1.0,0.0,0.0,0.0,1.0,0.0,1.0,1.0,0.0,1.0,0.0,0.0,0.0,0.0
Bab6a61cb1169,S38533928bb7e,front,2652.0,gaze_down,1.0,0.0,1.0,0.0,0.0,0.0,1.0,0.0,1.0,1.0,1.0,1.0,0.0,0.0,0.0,0.0
Bab6a61cb1169,S38533928bb7e,front,2653.0,gaze_down,1.0,0.0,1.0,0.0,0.0,0.0,1.0,0.0,1.0,1.0,0.0,1.0,0.0,0.0,0.0,0.0
Bab6a61cb1169,S38533928bb7e,front,2654.0,gaze_down,1.0,0.0,1.0,0.0,0.0,0.0,1.0,0.0,1.0,1.0,0.0,1.0,0.0,0.0,0.0,0.0
Bab6a61cb1169,S38533928bb7e,overhead,2645.0,gaze_down,0.0,1.0,0.0,0.0,0.0,1.0,0.0,0.0,0.0,0.0,1.0,0.0,0.0,0.0,0.0,0.0
Bab6a61cb1169,S38533928bb7e,overhead,2646.0,gaze_down,0.0,1.0,0.0,0.0,0.0,1.0,0.0,0.0,0.0,0.0,1.0,0.0,0.0,0.0,0.0,0.0
Bab6a61cb1169,S38533928bb7e,overhead,2647.0,gaze_down,0.0,1.0,0.0,0.0,0.0,1.0,0.0,0.0,0.0,0.0,1.0,0.0,0.0,0.0,0.0,0.0
Bab6a61cb1169,S38533928bb7e,overhead,2648.0,gaze_down,0.0,1.0,0.0,0.0,0.0,1.0,0.0,0.0,0.0,0.0,1.0,0.0,0.0,0.0,0.0,0.0
Bab6a61cb1169,S38533928bb7e,overhead,2649.0,gaze_down,0.0,1.0,0.0,0.0,0.0,1.0,0.0,0.0,0.0,0.0,1.0,0.0,0.0,0.0,0.0,0.0
Bab6a61cb1169,S38533928bb7e,overhead,2650.0,gaze_down,0.0,1.0,0.0,0.0,0.0,1.0,0.0,0.0,0.0,0.0,1.0,0.0,0.0,0.0,0.0,0.0
Bab6a61cb1169,S38533928bb7e,overhead,2651.0,gaze_down,0.0,1.0,0.0,0.0,0.0,1.0,0.0,0.0,0.0,0.0,1.0,0.0,0.0,0.0,0.0,0.0
Bab6a61cb1169,S38533928bb7e,overhead,2652.0,gaze_down,0.0,1.0,0.0,0.0,0.0,1.0,0.0,0.0,0.0,0.0,1.0,0.0,0.0,0.0,0.0,0.0
Bab6a61cb1169,S38533928bb7e,overhead,2653.0,gaze_down,0.0,1.0,0.0,0.0,0.0,1.0,0.0,0.0,0.0,0.0,1.0,0.0,0.0,0.0,0.0,0.0
Bab6a61cb1169,S38533928bb7e,overhead,2654.0,gaze_down,0.0,1.0,0.0,0.0,0.0,1.0,0.0,0.0,0.0,0.0,1.0,0.0,0.0,0.0,0.0,0.0
Bababe7127fe5,Se9ae4c661219,front,0.0,focus,1.0,0.0,1.0,0.0,0.0,0.0,0.0,0.0,0.0,0.0,1.0,0.0,0.0,0.0,0.0,0.0
Bababe7127fe5,Se9ae4c661219,front,1.0,focus,1.0,0.0,0.0,0.0,0.0,0.0,0.0,0.0,0.0,0.0,0.0,0.0,0.0,0.0,0.0,1.0
Bababe7127fe5,Se9ae4c661219,front,2.0,focus,1.0,0.0,1.0,0.0,0.0,0.0,0.0,0.0,0.0,0.0,1.0,0.0,0.0,0.0,0.0,0.0
Bababe7127fe5,Se9ae4c661219,front,3.0,focus,1.0,0.0,0.0,0.0,0.0,0.0,0.0,0.0,0.0,0.0,0.0,0.0,0.0,0.0,0.0,1.0
Bababe7127fe5,Se9ae4c661219,front,4.0,focus,1.0,0.0,0.0,0.0,0.0,0.0,0.0,0.0,0.0,0.0,1.0,0.0,0.0,0.0,0.0,1.0
Bababe7127fe5,Se9ae4c661219,front,5.0,focus,1.0,0.0,1.0,0.0,0.0,0.0,0.0,0.0,0.0,0.0,1.0,0.0,0.0,0.0,0.0,0.0
Bababe7127fe5,Se9ae4c661219,front,6.0,focus,1.0,0.0,0.0,0.0,0.0,0.0,0.0,0.0,0.0,0.0,0.0,0.0,0.0,0.0,0.0,1.0
Bababe7127fe5,Se9ae4c661219,front,7.0,focus,1.0,0.0,1.0,0.0,0.0,0.0,0.0,0.0,0.0,0.0,0.0,0.0,0.0,0.0,0.0,0.0
Bababe7127fe5,Se9ae4c661219,front,8.0,focus,1.0,0.0,0.0,0.0,0.0,0.0,0.0,0.0,0.0,0.0,1.0,0.0,0.0,0.0,0.0,1.0
Bababe7127fe5,Se9ae4c661219,front,9.0,focus,1.0,0.0,1.0,0.0,0.0,0.0,0.0,0.0,0.0,0.0,1.0,0.0,0.0,0.0,0.0,0.0
Bababe7127fe5,Se9ae4c661219,overhead,0.0,focus,0.0,1.0,0.0,0.0,0.0,0.0,0.0,0.0,0.0,0.0,0.0,0.0,0.0,0.0,0.0,0.0
Bababe7127fe5,Se9ae4c661219,overhead,1.0,focus,0.0,1.0,0.0,0.0,0.0,0.0,0.0,0.0,0.0,0.0,0.0,0.0,0.0,0.0,0.0,0.0
Bababe7127fe5,Se9ae4c661219,overhead,2.0,focus,0.0,1.0,0.0,0.0,0.0,0.0,0.0,0.0,0.0,0.0,0.0,0.0,0.0,0.0,0.0,0.0
Bababe7127fe5,Se9ae4c661219,overhead,3.0,focus,0.0,1.0,0.0,0.0,0.0,0.0,0.0,0.0,0.0,0.0,0.0,0.0,0.0,0.0,0.0,0.0
Bababe7127fe5,Se9ae4c661219,overhead,4.0,focus,0.0,1.0,0.0,0.0,0.0,0.0,0.0,0.0,0.0,0.0,0.0,0.0,0.0,0.0,0.0,0.0
Bababe7127fe5,Se9ae4c661219,overhead,5.0,focus,0.0,1.0,0.0,0.0,0.0,0.0,0.0,0.0,0.0,0.0,0.0,0.0,0.0,0.0,0.0,0.0
Bababe7127fe5,Se9ae4c661219,overhead,6.0,focus,0.0,1.0,0.0,0.0,0.0,0.0,0.0,0.0,0.0,0.0,0.0,0.0,0.0,0.0,0.0,0.0
Bababe7127fe5,Se9ae4c661219,overhead,7.0,focus,0.0,1.0,0.0,0.0,0.0,0.0,0.0,0.0,0.0,0.0,1.0,0.0,0.0,0.0,0.0,0.0
Bababe7127fe5,Se9ae4c661219,overhead,8.0,focus,0.0,1.0,0.0,0.0,0.0,0.0,0.0,0.0,0.0,0.0,0.0,0.0,0.0,0.0,0.0,0.0
Bababe7127fe5,Se9ae4c661219,overhead,9.0,focus,0.0,1.0,0.0,0.0,0.0,0.0,0.0,0.0,0.0,0.0,1.0,0.0,0.0,0.0,0.0,0.0
Bac72958199f3,S38533928bb7e,front,1448.0,gaze_side,1.0,0.0,1.0,1.0,0.0,0.0,0.0,0.0,0.0,0.0,1.0,0.0,0.0,0.0,0.0,0.0
Bac72958199f3,S38533928bb7e,front,1449.0,gaze_side,1.0,0.0,1.0,1.0,0.0,0.0,0.0,0.0,0.0,0.0,1.0,0.0,0.0,0.0,0.0,0.0
Bac72958199f3,S38533928bb7e,front,1450.0,gaze_side,1.0,0.0,1.0,1.0,0.0,0.0,0.0,0.0,0.0,0.0,1.0,0.0,0.0,0.0,0.0,0.0
Bac72958199f3,S38533928bb7e,front,1451.0,gaze_side,1.0,0.0,1.0,1.0,0.0,0.0,0.0,0.0,0.0,0.0,1.0,0.0,0.0,0.0,0.0,0.0
Bac72958199f3,S38533928bb7e,front,1452.0,gaze_side,1.0,0.0,1.0,1.0,0.0,0.0,0.0,0.0,0.0,0.0,1.0,0.0,0.0,0.0,0.0,0.0
Bac72958199f3,S38533928bb7e,front,1453.0,gaze_side,1.0,0.0,1.0,1.0,0.0,0.0,0.0,0.0,0.0,0.0,1.0,0.0,0.0,0.0,0.0,0.0
Bac72958199f3,S38533928bb7e,front,1454.0,gaze_side,1.0,0.0,1.0,1.0,0.0,0.0,0.0,0.0,0.0,0.0,1.0,0.0,0.0,0.0,0.0,0.0
Bac72958199f3,S38533928bb7e,front,1455.0,gaze_side,1.0,0.0,1.0,1.0,0.0,0.0,0.0,0.0,0.0,0.0,1.0,0.0,0.0,0.0,0.0,0.0
Bac72958199f3,S38533928bb7e,front,1456.0,gaze_side,1.0,0.0,1.0,1.0,0.0,0.0,0.0,0.0,0.0,0.0,1.0,0.0,0.0,0.0,0.0,0.0
Bac72958199f3,S38533928bb7e,front,1457.0,gaze_side,1.0,0.0,1.0,1.0,0.0,0.0,0.0,0.0,0.0,0.0,1.0,0.0,0.0,0.0,0.0,0.0
Bac72958199f3,S38533928bb7e,overhead,1448.0,gaze_side,0.0,1.0,0.0,0.0,0.0,0.0,0.0,0.0,0.0,0.0,0.0,0.0,0.0,0.0,0.0,0.0
Bac72958199f3,S38533928bb7e,overhead,1449.0,gaze_side,0.0,1.0,0.0,0.0,0.0,0.0,0.0,0.0,0.0,0.0,0.0,0.0,0.0,0.0,0.0,0.0
Bac72958199f3,S38533928bb7e,overhead,1450.0,gaze_side,0.0,1.0,0.0,0.0,0.0,0.0,0.0,0.0,0.0,0.0,0.0,0.0,0.0,0.0,0.0,0.0
Bac72958199f3,S38533928bb7e,overhead,1451.0,gaze_side,0.0,1.0,0.0,0.0,0.0,0.0,0.0,0.0,0.0,0.0,0.0,0.0,0.0,0.0,0.0,0.0
Bac72958199f3,S38533928bb7e,overhead,1452.0,gaze_side,0.0,1.0,0.0,0.0,0.0,0.0,0.0,0.0,0.0,0.0,0.0,0.0,0.0,0.0,0.0,0.0
Bac72958199f3,S38533928bb7e,overhead,1453.0,gaze_side,0.0,1.0,0.0,0.0,0.0,0.0,0.0,0.0,0.0,0.0,0.0,0.0,0.0,0.0,0.0,0.0
Bac72958199f3,S38533928bb7e,overhead,1454.0,gaze_side,0.0,1.0,0.0,0.0,0.0,0.0,0.0,0.0,0.0,0.0,0.0,0.0,0.0,0.0,0.0,0.0
Bac72958199f3,S38533928bb7e,overhead,1455.0,gaze_side,0.0,1.0,0.0,0.0,0.0,0.0,0.0,0.0,0.0,0.0,0.0,0.0,0.0,0.0,0.0,0.0
Bac72958199f3,S38533928bb7e,overhead,1456.0,gaze_side,0.0,1.0,0.0,0.0,0.0,0.0,0.0,0.0,0.0,0.0,0.0,0.0,0.0,0.0,0.0,0.0
Bac72958199f3,S38533928bb7e,overhead,1457.0,gaze_side,0.0,1.0,0.0,0.0,0.0,0.0,0.0,0.0,0.0,0.0,0.0,0.0,0.0,0.0,0.0,0.0
Bad2e071fc6bd,S38533928bb7e,front,2176.0,gaze_side,1.0,0.0,0.0,0.0,0.0,1.0,0.0,0.0,0.0,0.0,1.0,0.0,0.0,0.0,0.0,0.0
Bad2e071fc6bd,S38533928bb7e,front,2177.0,gaze_side,1.0,0.0,0.0,0.0,0.0,1.0,0.0,0.0,0.0,0.0,1.0,0.0,0.0,0.0,0.0,0.0
Bad2e071fc6bd,S38533928bb7e,front,2178.0,gaze_side,1.0,0.0,1.0,0.0,0.0,1.0,0.0,0.0,0.0,0.0,1.0,0.0,0.0,0.0,0.0,0.0
Bad2e071fc6bd,S38533928bb7e,front,2179.0,gaze_side,1.0,0.0,1.0,0.0,0.0,0.0,0.0,0.0,0.0,0.0,1.0,0.0,0.0,0.0,0.0,0.0
Bad2e071fc6bd,S38533928bb7e,front,2180.0,gaze_side,1.0,0.0,0.0,0.0,0.0,0.0,0.0,0.0,0.0,0.0,1.0,0.0,0.0,0.0,0.0,1.0
Bad2e071fc6bd,S38533928bb7e,overhead,2176.0,gaze_side,0.0,1.0,0.0,0.0,0.0,0.0,0.0,0.0,0.0,0.0,0.0,0.0,0.0,0.0,0.0,0.0
Bad2e071fc6bd,S38533928bb7e,overhead,2177.0,gaze_side,0.0,1.0,0.0,0.0,0.0,0.0,0.0,0.0,0.0,0.0,0.0,0.0,0.0,0.0,0.0,0.0
Bad2e071fc6bd,S38533928bb7e,overhead,2178.0,gaze_side,0.0,1.0,0.0,0.0,0.0,1.0,0.0,0.0,0.0,0.0,1.0,0.0,0.0,0.0,0.0,0.0
Bad2e071fc6bd,S38533928bb7e,overhead,2179.0,gaze_side,0.0,1.0,0.0,0.0,0.0,1.0,0.0,0.0,0.0,0.0,1.0,0.0,0.0,0.0,0.0,0.0
Bad2e071fc6bd,S38533928bb7e,overhead,2180.0,gaze_side,0.0,1.0,0.0,0.0,0.0,1.0,0.0,0.0,0.0,0.0,1.0,0.0,0.0,0.0,0.0,0.0
Badaad500a4d0,S08ea3e793bb0,front,0.0,focus,1.0,0.0,1.0,0.0,0.0,0.0,0.0,0.0,0.0,0.0,0.0,0.0,0.0,0.0,0.0,0.0
Badaad500a4d0,S08ea3e793bb0,front,1.0,focus,1.0,0.0,1.0,0.0,0.0,0.0,0.0,0.0,0.0,0.0,0.0,0.0,0.0,0.0,0.0,0.0
Badaad500a4d0,S08ea3e793bb0,front,2.0,focus,1.0,0.0,1.0,0.0,0.0,0.0,0.0,0.0,0.0,0.0,0.0,0.0,0.0,0.0,0.0,0.0
Badaad500a4d0,S08ea3e793bb0,front,3.0,focus,1.0,0.0,1.0,0.0,0.0,0.0,0.0,0.0,0.0,0.0,0.0,0.0,0.0,0.0,0.0,0.0
Badaad500a4d0,S08ea3e793bb0,front,4.0,focus,1.0,0.0,1.0,0.0,0.0,0.0,0.0,0.0,0.0,0.0,0.0,0.0,0.0,0.0,0.0,0.0
Badaad500a4d0,S08ea3e793bb0,front,5.0,focus,1.0,0.0,1.0,0.0,0.0,0.0,0.0,0.0,0.0,0.0,0.0,0.0,0.0,0.0,0.0,0.0
Badaad500a4d0,S08ea3e793bb0,front,6.0,focus,1.0,0.0,1.0,0.0,0.0,0.0,0.0,0.0,0.0,0.0,0.0,0.0,0.0,0.0,0.0,0.0
Badaad500a4d0,S08ea3e793bb0,front,7.0,focus,1.0,0.0,1.0,0.0,0.0,0.0,0.0,0.0,0.0,0.0,0.0,0.0,0.0,0.0,0.0,0.0
Badaad500a4d0,S08ea3e793bb0,front,8.0,focus,1.0,0.0,1.0,0.0,0.0,0.0,0.0,0.0,0.0,0.0,0.0,0.0,0.0,0.0,0.0,0.0
Badaad500a4d0,S08ea3e793bb0,front,9.0,focus,1.0,0.0,1.0,0.0,0.0,0.0,0.0,0.0,0.0,0.0,0.0,0.0,0.0,0.0,0.0,0.0
Badaad500a4d0,S08ea3e793bb0,overhead,0.0,focus,0.0,1.0,0.0,0.0,0.0,1.0,0.0,0.0,0.0,0.0,1.0,0.0,0.0,0.0,0.0,0.0
Badaad500a4d0,S08ea3e793bb0,overhead,1.0,focus,0.0,1.0,0.0,0.0,0.0,1.0,0.0,0.0,0.0,0.0,1.0,0.0,0.0,0.0,0.0,0.0
Badaad500a4d0,S08ea3e793bb0,overhead,2.0,focus,0.0,1.0,0.0,0.0,0.0,1.0,0.0,0.0,0.0,0.0,1.0,0.0,0.0,0.0,0.0,0.0
Badaad500a4d0,S08ea3e793bb0,overhead,3.0,focus,0.0,1.0,0.0,0.0,0.0,1.0,0.0,0.0,0.0,0.0,1.0,0.0,0.0,0.0,0.0,0.0
Badaad500a4d0,S08ea3e793bb0,overhead,4.0,focus,0.0,1.0,0.0,0.0,0.0,1.0,0.0,0.0,0.0,0.0,1.0,0.0,0.0,0.0,0.0,0.0
Badaad500a4d0,S08ea3e793bb0,overhead,5.0,focus,0.0,1.0,0.0,0.0,0.0,1.0,0.0,0.0,0.0,0.0,1.0,0.0,0.0,0.0,0.0,0.0
Badaad500a4d0,S08ea3e793bb0,overhead,6.0,focus,0.0,1.0,0.0,0.0,0.0,1.0,0.0,0.0,0.0,0.0,1.0,0.0,0.0,0.0,0.0,0.0
Badaad500a4d0,S08ea3e793bb0,overhead,7.0,focus,0.0,1.0,0.0,0.0,0.0,1.0,0.0,0.0,0.0,0.0,1.0,0.0,0.0,0.0,0.0,0.0
Badaad500a4d0,S08ea3e793bb0,overhead,8.0,focus,0.0,1.0,0.0,0.0,0.0,1.0,0.0,0.0,0.0,0.0,1.0,0.0,0.0,0.0,0.0,0.0
Badaad500a4d0,S08ea3e793bb0,overhead,9.0,focus,0.0,1.0,0.0,0.0,0.0,1.0,0.0,0.0,0.0,0.0,1.0,0.0,0.0,0.0,0.0,0.0
Badcd3211c00b,S08ea3e793bb0,front,0.0,focus,1.0,0.0,1.0,0.0,0.0,0.0,0.0,0.0,0.0,0.0,1.0,0.0,0.0,0.0,0.0,0.0
Badcd3211c00b,S08ea3e793bb0,front,1.0,focus,1.0,0.0,1.0,0.0,0.0,0.0,0.0,0.0,0.0,0.0,1.0,0.0,0.0,0.0,0.0,0.0
Badcd3211c00b,S08ea3e793bb0,front,2.0,focus,1.0,0.0,0.0,0.0,0.0,0.0,0.0,0.0,0.0,0.0,0.0,0.0,0.0,0.0,0.0,0.0
Badcd3211c00b,S08ea3e793bb0,front,3.0,focus,1.0,0.0,0.0,0.0,0.0,0.0,0.0,0.0,0.0,0.0,1.0,0.0,0.0,0.0,0.0,0.0
Badcd3211c00b,S08ea3e793bb0,front,4.0,focus,1.0,0.0,0.0,0.0,0.0,0.0,0.0,0.0,0.0,0.0,1.0,0.0,0.0,0.0,0.0,0.0
Badcd3211c00b,S08ea3e793bb0,front,5.0,focus,1.0,0.0,0.0,0.0,0.0,0.0,0.0,0.0,0.0,0.0,1.0,0.0,0.0,0.0,0.0,0.0
Badcd3211c00b,S08ea3e793bb0,front,6.0,focus,1.0,0.0,0.0,0.0,0.0,0.0,0.0,0.0,0.0,0.0,1.0,0.0,0.0,0.0,0.0,0.0
Badcd3211c00b,S08ea3e793bb0,front,7.0,focus,1.0,0.0,0.0,0.0,0.0,0.0,0.0,0.0,0.0,0.0,1.0,0.0,0.0,0.0,0.0,0.0
Badcd3211c00b,S08ea3e793bb0,front,8.0,focus,1.0,0.0,0.0,0.0,0.0,0.0,0.0,0.0,0.0,0.0,1.0,0.0,0.0,0.0,0.0,0.0
Badcd3211c00b,S08ea3e793bb0,front,9.0,focus,1.0,0.0,0.0,0.0,0.0,0.0,0.0,0.0,0.0,0.0,1.0,0.0,0.0,0.0,0.0,0.0
Badcd3211c00b,S08ea3e793bb0,overhead,0.0,focus,0.0,1.0,0.0,0.0,0.0,0.0,0.0,0.0,0.0,0.0,0.0,0.0,0.0,0.0,0.0,0.0
Badcd3211c00b,S08ea3e793bb0,overhead,1.0,focus,0.0,1.0,0.0,0.0,0.0,0.0,0.0,0.0,0.0,0.0,0.0,0.0,0.0,0.0,0.0,0.0
Badcd3211c00b,S08ea3e793bb0,overhead,2.0,focus,0.0,1.0,0.0,0.0,0.0,0.0,0.0,0.0,0.0,0.0,0.0,0.0,0.0,0.0,0.0,0.0
Badcd3211c00b,S08ea3e793bb0,overhead,3.0,focus,0.0,1.0,0.0,0.0,0.0,0.0,0.0,0.0,0.0,0.0,0.0,0.0,0.0,0.0,0.0,0.0
Badcd3211c00b,S08ea3e793bb0,overhead,4.0,focus,0.0,1.0,0.0,0.0,0.0,0.0,0.0,0.0,0.0,0.0,0.0,0.0,0.0,0.0,0.0,0.0
Badcd3211c00b,S08ea3e793bb0,overhead,5.0,focus,0.0,1.0,0.0,0.0,0.0,0.0,0.0,0.0,0.0,0.0,0.0,0.0,0.0,0.0,0.0,0.0
Badcd3211c00b,S08ea3e793bb0,overhead,6.0,focus,0.0,1.0,0.0,0.0,0.0,0.0,0.0,0.0,0.0,0.0,0.0,0.0,0.0,0.0,0.0,0.0
Badcd3211c00b,S08ea3e793bb0,overhead,7.0,focus,0.0,1.0,0.0,0.0,0.0,0.0,0.0,0.0,0.0,0.0,0.0,0.0,0.0,0.0,0.0,0.0
Badcd3211c00b,S08ea3e793bb0,overhead,8.0,focus,0.0,1.0,0.0,0.0,0.0,0.0,0.0,0.0,0.0,0.0,0.0,0.0,0.0,0.0,0.0,0.0
Badcd3211c00b,S08ea3e793bb0,overhead,9.0,focus,0.0,1.0,0.0,0.0,0.0,0.0,0.0,0.0,0.0,0.0,0.0,0.0,0.0,0.0,0.0,0.0
Bae2006cff9e7,S38533928bb7e,front,6190.0,gaze_side,1.0,0.0,1.0,0.0,0.0,1.0,0.0,0.0,0.0,0.0,1.0,0.0,0.0,0.0,0.0,0.0
Bae2006cff9e7,S38533928bb7e,front,6191.0,gaze_side,1.0,0.0,1.0,0.0,0.0,1.0,0.0,0.0,0.0,0.0,1.0,0.0,0.0,0.0,0.0,0.0
Bae2006cff9e7,S38533928bb7e,front,6192.0,gaze_side,1.0,0.0,1.0,1.0,0.0,0.0,0.0,0.0,0.0,0.0,1.0,0.0,0.0,0.0,0.0,0.0
Bae2006cff9e7,S38533928bb7e,front,6193.0,gaze_side,1.0,0.0,1.0,1.0,0.0,0.0,0.0,0.0,0.0,0.0,1.0,0.0,0.0,0.0,0.0,0.0
Bae2006cff9e7,S38533928bb7e,front,6194.0,gaze_side,1.0,0.0,1.0,1.0,0.0,0.0,0.0,0.0,0.0,0.0,1.0,0.0,0.0,0.0,0.0,0.0
Bae2006cff9e7,S38533928bb7e,front,6195.0,gaze_side,1.0,0.0,1.0,1.0,0.0,1.0,0.0,0.0,0.0,0.0,1.0,0.0,0.0,0.0,0.0,0.0
Bae2006cff9e7,S38533928bb7e,front,6196.0,gaze_side,1.0,0.0,1.0,1.0,0.0,1.0,0.0,0.0,0.0,0.0,1.0,0.0,0.0,0.0,0.0,0.0
Bae2006cff9e7,S38533928bb7e,front,6197.0,gaze_side,1.0,0.0,1.0,1.0,0.0,1.0,0.0,0.0,0.0,0.0,1.0,0.0,0.0,0.0,0.0,0.0
Bae2006cff9e7,S38533928bb7e,front,6198.0,gaze_side,1.0,0.0,1.0,1.0,0.0,1.0,0.0,0.0,0.0,0.0,1.0,0.0,0.0,0.0,0.0,0.0
Bae2006cff9e7,S38533928bb7e,front,6199.0,gaze_side,1.0,0.0,1.0,1.0,0.0,1.0,0.0,0.0,0.0,0.0,1.0,0.0,0.0,0.0,0.0,0.0
Bae2006cff9e7,S38533928bb7e,overhead,6190.0,gaze_side,0.0,1.0,0.0,0.0,0.0,0.0,0.0,0.0,0.0,0.0,0.0,0.0,0.0,0.0,0.0,0.0
Bae2006cff9e7,S38533928bb7e,overhead,6191.0,gaze_side,0.0,1.0,0.0,0.0,0.0,0.0,0.0,0.0,0.0,0.0,0.0,0.0,0.0,0.0,0.0,0.0
Bae2006cff9e7,S38533928bb7e,overhead,6192.0,gaze_side,0.0,1.0,0.0,0.0,0.0,0.0,0.0,0.0,0.0,0.0,0.0,0.0,0.0,0.0,0.0,0.0
Bae2006cff9e7,S38533928bb7e,overhead,6193.0,gaze_side,0.0,1.0,0.0,0.0,0.0,0.0,0.0,0.0,0.0,0.0,0.0,0.0,0.0,0.0,0.0,0.0
Bae2006cff9e7,S38533928bb7e,overhead,6194.0,gaze_side,0.0,1.0,0.0,0.0,0.0,0.0,0.0,0.0,0.0,0.0,0.0,0.0,0.0,0.0,0.0,0.0
Bae2006cff9e7,S38533928bb7e,overhead,6195.0,gaze_side,0.0,1.0,0.0,0.0,0.0,0.0,0.0,0.0,0.0,0.0,0.0,0.0,0.0,0.0,0.0,0.0
Bae2006cff9e7,S38533928bb7e,overhead,6196.0,gaze_side,0.0,1.0,0.0,0.0,0.0,0.0,0.0,0.0,0.0,0.0,0.0,0.0,0.0,0.0,0.0,0.0
Bae2006cff9e7,S38533928bb7e,overhead,6197.0,gaze_side,0.0,1.0,0.0,0.0,0.0,0.0,0.0,0.0,0.0,0.0,0.0,0.0,0.0,0.0,0.0,0.0
Bae2006cff9e7,S38533928bb7e,overhead,6198.0,gaze_side,0.0,1.0,0.0,0.0,0.0,0.0,0.0,0.0,0.0,0.0,0.0,0.0,0.0,0.0,0.0,0.0
Bae2006cff9e7,S38533928bb7e,overhead,6199.0,gaze_side,0.0,1.0,0.0,0.0,0.0,0.0,0.0,0.0,0.0,0.0,0.0,0.0,0.0,0.0,0.0,0.0
Baea041c0b629,S38533928bb7e,front,515.0,focus,1.0,0.0,1.0,0.0,0.0,0.0,1.0,0.0,1.0,1.0,0.0,1.0,0.0,0.0,0.0,0.0
Baea041c0b629,S38533928bb7e,front,516.0,focus,1.0,0.0,1.0,0.0,0.0,0.0,1.0,0.0,1.0,1.0,0.0,1.0,0.0,0.0,0.0,0.0
Baea041c0b629,S38533928bb7e,front,517.0,focus,1.0,0.0,1.0,0.0,0.0,0.0,1.0,0.0,1.0,1.0,0.0,1.0,0.0,0.0,0.0,0.0
Baea041c0b629,S38533928bb7e,front,518.0,focus,1.0,0.0,1.0,0.0,0.0,0.0,1.0,0.0,1.0,1.0,0.0,1.0,0.0,0.0,0.0,0.0
Baea041c0b629,S38533928bb7e,front,519.0,focus,1.0,0.0,1.0,0.0,0.0,0.0,1.0,0.0,1.0,1.0,0.0,1.0,0.0,0.0,0.0,0.0
Baea041c0b629,S38533928bb7e,front,520.0,focus,1.0,0.0,1.0,0.0,0.0,0.0,1.0,0.0,1.0,1.0,0.0,1.0,0.0,0.0,0.0,0.0
Baea041c0b629,S38533928bb7e,front,521.0,focus,1.0,0.0,1.0,0.0,0.0,0.0,1.0,0.0,1.0,1.0,0.0,1.0,0.0,0.0,0.0,0.0
Baea041c0b629,S38533928bb7e,front,522.0,focus,1.0,0.0,1.0,0.0,0.0,0.0,1.0,0.0,1.0,1.0,0.0,1.0,0.0,0.0,0.0,0.0
Baea041c0b629,S38533928bb7e,front,523.0,focus,1.0,0.0,1.0,0.0,0.0,0.0,1.0,0.0,1.0,1.0,0.0,1.0,0.0,0.0,0.0,0.0
Baea041c0b629,S38533928bb7e,front,524.0,focus,1.0,0.0,1.0,0.0,0.0,0.0,1.0,0.0,1.0,1.0,0.0,1.0,0.0,0.0,0.0,0.0
Baea041c0b629,S38533928bb7e,overhead,515.0,focus,0.0,1.0,0.0,0.0,0.0,0.0,0.0,0.0,0.0,0.0,0.0,0.0,0.0,0.0,0.0,0.0
Baea041c0b629,S38533928bb7e,overhead,516.0,focus,0.0,1.0,0.0,0.0,0.0,0.0,0.0,0.0,0.0,0.0,0.0,0.0,0.0,0.0,0.0,0.0
Baea041c0b629,S38533928bb7e,overhead,517.0,focus,0.0,1.0,0.0,0.0,0.0,0.0,0.0,0.0,0.0,0.0,0.0,0.0,0.0,0.0,0.0,0.0
Baea041c0b629,S38533928bb7e,overhead,518.0,focus,0.0,1.0,0.0,0.0,0.0,0.0,0.0,0.0,0.0,0.0,0.0,0.0,0.0,0.0,0.0,0.0
Baea041c0b629,S38533928bb7e,overhead,519.0,focus,0.0,1.0,0.0,0.0,0.0,0.0,0.0,0.0,0.0,0.0,0.0,0.0,0.0,0.0,0.0,0.0
Baea041c0b629,S38533928bb7e,overhead,520.0,focus,0.0,1.0,0.0,0.0,0.0,0.0,0.0,0.0,0.0,0.0,0.0,0.0,0.0,0.0,0.0,0.0
Baea041c0b629,S38533928bb7e,overhead,521.0,focus,0.0,1.0,0.0,0.0,0.0,0.0,0.0,0.0,0.0,0.0,0.0,0.0,0.0,0.0,0.0,0.0
Baea041c0b629,S38533928bb7e,overhead,522.0,focus,0.0,1.0,0.0,0.0,0.0,0.0,0.0,0.0,0.0,0.0,0.0,0.0,0.0,0.0,0.0,0.0
Baea041c0b629,S38533928bb7e,overhead,523.0,focus,0.0,1.0,0.0,0.0,0.0,0.0,0.0,0.0,0.0,0.0,0.0,0.0,0.0,0.0,0.0,0.0
Baea041c0b629,S38533928bb7e,overhead,524.0,focus,0.0,1.0,0.0,0.0,0.0,0.0,0.0,0.0,0.0,0.0,0.0,0.0,0.0,0.0,0.0,0.0
Baf3e67e39e5f,S08ea3e793bb0,front,0.0,focus,1.0,0.0,1.0,0.0,0.0,0.0,0.0,0.0,0.0,0.0,1.0,0.0,0.0,0.0,0.0,0.0
Baf3e67e39e5f,S08ea3e793bb0,front,1.0,focus,1.0,0.0,1.0,0.0,0.0,0.0,0.0,0.0,0.0,0.0,1.0,0.0,0.0,0.0,0.0,0.0
Baf3e67e39e5f,S08ea3e793bb0,front,2.0,focus,1.0,0.0,1.0,0.0,0.0,0.0,0.0,0.0,0.0,0.0,1.0,0.0,0.0,0.0,0.0,0.0
Baf3e67e39e5f,S08ea3e793bb0,front,3.0,focus,1.0,0.0,1.0,0.0,0.0,0.0,0.0,0.0,0.0,0.0,1.0,0.0,0.0,0.0,0.0,0.0
Baf3e67e39e5f,S08ea3e793bb0,front,4.0,focus,1.0,0.0,1.0,0.0,0.0,0.0,0.0,0.0,0.0,0.0,1.0,0.0,0.0,0.0,0.0,0.0
Baf3e67e39e5f,S08ea3e793bb0,front,5.0,focus,1.0,0.0,1.0,0.0,0.0,0.0,0.0,0.0,0.0,0.0,1.0,0.0,0.0,0.0,0.0,0.0
Baf3e67e39e5f,S08ea3e793bb0,front,6.0,focus,1.0,0.0,1.0,0.0,0.0,1.0,0.0,0.0,0.0,0.0,1.0,0.0,0.0,0.0,0.0,0.0
Baf3e67e39e5f,S08ea3e793bb0,front,7.0,focus,1.0,0.0,1.0,0.0,0.0,1.0,0.0,0.0,0.0,0.0,1.0,0.0,0.0,0.0,0.0,0.0
Baf3e67e39e5f,S08ea3e793bb0,front,8.0,focus,1.0,0.0,1.0,0.0,0.0,0.0,0.0,0.0,0.0,0.0,1.0,0.0,0.0,0.0,0.0,0.0
Baf3e67e39e5f,S08ea3e793bb0,front,9.0,focus,1.0,0.0,1.0,0.0,0.0,0.0,1.0,1.0,0.0,1.0,1.0,0.0,0.0,0.0,0.0,0.0
Baf3e67e39e5f,S08ea3e793bb0,overhead,0.0,focus,0.0,1.0,0.0,0.0,0.0,0.0,0.0,0.0,0.0,0.0,0.0,0.0,0.0,0.0,0.0,0.0
Baf3e67e39e5f,S08ea3e793bb0,overhead,1.0,focus,0.0,1.0,0.0,0.0,0.0,0.0,0.0,0.0,0.0,0.0,0.0,0.0,0.0,0.0,0.0,0.0
Baf3e67e39e5f,S08ea3e793bb0,overhead,2.0,focus,0.0,1.0,0.0,0.0,0.0,0.0,0.0,0.0,0.0,0.0,0.0,0.0,0.0,0.0,0.0,0.0
Baf3e67e39e5f,S08ea3e793bb0,overhead,3.0,focus,0.0,1.0,0.0,0.0,0.0,0.0,0.0,0.0,0.0,0.0,0.0,0.0,0.0,0.0,0.0,0.0
Baf3e67e39e5f,S08ea3e793bb0,overhead,4.0,focus,0.0,1.0,0.0,0.0,0.0,0.0,0.0,0.0,0.0,0.0,0.0,0.0,0.0,0.0,0.0,0.0
Baf3e67e39e5f,S08ea3e793bb0,overhead,5.0,focus,0.0,1.0,0.0,0.0,0.0,0.0,0.0,0.0,0.0,0.0,0.0,0.0,0.0,0.0,0.0,0.0
Baf3e67e39e5f,S08ea3e793bb0,overhead,6.0,focus,0.0,1.0,0.0,0.0,0.0,1.0,0.0,0.0,0.0,0.0,1.0,0.0,0.0,0.0,0.0,0.0
Baf3e67e39e5f,S08ea3e793bb0,overhead,7.0,focus,0.0,1.0,0.0,0.0,0.0,1.0,0.0,0.0,0.0,0.0,1.0,0.0,0.0,0.0,0.0,0.0
Baf3e67e39e5f,S08ea3e793bb0,overhead,8.0,focus,0.0,1.0,0.0,0.0,0.0,1.0,0.0,0.0,0.0,0.0,1.0,0.0,0.0,0.0,0.0,0.0
Baf3e67e39e5f,S08ea3e793bb0,overhead,9.0,focus,0.0,1.0,0.0,0.0,0.0,0.0,0.0,0.0,0.0,0.0,0.0,0.0,0.0,0.0,0.0,0.0
Baf53fb57c486,Sc17507c06476,front,0.0,focus,1.0,0.0,1.0,0.0,0.0,0.0,1.0,1.0,0.0,1.0,1.0,0.0,0.0,0.0,0.0,0.0
Baf53fb57c486,Sc17507c06476,front,1.0,focus,1.0,0.0,1.0,0.0,0.0,0.0,0.0,0.0,0.0,0.0,1.0,0.0,0.0,0.0,0.0,0.0
Baf53fb57c486,Sc17507c06476,front,2.0,focus,1.0,0.0,1.0,0.0,0.0,0.0,0.0,0.0,0.0,0.0,1.0,0.0,0.0,0.0,0.0,0.0
Baf53fb57c486,Sc17507c06476,front,3.0,focus,1.0,0.0,1.0,0.0,0.0,0.0,0.0,0.0,0.0,0.0,1.0,0.0,0.0,0.0,0.0,0.0
Baf53fb57c486,Sc17507c06476,front,4.0,focus,1.0,0.0,1.0,0.0,0.0,0.0,0.0,0.0,0.0,0.0,1.0,0.0,0.0,0.0,0.0,0.0
Baf53fb57c486,Sc17507c06476,front,5.0,focus,1.0,0.0,1.0,0.0,0.0,0.0,0.0,0.0,0.0,0.0,1.0,0.0,0.0,0.0,0.0,0.0
Baf53fb57c486,Sc17507c06476,front,6.0,focus,1.0,0.0,1.0,0.0,0.0,0.0,0.0,0.0,0.0,0.0,1.0,0.0,0.0,0.0,0.0,0.0
Baf53fb57c486,Sc17507c06476,front,7.0,focus,1.0,0.0,1.0,0.0,0.0,0.0,0.0,0.0,0.0,0.0,1.0,0.0,0.0,0.0,0.0,0.0
Baf53fb57c486,Sc17507c06476,front,8.0,focus,1.0,0.0,1.0,0.0,0.0,0.0,0.0,0.0,0.0,0.0,0.0,0.0,0.0,0.0,0.0,0.0
Baf53fb57c486,Sc17507c06476,front,9.0,focus,1.0,0.0,1.0,0.0,0.0,0.0,0.0,0.0,0.0,0.0,1.0,0.0,0.0,0.0,0.0,0.0
Baf53fb57c486,Sc17507c06476,overhead,0.0,focus,0.0,1.0,0.0,0.0,0.0,0.0,0.0,0.0,0.0,0.0,0.0,0.0,0.0,0.0,0.0,0.0
Baf53fb57c486,Sc17507c06476,overhead,1.0,focus,0.0,1.0,0.0,0.0,0.0,0.0,0.0,0.0,0.0,0.0,0.0,0.0,0.0,0.0,0.0,0.0
Baf53fb57c486,Sc17507c06476,overhead,2.0,focus,0.0,1.0,0.0,0.0,0.0,0.0,0.0,0.0,0.0,0.0,0.0,0.0,0.0,0.0,0.0,0.0
Baf53fb57c486,Sc17507c06476,overhead,3.0,focus,0.0,1.0,0.0,0.0,0.0,0.0,0.0,0.0,0.0,0.0,0.0,0.0,0.0,0.0,0.0,0.0
Baf53fb57c486,Sc17507c06476,overhead,4.0,focus,0.0,1.0,0.0,0.0,0.0,0.0,0.0,0.0,0.0,0.0,0.0,0.0,0.0,0.0,0.0,0.0
Baf53fb57c486,Sc17507c06476,overhead,5.0,focus,0.0,1.0,0.0,0.0,0.0,0.0,0.0,0.0,0.0,0.0,0.0,0.0,0.0,0.0,0.0,0.0
Baf53fb57c486,Sc17507c06476,overhead,6.0,focus,0.0,1.0,0.0,0.0,0.0,0.0,0.0,0.0,0.0,0.0,0.0,0.0,0.0,0.0,0.0,0.0
Baf53fb57c486,Sc17507c06476,overhead,7.0,focus,0.0,1.0,0.0,0.0,0.0,0.0,0.0,0.0,0.0,0.0,0.0,0.0,0.0,0.0,0.0,0.0
Baf53fb57c486,Sc17507c06476,overhead,8.0,focus,0.0,1.0,0.0,0.0,0.0,0.0,0.0,0.0,0.0,0.0,0.0,0.0,0.0,0.0,0.0,0.0
Baf53fb57c486,Sc17507c06476,overhead,9.0,focus,0.0,1.0,0.0,0.0,0.0,0.0,0.0,0.0,0.0,0.0,0.0,0.0,0.0,0.0,0.0,0.0
Bb263cd2079c9,S08ea3e793bb0,front,0.0,focus,1.0,0.0,0.0,0.0,0.0,0.0,0.0,0.0,0.0,0.0,1.0,0.0,0.0,0.0,0.0,1.0
Bb263cd2079c9,S08ea3e793bb0,front,1.0,focus,1.0,0.0,0.0,0.0,0.0,0.0,0.0,0.0,0.0,0.0,1.0,0.0,0.0,0.0,0.0,1.0
Bb263cd2079c9,S08ea3e793bb0,front,2.0,focus,1.0,0.0,1.0,0.0,0.0,0.0,0.0,0.0,0.0,0.0,1.0,0.0,0.0,0.0,0.0,0.0
Bb263cd2079c9,S08ea3e793bb0,front,3.0,focus,1.0,0.0,1.0,0.0,0.0,0.0,0.0,0.0,0.0,0.0,1.0,0.0,0.0,0.0,0.0,0.0
Bb263cd2079c9,S08ea3e793bb0,front,4.0,focus,1.0,0.0,0.0,0.0,0.0,0.0,0.0,0.0,0.0,0.0,0.0,0.0,0.0,0.0,0.0,1.0
Bb263cd2079c9,S08ea3e793bb0,front,5.0,focus,1.0,0.0,1.0,0.0,0.0,0.0,0.0,0.0,0.0,0.0,1.0,0.0,0.0,0.0,0.0,0.0
Bb263cd2079c9,S08ea3e793bb0,front,6.0,focus,1.0,0.0,1.0,0.0,0.0,0.0,0.0,0.0,0.0,0.0,1.0,0.0,0.0,0.0,0.0,0.0
Bb263cd2079c9,S08ea3e793bb0,front,7.0,focus,1.0,0.0,1.0,0.0,0.0,0.0,0.0,0.0,0.0,0.0,1.0,0.0,0.0,0.0,0.0,0.0
Bb263cd2079c9,S08ea3e793bb0,front,8.0,focus,1.0,0.0,1.0,0.0,0.0,0.0,0.0,0.0,0.0,0.0,1.0,0.0,0.0,0.0,0.0,0.0
Bb263cd2079c9,S08ea3e793bb0,front,9.0,focus,1.0,0.0,0.0,0.0,0.0,0.0,0.0,0.0,0.0,0.0,0.0,0.0,0.0,0.0,0.0,1.0
Bb263cd2079c9,S08ea3e793bb0,overhead,0.0,focus,0.0,1.0,0.0,0.0,0.0,0.0,0.0,0.0,0.0,0.0,0.0,0.0,0.0,0.0,0.0,0.0
Bb263cd2079c9,S08ea3e793bb0,overhead,1.0,focus,0.0,1.0,0.0,0.0,0.0,0.0,0.0,0.0,0.0,0.0,0.0,0.0,0.0,0.0,0.0,0.0
Bb263cd2079c9,S08ea3e793bb0,overhead,2.0,focus,0.0,1.0,0.0,0.0,0.0,0.0,0.0,0.0,0.0,0.0,0.0,0.0,0.0,0.0,0.0,0.0
Bb263cd2079c9,S08ea3e793bb0,overhead,3.0,focus,0.0,1.0,0.0,0.0,0.0,0.0,0.0,0.0,0.0,0.0,0.0,0.0,0.0,0.0,0.0,0.0
Bb263cd2079c9,S08ea3e793bb0,overhead,4.0,focus,0.0,1.0,0.0,0.0,0.0,0.0,0.0,0.0,0.0,0.0,0.0,0.0,0.0,0.0,0.0,0.0
Bb263cd2079c9,S08ea3e793bb0,overhead,5.0,focus,0.0,1.0,0.0,0.0,0.0,0.0,0.0,0.0,0.0,0.0,0.0,0.0,0.0,0.0,0.0,0.0
Bb263cd2079c9,S08ea3e793bb0,overhead,6.0,focus,0.0,1.0,0.0,0.0,0.0,0.0,0.0,0.0,0.0,0.0,0.0,0.0,0.0,0.0,0.0,0.0
Bb263cd2079c9,S08ea3e793bb0,overhead,7.0,focus,0.0,1.0,0.0,0.0,0.0,0.0,0.0,0.0,0.0,0.0,0.0,0.0,0.0,0.0,0.0,0.0
Bb263cd2079c9,S08ea3e793bb0,overhead,8.0,focus,0.0,1.0,0.0,0.0,0.0,0.0,0.0,0.0,0.0,0.0,0.0,0.0,0.0,0.0,0.0,0.0
Bb263cd2079c9,S08ea3e793bb0,overhead,9.0,focus,0.0,1.0,0.0,0.0,0.0,0.0,0.0,0.0,0.0,0.0,0.0,0.0,0.0,0.0,0.0,0.0
Bb298814099d3,Se9ae4c661219,front,0.0,focus,1.0,0.0,0.0,0.0,0.0,0.0,0.0,0.0,0.0,0.0,1.0,0.0,0.0,0.0,0.0,1.0
Bb298814099d3,Se9ae4c661219,front,1.0,focus,1.0,0.0,0.0,0.0,0.0,0.0,0.0,0.0,0.0,0.0,1.0,0.0,0.0,0.0,0.0,1.0
Bb298814099d3,Se9ae4c661219,front,2.0,focus,1.0,0.0,0.0,0.0,0.0,0.0,0.0,0.0,0.0,0.0,0.0,0.0,0.0,0.0,0.0,1.0
Bb298814099d3,Se9ae4c661219,front,3.0,focus,1.0,0.0,1.0,0.0,0.0,0.0,0.0,0.0,0.0,0.0,1.0,0.0,0.0,0.0,0.0,0.0
Bb298814099d3,Se9ae4c661219,front,4.0,focus,1.0,0.0,1.0,0.0,0.0,0.0,0.0,0.0,0.0,0.0,1.0,0.0,0.0,0.0,0.0,0.0
Bb298814099d3,Se9ae4c661219,front,5.0,focus,1.0,0.0,0.0,0.0,0.0,0.0,0.0,0.0,0.0,0.0,0.0,0.0,0.0,0.0,0.0,0.0
Bb298814099d3,Se9ae4c661219,front,6.0,focus,1.0,0.0,0.0,0.0,0.0,0.0,0.0,0.0,0.0,0.0,0.0,0.0,0.0,0.0,0.0,0.0
Bb298814099d3,Se9ae4c661219,front,7.0,focus,1.0,0.0,0.0,0.0,0.0,0.0,0.0,0.0,0.0,0.0,0.0,0.0,0.0,0.0,0.0,0.0
Bb298814099d3,Se9ae4c661219,front,8.0,focus,1.0,0.0,0.0,0.0,0.0,0.0,0.0,0.0,0.0,0.0,0.0,0.0,0.0,0.0,0.0,0.0
Bb298814099d3,Se9ae4c661219,front,9.0,focus,1.0,0.0,0.0,0.0,0.0,0.0,0.0,0.0,0.0,0.0,0.0,0.0,0.0,0.0,0.0,0.0
Bb298814099d3,Se9ae4c661219,overhead,0.0,focus,0.0,1.0,0.0,0.0,0.0,0.0,0.0,0.0,0.0,0.0,0.0,0.0,0.0,0.0,0.0,0.0
Bb298814099d3,Se9ae4c661219,overhead,1.0,focus,0.0,1.0,0.0,0.0,0.0,0.0,0.0,0.0,0.0,0.0,0.0,0.0,0.0,0.0,0.0,0.0
Bb298814099d3,Se9ae4c661219,overhead,2.0,focus,0.0,1.0,0.0,0.0,0.0,1.0,0.0,0.0,0.0,0.0,1.0,0.0,0.0,0.0,0.0,0.0
Bb298814099d3,Se9ae4c661219,overhead,3.0,focus,0.0,1.0,0.0,0.0,0.0,1.0,0.0,0.0,0.0,0.0,1.0,0.0,0.0,0.0,0.0,0.0
Bb298814099d3,Se9ae4c661219,overhead,4.0,focus,0.0,1.0,0.0,0.0,0.0,0.0,0.0,0.0,0.0,0.0,0.0,0.0,0.0,0.0,0.0,0.0
Bb298814099d3,Se9ae4c661219,overhead,5.0,focus,0.0,1.0,0.0,0.0,0.0,0.0,0.0,0.0,0.0,0.0,0.0,0.0,0.0,0.0,0.0,0.0
Bb298814099d3,Se9ae4c661219,overhead,6.0,focus,0.0,1.0,0.0,0.0,0.0,0.0,0.0,0.0,0.0,0.0,0.0,0.0,0.0,0.0,0.0,0.0
Bb298814099d3,Se9ae4c661219,overhead,7.0,focus,0.0,1.0,0.0,0.0,0.0,0.0,0.0,0.0,0.0,0.0,0.0,0.0,0.0,0.0,0.0,0.0
Bb298814099d3,Se9ae4c661219,overhead,8.0,focus,0.0,1.0,0.0,0.0,0.0,0.0,0.0,0.0,0.0,0.0,0.0,0.0,0.0,0.0,0.0,0.0
Bb298814099d3,Se9ae4c661219,overhead,9.0,focus,0.0,1.0,0.0,0.0,0.0,0.0,0.0,0.0,0.0,0.0,0.0,0.0,0.0,0.0,0.0,0.0
Bb3e06a79a77b,S38533928bb7e,front,6504.0,gaze_down,1.0,0.0,1.0,0.0,0.0,0.0,1.0,0.0,1.0,1.0,1.0,1.0,0.0,0.0,0.0,0.0
Bb3e06a79a77b,S38533928bb7e,front,6505.0,gaze_down,1.0,0.0,1.0,0.0,0.0,0.0,1.0,0.0,1.0,1.0,0.0,1.0,0.0,0.0,0.0,0.0
Bb3e06a79a77b,S38533928bb7e,front,6506.0,gaze_down,1.0,0.0,1.0,0.0,0.0,0.0,1.0,0.0,1.0,1.0,0.0,1.0,0.0,0.0,0.0,0.0
Bb3e06a79a77b,S38533928bb7e,front,6507.0,gaze_down,1.0,0.0,1.0,0.0,0.0,0.0,1.0,0.0,1.0,1.0,0.0,1.0,0.0,0.0,0.0,0.0
Bb3e06a79a77b,S38533928bb7e,front,6508.0,gaze_down,1.0,0.0,1.0,0.0,0.0,0.0,1.0,0.0,1.0,1.0,1.0,1.0,0.0,0.0,0.0,0.0
Bb3e06a79a77b,S38533928bb7e,front,6509.0,gaze_down,1.0,0.0,1.0,0.0,0.0,0.0,1.0,0.0,1.0,1.0,0.0,1.0,0.0,0.0,0.0,0.0
Bb3e06a79a77b,S38533928bb7e,front,6510.0,gaze_down,1.0,0.0,1.0,0.0,0.0,0.0,1.0,0.0,1.0,1.0,0.0,1.0,0.0,0.0,0.0,0.0
Bb3e06a79a77b,S38533928bb7e,front,6511.0,gaze_down,1.0,0.0,1.0,0.0,0.0,0.0,0.0,0.0,0.0,0.0,1.0,0.0,0.0,0.0,0.0,0.0
Bb3e06a79a77b,S38533928bb7e,front,6512.0,gaze_down,1.0,0.0,1.0,0.0,0.0,0.0,1.0,0.0,0.0,1.0,1.0,0.0,0.0,0.0,0.0,0.0
Bb3e06a79a77b,S38533928bb7e,overhead,6504.0,gaze_down,0.0,1.0,0.0,0.0,0.0,0.0,0.0,0.0,0.0,0.0,0.0,0.0,0.0,0.0,0.0,0.0
Bb3e06a79a77b,S38533928bb7e,overhead,6505.0,gaze_down,0.0,1.0,0.0,0.0,0.0,0.0,0.0,0.0,0.0,0.0,0.0,0.0,0.0,0.0,0.0,0.0
Bb3e06a79a77b,S38533928bb7e,overhead,6506.0,gaze_down,0.0,1.0,0.0,0.0,0.0,0.0,0.0,0.0,0.0,0.0,0.0,0.0,0.0,0.0,0.0,0.0
Bb3e06a79a77b,S38533928bb7e,overhead,6507.0,gaze_down,0.0,1.0,0.0,0.0,0.0,0.0,0.0,0.0,0.0,0.0,0.0,0.0,0.0,0.0,0.0,0.0
Bb3e06a79a77b,S38533928bb7e,overhead,6508.0,gaze_down,0.0,1.0,0.0,0.0,0.0,0.0,0.0,0.0,0.0,0.0,0.0,0.0,0.0,0.0,0.0,0.0
Bb3e06a79a77b,S38533928bb7e,overhead,6509.0,gaze_down,0.0,1.0,0.0,0.0,0.0,0.0,0.0,0.0,0.0,0.0,0.0,0.0,0.0,0.0,0.0,0.0
Bb3e06a79a77b,S38533928bb7e,overhead,6510.0,gaze_down,0.0,1.0,0.0,0.0,0.0,0.0,0.0,0.0,0.0,0.0,0.0,0.0,0.0,0.0,0.0,0.0
Bb3e06a79a77b,S38533928bb7e,overhead,6511.0,gaze_down,0.0,1.0,0.0,0.0,0.0,0.0,0.0,0.0,0.0,0.0,0.0,0.0,0.0,0.0,0.0,0.0
Bb3e06a79a77b,S38533928bb7e,overhead,6512.0,gaze_down,0.0,1.0,0.0,0.0,0.0,0.0,0.0,0.0,0.0,0.0,0.0,0.0,0.0,0.0,0.0,0.0
Bb44c98468164,S8bb31e565816,front,0.0,focus,1.0,0.0,1.0,0.0,0.0,0.0,0.0,0.0,0.0,0.0,0.0,0.0,0.0,0.0,0.0,0.0
Bb44c98468164,S8bb31e565816,front,1.0,focus,1.0,0.0,1.0,0.0,0.0,0.0,0.0,0.0,0.0,0.0,0.0,0.0,0.0,0.0,0.0,0.0
Bb44c98468164,S8bb31e565816,front,2.0,focus,1.0,0.0,1.0,0.0,0.0,0.0,0.0,0.0,0.0,0.0,0.0,0.0,0.0,0.0,0.0,0.0
Bb44c98468164,S8bb31e565816,front,3.0,focus,1.0,0.0,1.0,0.0,0.0,0.0,0.0,0.0,0.0,0.0,0.0,0.0,0.0,0.0,0.0,0.0
Bb44c98468164,S8bb31e565816,front,4.0,focus,1.0,0.0,1.0,0.0,0.0,0.0,0.0,0.0,0.0,0.0,0.0,0.0,0.0,0.0,0.0,0.0
Bb44c98468164,S8bb31e565816,front,5.0,focus,1.0,0.0,1.0,0.0,0.0,0.0,1.0,1.0,0.0,1.0,0.0,0.0,0.0,0.0,0.0,0.0
Bb44c98468164,S8bb31e565816,front,6.0,focus,1.0,0.0,1.0,0.0,0.0,0.0,0.0,0.0,0.0,0.0,0.0,0.0,0.0,0.0,0.0,0.0
Bb44c98468164,S8bb31e565816,front,7.0,focus,1.0,0.0,1.0,0.0,0.0,0.0,0.0,0.0,0.0,0.0,1.0,0.0,0.0,0.0,0.0,0.0
Bb44c98468164,S8bb31e565816,front,8.0,focus,1.0,0.0,1.0,0.0,0.0,0.0,0.0,0.0,0.0,0.0,0.0,0.0,0.0,0.0,0.0,0.0
Bb44c98468164,S8bb31e565816,front,9.0,focus,1.0,0.0,1.0,0.0,0.0,0.0,0.0,0.0,0.0,0.0,0.0,0.0,0.0,0.0,0.0,0.0
Bb44c98468164,S8bb31e565816,overhead,0.0,focus,0.0,1.0,0.0,0.0,0.0,0.0,0.0,0.0,0.0,0.0,0.0,0.0,0.0,0.0,0.0,0.0
Bb44c98468164,S8bb31e565816,overhead,1.0,focus,0.0,1.0,0.0,0.0,0.0,0.0,0.0,0.0,0.0,0.0,0.0,0.0,0.0,0.0,0.0,0.0
Bb44c98468164,S8bb31e565816,overhead,2.0,focus,0.0,1.0,0.0,0.0,0.0,0.0,0.0,0.0,0.0,0.0,0.0,0.0,0.0,0.0,0.0,0.0
Bb44c98468164,S8bb31e565816,overhead,3.0,focus,0.0,1.0,0.0,0.0,0.0,0.0,0.0,0.0,0.0,0.0,0.0,0.0,0.0,0.0,0.0,0.0
Bb44c98468164,S8bb31e565816,overhead,4.0,focus,0.0,1.0,0.0,0.0,0.0,0.0,0.0,0.0,0.0,0.0,0.0,0.0,0.0,0.0,0.0,0.0
Bb44c98468164,S8bb31e565816,overhead,5.0,focus,0.0,1.0,0.0,0.0,0.0,0.0,0.0,0.0,0.0,0.0,0.0,0.0,0.0,0.0,0.0,0.0
Bb44c98468164,S8bb31e565816,overhead,6.0,focus,0.0,1.0,0.0,0.0,0.0,0.0,0.0,0.0,0.0,0.0,0.0,0.0,0.0,0.0,0.0,0.0
Bb44c98468164,S8bb31e565816,overhead,7.0,focus,0.0,1.0,0.0,0.0,0.0,0.0,0.0,0.0,0.0,0.0,0.0,0.0,0.0,0.0,0.0,0.0
Bb44c98468164,S8bb31e565816,overhead,8.0,focus,0.0,1.0,0.0,0.0,0.0,0.0,0.0,0.0,0.0,0.0,0.0,0.0,0.0,0.0,0.0,0.0
Bb44c98468164,S8bb31e565816,overhead,9.0,focus,0.0,1.0,0.0,0.0,0.0,0.0,0.0,0.0,0.0,0.0,0.0,0.0,0.0,0.0,0.0,0.0
Bb5b028999a36,S8bb31e565816,front,0.0,focus,1.0,0.0,1.0,0.0,0.0,0.0,0.0,0.0,0.0,0.0,0.0,0.0,0.0,0.0,0.0,0.0
Bb5b028999a36,S8bb31e565816,front,1.0,focus,1.0,0.0,1.0,0.0,0.0,0.0,0.0,0.0,0.0,0.0,0.0,0.0,0.0,0.0,0.0,0.0
Bb5b028999a36,S8bb31e565816,front,2.0,focus,1.0,0.0,1.0,0.0,0.0,0.0,0.0,0.0,0.0,0.0,0.0,0.0,0.0,0.0,0.0,0.0
Bb5b028999a36,S8bb31e565816,front,3.0,focus,1.0,0.0,1.0,0.0,0.0,0.0,0.0,0.0,0.0,0.0,0.0,0.0,0.0,0.0,0.0,0.0
Bb5b028999a36,S8bb31e565816,front,4.0,focus,1.0,0.0,1.0,0.0,0.0,0.0,0.0,0.0,0.0,0.0,0.0,0.0,0.0,0.0,0.0,0.0
Bb5b028999a36,S8bb31e565816,front,5.0,focus,1.0,0.0,1.0,0.0,0.0,0.0,0.0,0.0,0.0,0.0,0.0,0.0,0.0,0.0,0.0,0.0
Bb5b028999a36,S8bb31e565816,front,6.0,focus,1.0,0.0,1.0,0.0,0.0,0.0,0.0,0.0,0.0,0.0,0.0,0.0,0.0,0.0,0.0,0.0
Bb5b028999a36,S8bb31e565816,front,7.0,focus,1.0,0.0,1.0,0.0,0.0,0.0,0.0,0.0,0.0,0.0,0.0,0.0,0.0,0.0,0.0,0.0
Bb5b028999a36,S8bb31e565816,front,8.0,focus,1.0,0.0,1.0,0.0,0.0,0.0,0.0,0.0,0.0,0.0,0.0,0.0,0.0,0.0,0.0,0.0
Bb5b028999a36,S8bb31e565816,front,9.0,focus,1.0,0.0,1.0,0.0,0.0,0.0,0.0,0.0,0.0,0.0,0.0,0.0,0.0,0.0,0.0,0.0
Bb5b028999a36,S8bb31e565816,overhead,0.0,focus,0.0,1.0,0.0,0.0,0.0,0.0,0.0,0.0,0.0,0.0,0.0,0.0,0.0,0.0,0.0,0.0
Bb5b028999a36,S8bb31e565816,overhead,1.0,focus,0.0,1.0,0.0,0.0,0.0,0.0,0.0,0.0,0.0,0.0,1.0,0.0,0.0,0.0,0.0,0.0
Bb5b028999a36,S8bb31e565816,overhead,2.0,focus,0.0,1.0,0.0,0.0,0.0,1.0,0.0,0.0,0.0,0.0,1.0,0.0,0.0,0.0,0.0,0.0
Bb5b028999a36,S8bb31e565816,overhead,3.0,focus,0.0,1.0,0.0,0.0,0.0,1.0,0.0,0.0,0.0,0.0,1.0,0.0,0.0,0.0,0.0,0.0
Bb5b028999a36,S8bb31e565816,overhead,4.0,focus,0.0,1.0,0.0,0.0,0.0,0.0,0.0,0.0,0.0,0.0,0.0,0.0,0.0,0.0,0.0,0.0
Bb5b028999a36,S8bb31e565816,overhead,5.0,focus,0.0,1.0,0.0,0.0,0.0,0.0,0.0,0.0,0.0,0.0,1.0,0.0,0.0,0.0,0.0,0.0
Bb5b028999a36,S8bb31e565816,overhead,6.0,focus,0.0,1.0,0.0,0.0,0.0,0.0,0.0,0.0,0.0,0.0,1.0,0.0,0.0,0.0,0.0,0.0
Bb5b028999a36,S8bb31e565816,overhead,7.0,focus,0.0,1.0,0.0,0.0,0.0,0.0,0.0,0.0,0.0,0.0,1.0,0.0,0.0,0.0,0.0,0.0
Bb5b028999a36,S8bb31e565816,overhead,8.0,focus,0.0,1.0,0.0,0.0,0.0,0.0,0.0,0.0,0.0,0.0,1.0,0.0,0.0,0.0,0.0,0.0
Bb5b028999a36,S8bb31e565816,overhead,9.0,focus,0.0,1.0,0.0,0.0,0.0,0.0,0.0,0.0,0.0,0.0,1.0,0.0,0.0,0.0,0.0,0.0
Bb6b277e2f77e,Sf8cdbc0a93cc,front,0.0,focus,1.0,0.0,1.0,0.0,0.0,0.0,0.0,0.0,0.0,0.0,0.0,0.0,0.0,0.0,0.0,0.0
Bb6b277e2f77e,Sf8cdbc0a93cc,front,1.0,focus,1.0,0.0,1.0,0.0,0.0,0.0,0.0,0.0,0.0,0.0,0.0,0.0,0.0,0.0,0.0,0.0
Bb6b277e2f77e,Sf8cdbc0a93cc,front,2.0,focus,1.0,0.0,1.0,0.0,0.0,0.0,0.0,0.0,0.0,0.0,0.0,0.0,0.0,0.0,0.0,0.0
Bb6b277e2f77e,Sf8cdbc0a93cc,front,3.0,focus,1.0,0.0,1.0,0.0,0.0,0.0,0.0,0.0,0.0,0.0,0.0,0.0,0.0,0.0,0.0,0.0
Bb6b277e2f77e,Sf8cdbc0a93cc,front,4.0,focus,1.0,0.0,1.0,0.0,0.0,0.0,0.0,0.0,0.0,0.0,0.0,0.0,0.0,0.0,0.0,0.0
Bb6b277e2f77e,Sf8cdbc0a93cc,front,5.0,focus,1.0,0.0,1.0,0.0,0.0,0.0,0.0,0.0,0.0,0.0,0.0,0.0,0.0,0.0,0.0,0.0
Bb6b277e2f77e,Sf8cdbc0a93cc,front,6.0,focus,1.0,0.0,1.0,0.0,0.0,0.0,0.0,0.0,0.0,0.0,0.0,0.0,0.0,0.0,0.0,0.0
Bb6b277e2f77e,Sf8cdbc0a93cc,front,7.0,focus,1.0,0.0,1.0,0.0,0.0,0.0,0.0,0.0,0.0,0.0,0.0,0.0,0.0,0.0,0.0,0.0
Bb6b277e2f77e,Sf8cdbc0a93cc,front,8.0,focus,1.0,0.0,1.0,0.0,0.0,0.0,0.0,0.0,0.0,0.0,1.0,0.0,0.0,0.0,0.0,0.0
Bb6b277e2f77e,Sf8cdbc0a93cc,front,9.0,focus,1.0,0.0,1.0,0.0,0.0,0.0,0.0,0.0,0.0,0.0,0.0,0.0,0.0,0.0,0.0,0.0
Bb6b277e2f77e,Sf8cdbc0a93cc,overhead,0.0,focus,0.0,1.0,0.0,0.0,0.0,0.0,0.0,0.0,0.0,0.0,0.0,0.0,0.0,0.0,0.0,0.0
Bb6b277e2f77e,Sf8cdbc0a93cc,overhead,1.0,focus,0.0,1.0,0.0,0.0,0.0,0.0,0.0,0.0,0.0,0.0,0.0,0.0,0.0,0.0,0.0,0.0
Bb6b277e2f77e,Sf8cdbc0a93cc,overhead,2.0,focus,0.0,1.0,0.0,0.0,0.0,0.0,0.0,0.0,0.0,0.0,0.0,0.0,0.0,0.0,0.0,0.0
Bb6b277e2f77e,Sf8cdbc0a93cc,overhead,3.0,focus,0.0,1.0,0.0,0.0,0.0,0.0,0.0,0.0,0.0,0.0,0.0,0.0,0.0,0.0,0.0,0.0
Bb6b277e2f77e,Sf8cdbc0a93cc,overhead,4.0,focus,0.0,1.0,0.0,0.0,0.0,0.0,0.0,0.0,0.0,0.0,0.0,0.0,0.0,0.0,0.0,0.0
Bb6b277e2f77e,Sf8cdbc0a93cc,overhead,5.0,focus,0.0,1.0,0.0,0.0,0.0,0.0,0.0,0.0,0.0,0.0,0.0,0.0,0.0,0.0,0.0,0.0
Bb6b277e2f77e,Sf8cdbc0a93cc,overhead,6.0,focus,0.0,1.0,0.0,0.0,0.0,0.0,0.0,0.0,0.0,0.0,0.0,0.0,0.0,0.0,0.0,0.0
Bb6b277e2f77e,Sf8cdbc0a93cc,overhead,7.0,focus,0.0,1.0,0.0,0.0,0.0,0.0,0.0,0.0,0.0,0.0,0.0,0.0,0.0,0.0,0.0,0.0
Bb6b277e2f77e,Sf8cdbc0a93cc,overhead,8.0,focus,0.0,1.0,0.0,0.0,0.0,0.0,0.0,0.0,0.0,0.0,0.0,0.0,0.0,0.0,0.0,0.0
Bb6b277e2f77e,Sf8cdbc0a93cc,overhead,9.0,focus,0.0,1.0,0.0,0.0,0.0,0.0,0.0,0.0,0.0,0.0,0.0,0.0,0.0,0.0,0.0,0.0
Bb6fca93f1c60,Sc17507c06476,front,0.0,focus,1.0,0.0,1.0,0.0,0.0,0.0,1.0,0.0,0.0,0.0,0.0,0.0,0.0,0.0,0.0,0.0
Bb6fca93f1c60,Sc17507c06476,front,1.0,focus,1.0,0.0,1.0,0.0,0.0,0.0,1.0,0.0,0.0,0.0,0.0,0.0,0.0,0.0,0.0,0.0
Bb6fca93f1c60,Sc17507c06476,front,2.0,focus,1.0,0.0,1.0,0.0,0.0,0.0,1.0,0.0,0.0,0.0,0.0,0.0,0.0,0.0,0.0,0.0
Bb6fca93f1c60,Sc17507c06476,front,3.0,focus,1.0,0.0,1.0,0.0,0.0,0.0,0.0,0.0,0.0,0.0,0.0,0.0,0.0,0.0,0.0,0.0
Bb6fca93f1c60,Sc17507c06476,front,4.0,focus,1.0,0.0,1.0,0.0,0.0,0.0,0.0,0.0,0.0,0.0,0.0,0.0,0.0,0.0,0.0,0.0
Bb6fca93f1c60,Sc17507c06476,front,5.0,focus,1.0,0.0,1.0,0.0,0.0,0.0,0.0,0.0,0.0,0.0,0.0,0.0,0.0,0.0,0.0,0.0
Bb6fca93f1c60,Sc17507c06476,front,6.0,focus,1.0,0.0,1.0,0.0,0.0,0.0,0.0,0.0,0.0,0.0,0.0,0.0,0.0,0.0,0.0,0.0
Bb6fca93f1c60,Sc17507c06476,front,7.0,focus,1.0,0.0,1.0,0.0,0.0,0.0,0.0,0.0,0.0,0.0,0.0,0.0,0.0,0.0,0.0,0.0
Bb6fca93f1c60,Sc17507c06476,front,8.0,focus,1.0,0.0,1.0,0.0,0.0,0.0,0.0,0.0,0.0,0.0,0.0,0.0,0.0,0.0,0.0,0.0
Bb6fca93f1c60,Sc17507c06476,front,9.0,focus,1.0,0.0,1.0,0.0,0.0,0.0,0.0,0.0,0.0,0.0,1.0,0.0,0.0,0.0,0.0,0.0
Bb6fca93f1c60,Sc17507c06476,overhead,0.0,focus,0.0,1.0,0.0,0.0,0.0,0.0,0.0,0.0,0.0,0.0,0.0,0.0,0.0,0.0,0.0,0.0
Bb6fca93f1c60,Sc17507c06476,overhead,1.0,focus,0.0,1.0,0.0,0.0,0.0,0.0,0.0,0.0,0.0,0.0,0.0,0.0,0.0,0.0,0.0,0.0
Bb6fca93f1c60,Sc17507c06476,overhead,2.0,focus,0.0,1.0,0.0,0.0,0.0,0.0,0.0,0.0,0.0,0.0,0.0,0.0,0.0,0.0,0.0,0.0
Bb6fca93f1c60,Sc17507c06476,overhead,3.0,focus,0.0,1.0,0.0,0.0,0.0,0.0,0.0,0.0,0.0,0.0,0.0,0.0,0.0,0.0,0.0,0.0
Bb6fca93f1c60,Sc17507c06476,overhead,4.0,focus,0.0,1.0,0.0,0.0,0.0,0.0,0.0,0.0,0.0,0.0,0.0,0.0,0.0,0.0,0.0,0.0
Bb6fca93f1c60,Sc17507c06476,overhead,5.0,focus,0.0,1.0,0.0,0.0,0.0,0.0,0.0,0.0,0.0,0.0,0.0,0.0,0.0,0.0,0.0,0.0
Bb6fca93f1c60,Sc17507c06476,overhead,6.0,focus,0.0,1.0,0.0,0.0,0.0,0.0,0.0,0.0,0.0,0.0,0.0,0.0,0.0,0.0,0.0,0.0
Bb6fca93f1c60,Sc17507c06476,overhead,7.0,focus,0.0,1.0,0.0,0.0,0.0,0.0,0.0,0.0,0.0,0.0,0.0,0.0,0.0,0.0,0.0,0.0
Bb6fca93f1c60,Sc17507c06476,overhead,8.0,focus,0.0,1.0,0.0,0.0,0.0,0.0,0.0,0.0,0.0,0.0,0.0,0.0,0.0,0.0,0.0,0.0
Bb6fca93f1c60,Sc17507c06476,overhead,9.0,focus,0.0,1.0,0.0,0.0,0.0,0.0,0.0,0.0,0.0,0.0,0.0,0.0,0.0,0.0,0.0,0.0
Bb726bab2fccc,Sd507e72fb21a,front,0.0,unknown,1.0,0.0,0.0,0.0,0.0,0.0,0.0,0.0,0.0,0.0,0.0,0.0,0.0,0.0,0.0,0.0
Bb726bab2fccc,Sd507e72fb21a,front,1.0,unknown,1.0,0.0,0.0,0.0,0.0,0.0,0.0,0.0,0.0,0.0,0.0,0.0,0.0,0.0,0.0,0.0
Bb726bab2fccc,Sd507e72fb21a,front,2.0,unknown,1.0,0.0,0.0,0.0,0.0,0.0,0.0,0.0,0.0,0.0,0.0,0.0,0.0,0.0,0.0,0.0
Bb726bab2fccc,Sd507e72fb21a,front,3.0,unknown,1.0,0.0,0.0,0.0,0.0,0.0,0.0,0.0,0.0,0.0,0.0,0.0,0.0,0.0,0.0,0.0
Bb726bab2fccc,Sd507e72fb21a,front,4.0,unknown,1.0,0.0,0.0,0.0,0.0,0.0,0.0,0.0,0.0,0.0,0.0,0.0,0.0,0.0,0.0,0.0
Bb726bab2fccc,Sd507e72fb21a,front,5.0,unknown,1.0,0.0,0.0,0.0,0.0,0.0,0.0,0.0,0.0,0.0,0.0,0.0,0.0,0.0,0.0,0.0
Bb726bab2fccc,Sd507e72fb21a,front,6.0,unknown,1.0,0.0,0.0,0.0,0.0,0.0,0.0,0.0,0.0,0.0,0.0,0.0,0.0,0.0,0.0,0.0
Bb726bab2fccc,Sd507e72fb21a,front,7.0,unknown,1.0,0.0,0.0,0.0,0.0,0.0,0.0,0.0,0.0,0.0,0.0,0.0,0.0,0.0,0.0,0.0
Bb726bab2fccc,Sd507e72fb21a,front,8.0,unknown,1.0,0.0,0.0,0.0,0.0,0.0,0.0,0.0,0.0,0.0,0.0,0.0,0.0,0.0,0.0,0.0
Bb726bab2fccc,Sd507e72fb21a,front,9.0,unknown,1.0,0.0,0.0,0.0,0.0,0.0,0.0,0.0,0.0,0.0,0.0,0.0,0.0,0.0,0.0,0.0
Bb726bab2fccc,Sd507e72fb21a,overhead,0.0,unknown,0.0,1.0,0.0,0.0,0.0,0.0,0.0,0.0,0.0,0.0,0.0,0.0,0.0,0.0,0.0,0.0
Bb726bab2fccc,Sd507e72fb21a,overhead,1.0,unknown,0.0,1.0,0.0,0.0,0.0,0.0,0.0,0.0,0.0,0.0,0.0,0.0,0.0,0.0,0.0,0.0
Bb726bab2fccc,Sd507e72fb21a,overhead,2.0,unknown,0.0,1.0,0.0,0.0,0.0,0.0,0.0,0.0,0.0,0.0,0.0,0.0,0.0,0.0,0.0,0.0
Bb726bab2fccc,Sd507e72fb21a,overhead,3.0,unknown,0.0,1.0,0.0,0.0,0.0,0.0,0.0,0.0,0.0,0.0,0.0,0.0,0.0,0.0,0.0,0.0
Bb726bab2fccc,Sd507e72fb21a,overhead,4.0,unknown,0.0,1.0,0.0,0.0,0.0,0.0,0.0,0.0,0.0,0.0,0.0,0.0,0.0,0.0,0.0,0.0
Bb726bab2fccc,Sd507e72fb21a,overhead,5.0,unknown,0.0,1.0,0.0,0.0,0.0,0.0,0.0,0.0,0.0,0.0,0.0,0.0,0.0,0.0,0.0,0.0
Bb726bab2fccc,Sd507e72fb21a,overhead,6.0,unknown,0.0,1.0,0.0,0.0,0.0,0.0,0.0,0.0,0.0,0.0,0.0,0.0,0.0,0.0,0.0,0.0
Bb726bab2fccc,Sd507e72fb21a,overhead,7.0,unknown,0.0,1.0,0.0,0.0,0.0,0.0,0.0,0.0,0.0,0.0,0.0,0.0,0.0,0.0,0.0,0.0
Bb726bab2fccc,Sd507e72fb21a,overhead,8.0,unknown,0.0,1.0,0.0,0.0,0.0,0.0,0.0,0.0,0.0,0.0,0.0,0.0,0.0,0.0,0.0,0.0
Bb726bab2fccc,Sd507e72fb21a,overhead,9.0,unknown,0.0,1.0,0.0,0.0,0.0,0.0,0.0,0.0,0.0,0.0,0.0,0.0,0.0,0.0,0.0,0.0
Bb806aa78a061,S38533928bb7e,front,2793.0,gaze_down,1.0,0.0,1.0,0.0,0.0,0.0,1.0,0.0,0.0,1.0,1.0,0.0,0.0,0.0,0.0,0.0
Bb806aa78a061,S38533928bb7e,front,2794.0,gaze_down,1.0,0.0,1.0,0.0,0.0,0.0,0.0,0.0,0.0,0.0,0.0,0.0,0.0,0.0,0.0,0.0
Bb806aa78a061,S38533928bb7e,front,2795.0,gaze_down,1.0,0.0,1.0,0.0,0.0,0.0,1.0,0.0,1.0,1.0,0.0,1.0,0.0,0.0,0.0,0.0
Bb806aa78a061,S38533928bb7e,front,2796.0,gaze_down,1.0,0.0,1.0,0.0,0.0,0.0,1.0,0.0,1.0,1.0,1.0,1.0,0.0,0.0,0.0,0.0
Bb806aa78a061,S38533928bb7e,front,2797.0,gaze_down,1.0,0.0,1.0,0.0,0.0,0.0,1.0,0.0,1.0,1.0,1.0,1.0,0.0,0.0,0.0,0.0
Bb806aa78a061,S38533928bb7e,front,2798.0,gaze_down,1.0,0.0,1.0,0.0,0.0,0.0,1.0,0.0,1.0,1.0,0.0,1.0,0.0,0.0,0.0,0.0
Bb806aa78a061,S38533928bb7e,front,2799.0,gaze_down,1.0,0.0,1.0,0.0,0.0,0.0,1.0,0.0,1.0,1.0,1.0,1.0,0.0,0.0,0.0,0.0
Bb806aa78a061,S38533928bb7e,front,2800.0,gaze_down,1.0,0.0,1.0,0.0,0.0,0.0,1.0,0.0,1.0,1.0,0.0,1.0,0.0,0.0,0.0,0.0
Bb806aa78a061,S38533928bb7e,front,2801.0,gaze_down,1.0,0.0,1.0,0.0,0.0,0.0,1.0,0.0,1.0,1.0,0.0,1.0,0.0,0.0,0.0,0.0
Bb806aa78a061,S38533928bb7e,front,2802.0,gaze_down,1.0,0.0,1.0,0.0,0.0,0.0,1.0,0.0,1.0,1.0,0.0,1.0,0.0,0.0,0.0,0.0
Bb806aa78a061,S38533928bb7e,overhead,2793.0,gaze_down,0.0,1.0,0.0,0.0,0.0,1.0,0.0,0.0,0.0,0.0,1.0,0.0,0.0,0.0,0.0,0.0
Bb806aa78a061,S38533928bb7e,overhead,2794.0,gaze_down,0.0,1.0,0.0,0.0,0.0,1.0,0.0,0.0,0.0,0.0,1.0,0.0,0.0,0.0,0.0,0.0
Bb806aa78a061,S38533928bb7e,overhead,2795.0,gaze_down,0.0,1.0,0.0,0.0,0.0,1.0,0.0,0.0,0.0,0.0,1.0,0.0,0.0,0.0,0.0,0.0
Bb806aa78a061,S38533928bb7e,overhead,2796.0,gaze_down,0.0,1.0,0.0,0.0,0.0,1.0,0.0,0.0,0.0,0.0,1.0,0.0,0.0,0.0,0.0,0.0
Bb806aa78a061,S38533928bb7e,overhead,2797.0,gaze_down,0.0,1.0,0.0,0.0,0.0,1.0,0.0,0.0,0.0,0.0,1.0,0.0,0.0,0.0,0.0,0.0
Bb806aa78a061,S38533928bb7e,overhead,2798.0,gaze_down,0.0,1.0,0.0,0.0,0.0,1.0,0.0,0.0,0.0,0.0,1.0,0.0,0.0,0.0,0.0,0.0
Bb806aa78a061,S38533928bb7e,overhead,2799.0,gaze_down,0.0,1.0,1.0,1.0,0.0,1.0,0.0,0.0,0.0,0.0,1.0,0.0,0.0,0.0,0.0,0.0
Bb806aa78a061,S38533928bb7e,overhead,2800.0,gaze_down,0.0,1.0,1.0,1.0,0.0,1.0,0.0,0.0,0.0,0.0,1.0,0.0,0.0,0.0,0.0,0.0
Bb806aa78a061,S38533928bb7e,overhead,2801.0,gaze_down,0.0,1.0,1.0,0.0,0.0,1.0,0.0,0.0,0.0,0.0,1.0,0.0,0.0,0.0,0.0,0.0
Bb806aa78a061,S38533928bb7e,overhead,2802.0,gaze_down,0.0,1.0,0.0,0.0,0.0,1.0,0.0,0.0,0.0,0.0,1.0,0.0,0.0,0.0,0.0,0.0
Bb931b8bfb82d,S38533928bb7e,front,310.0,focus,1.0,0.0,1.0,0.0,0.0,1.0,0.0,0.0,0.0,0.0,1.0,0.0,0.0,0.0,0.0,0.0
Bb931b8bfb82d,S38533928bb7e,front,311.0,focus,1.0,0.0,1.0,0.0,0.0,1.0,0.0,0.0,0.0,0.0,1.0,0.0,0.0,0.0,0.0,0.0
Bb931b8bfb82d,S38533928bb7e,front,312.0,focus,1.0,0.0,1.0,0.0,0.0,1.0,0.0,0.0,0.0,0.0,1.0,0.0,0.0,0.0,0.0,0.0
Bb931b8bfb82d,S38533928bb7e,front,313.0,focus,1.0,0.0,1.0,0.0,0.0,1.0,0.0,0.0,0.0,0.0,1.0,0.0,0.0,0.0,0.0,0.0
Bb931b8bfb82d,S38533928bb7e,front,314.0,focus,1.0,0.0,1.0,0.0,0.0,1.0,0.0,0.0,0.0,0.0,1.0,0.0,0.0,0.0,0.0,0.0
Bb931b8bfb82d,S38533928bb7e,front,315.0,focus,1.0,0.0,1.0,0.0,0.0,0.0,0.0,0.0,0.0,0.0,0.0,0.0,0.0,0.0,0.0,0.0
Bb931b8bfb82d,S38533928bb7e,front,316.0,focus,1.0,0.0,1.0,0.0,0.0,0.0,0.0,0.0,0.0,0.0,0.0,0.0,0.0,0.0,0.0,0.0
Bb931b8bfb82d,S38533928bb7e,overhead,310.0,focus,0.0,1.0,0.0,0.0,0.0,0.0,0.0,0.0,0.0,0.0,0.0,0.0,0.0,0.0,0.0,0.0
Bb931b8bfb82d,S38533928bb7e,overhead,311.0,focus,0.0,1.0,0.0,0.0,0.0,0.0,0.0,0.0,0.0,0.0,0.0,0.0,0.0,0.0,0.0,0.0
Bb931b8bfb82d,S38533928bb7e,overhead,312.0,focus,0.0,1.0,0.0,0.0,0.0,0.0,0.0,0.0,0.0,0.0,0.0,0.0,0.0,0.0,0.0,0.0
Bb931b8bfb82d,S38533928bb7e,overhead,313.0,focus,0.0,1.0,0.0,0.0,0.0,0.0,0.0,0.0,0.0,0.0,0.0,0.0,0.0,0.0,0.0,0.0
Bb931b8bfb82d,S38533928bb7e,overhead,314.0,focus,0.0,1.0,0.0,0.0,0.0,1.0,0.0,0.0,0.0,0.0,1.0,0.0,0.0,0.0,0.0,0.0
Bb931b8bfb82d,S38533928bb7e,overhead,315.0,focus,0.0,1.0,0.0,0.0,0.0,1.0,0.0,0.0,0.0,0.0,1.0,0.0,0.0,0.0,0.0,0.0
Bb931b8bfb82d,S38533928bb7e,overhead,316.0,focus,0.0,1.0,0.0,0.0,0.0,1.0,0.0,0.0,0.0,0.0,1.0,0.0,0.0,0.0,0.0,0.0
Bbad06cb7baae,S08ea3e793bb0,front,0.0,focus,1.0,0.0,1.0,0.0,0.0,1.0,0.0,0.0,0.0,0.0,1.0,0.0,0.0,0.0,0.0,0.0
Bbad06cb7baae,S08ea3e793bb0,front,1.0,focus,1.0,0.0,1.0,0.0,0.0,1.0,1.0,0.0,0.0,1.0,1.0,0.0,0.0,0.0,0.0,0.0
Bbad06cb7baae,S08ea3e793bb0,front,2.0,focus,1.0,0.0,1.0,0.0,0.0,0.0,1.0,0.0,0.0,1.0,1.0,0.0,0.0,0.0,0.0,0.0
Bbad06cb7baae,S08ea3e793bb0,front,3.0,focus,1.0,0.0,1.0,0.0,0.0,0.0,1.0,0.0,0.0,1.0,1.0,0.0,0.0,0.0,0.0,0.0
Bbad06cb7baae,S08ea3e793bb0,front,4.0,focus,1.0,0.0,1.0,0.0,0.0,0.0,1.0,0.0,0.0,1.0,1.0,0.0,0.0,0.0,0.0,0.0
Bbad06cb7baae,S08ea3e793bb0,front,5.0,focus,1.0,0.0,1.0,0.0,0.0,0.0,0.0,0.0,0.0,0.0,1.0,0.0,0.0,0.0,0.0,0.0
Bbad06cb7baae,S08ea3e793bb0,front,6.0,focus,1.0,0.0,1.0,0.0,0.0,1.0,0.0,0.0,0.0,0.0,1.0,0.0,0.0,0.0,0.0,0.0
Bbad06cb7baae,S08ea3e793bb0,front,7.0,focus,1.0,0.0,1.0,0.0,0.0,1.0,0.0,0.0,0.0,0.0,1.0,0.0,0.0,0.0,0.0,0.0
Bbad06cb7baae,S08ea3e793bb0,front,8.0,focus,1.0,0.0,1.0,0.0,0.0,1.0,0.0,0.0,0.0,0.0,1.0,0.0,0.0,0.0,0.0,0.0
Bbad06cb7baae,S08ea3e793bb0,front,9.0,focus,1.0,0.0,1.0,0.0,0.0,1.0,0.0,0.0,0.0,0.0,1.0,0.0,0.0,0.0,0.0,0.0
Bbad06cb7baae,S08ea3e793bb0,overhead,0.0,focus,0.0,1.0,0.0,0.0,0.0,0.0,0.0,0.0,0.0,0.0,0.0,0.0,0.0,0.0,0.0,0.0
Bbad06cb7baae,S08ea3e793bb0,overhead,1.0,focus,0.0,1.0,0.0,0.0,0.0,0.0,0.0,0.0,0.0,0.0,0.0,0.0,0.0,0.0,0.0,0.0
Bbad06cb7baae,S08ea3e793bb0,overhead,2.0,focus,0.0,1.0,0.0,0.0,0.0,0.0,0.0,0.0,0.0,0.0,0.0,0.0,0.0,0.0,0.0,0.0
Bbad06cb7baae,S08ea3e793bb0,overhead,3.0,focus,0.0,1.0,0.0,0.0,0.0,0.0,0.0,0.0,0.0,0.0,0.0,0.0,0.0,0.0,0.0,0.0
Bbad06cb7baae,S08ea3e793bb0,overhead,4.0,focus,0.0,1.0,0.0,0.0,0.0,0.0,0.0,0.0,0.0,0.0,0.0,0.0,0.0,0.0,0.0,0.0
Bbad06cb7baae,S08ea3e793bb0,overhead,5.0,focus,0.0,1.0,0.0,0.0,0.0,0.0,0.0,0.0,0.0,0.0,0.0,0.0,0.0,0.0,0.0,0.0
Bbad06cb7baae,S08ea3e793bb0,overhead,6.0,focus,0.0,1.0,0.0,0.0,0.0,0.0,0.0,0.0,0.0,0.0,0.0,0.0,0.0,0.0,0.0,0.0
Bbad06cb7baae,S08ea3e793bb0,overhead,7.0,focus,0.0,1.0,0.0,0.0,0.0,0.0,0.0,0.0,0.0,0.0,0.0,0.0,0.0,0.0,0.0,0.0
Bbad06cb7baae,S08ea3e793bb0,overhead,8.0,focus,0.0,1.0,0.0,0.0,0.0,0.0,0.0,0.0,0.0,0.0,0.0,0.0,0.0,0.0,0.0,0.0
Bbad06cb7baae,S08ea3e793bb0,overhead,9.0,focus,0.0,1.0,0.0,0.0,0.0,0.0,0.0,0.0,0.0,0.0,0.0,0.0,0.0,0.0,0.0,0.0
Bbdd49008b10f,S38533928bb7e,front,4075.0,gaze_down,1.0,0.0,1.0,0.0,0.0,1.0,0.0,0.0,0.0,0.0,1.0,0.0,0.0,0.0,0.0,0.0
Bbdd49008b10f,S38533928bb7e,front,4076.0,gaze_down,1.0,0.0,1.0,0.0,0.0,1.0,0.0,0.0,0.0,0.0,1.0,0.0,0.0,0.0,0.0,0.0
Bbdd49008b10f,S38533928bb7e,front,4077.0,gaze_down,1.0,0.0,1.0,0.0,1.0,1.0,0.0,0.0,0.0,0.0,1.0,0.0,0.0,0.0,0.0,0.0
Bbdd49008b10f,S38533928bb7e,front,4078.0,gaze_down,1.0,0.0,1.0,0.0,1.0,1.0,1.0,1.0,0.0,1.0,1.0,0.0,0.0,0.0,0.0,0.0
Bbdd49008b10f,S38533928bb7e,front,4079.0,gaze_down,1.0,0.0,0.0,0.0,0.0,1.0,0.0,0.0,0.0,0.0,1.0,1.0,0.0,0.0,0.0,0.0
Bbdd49008b10f,S38533928bb7e,front,4080.0,gaze_down,1.0,0.0,1.0,0.0,0.0,0.0,0.0,0.0,0.0,0.0,0.0,0.0,0.0,0.0,0.0,0.0
Bbdd49008b10f,S38533928bb7e,overhead,4075.0,gaze_down,0.0,1.0,0.0,0.0,0.0,0.0,0.0,0.0,0.0,0.0,0.0,0.0,0.0,0.0,0.0,0.0
Bbdd49008b10f,S38533928bb7e,overhead,4076.0,gaze_down,0.0,1.0,0.0,0.0,0.0,0.0,0.0,0.0,0.0,0.0,0.0,0.0,0.0,0.0,0.0,0.0
Bbdd49008b10f,S38533928bb7e,overhead,4077.0,gaze_down,0.0,1.0,0.0,0.0,0.0,0.0,0.0,0.0,0.0,0.0,0.0,0.0,0.0,0.0,0.0,0.0
Bbdd49008b10f,S38533928bb7e,overhead,4078.0,gaze_down,0.0,1.0,0.0,0.0,0.0,0.0,0.0,0.0,0.0,0.0,0.0,0.0,0.0,0.0,0.0,0.0
Bbdd49008b10f,S38533928bb7e,overhead,4079.0,gaze_down,0.0,1.0,0.0,0.0,0.0,0.0,0.0,0.0,0.0,0.0,0.0,0.0,0.0,0.0,0.0,0.0
Bbdd49008b10f,S38533928bb7e,overhead,4080.0,gaze_down,0.0,1.0,0.0,0.0,0.0,1.0,0.0,0.0,0.0,0.0,1.0,0.0,0.0,0.0,0.0,0.0
Bbe5c0472e6bd,Sb97749af3711,front,0.0,unknown,1.0,0.0,0.0,0.0,0.0,0.0,0.0,0.0,0.0,0.0,0.0,0.0,0.0,0.0,0.0,0.0
Bbe5c0472e6bd,Sb97749af3711,front,1.0,unknown,1.0,0.0,0.0,0.0,0.0,0.0,0.0,0.0,0.0,0.0,0.0,0.0,0.0,0.0,0.0,0.0
Bbe5c0472e6bd,Sb97749af3711,front,2.0,unknown,1.0,0.0,0.0,0.0,0.0,0.0,0.0,0.0,0.0,0.0,0.0,0.0,0.0,0.0,0.0,0.0
Bbe5c0472e6bd,Sb97749af3711,front,3.0,unknown,1.0,0.0,0.0,0.0,0.0,0.0,0.0,0.0,0.0,0.0,0.0,0.0,0.0,0.0,0.0,0.0
Bbe5c0472e6bd,Sb97749af3711,front,4.0,unknown,1.0,0.0,0.0,0.0,0.0,0.0,0.0,0.0,0.0,0.0,0.0,0.0,0.0,0.0,0.0,0.0
Bbe5c0472e6bd,Sb97749af3711,front,5.0,unknown,1.0,0.0,0.0,0.0,0.0,0.0,0.0,0.0,0.0,0.0,0.0,0.0,0.0,0.0,0.0,0.0
Bbe5c0472e6bd,Sb97749af3711,front,6.0,unknown,1.0,0.0,0.0,0.0,0.0,0.0,0.0,0.0,0.0,0.0,0.0,0.0,0.0,0.0,0.0,0.0
Bbe5c0472e6bd,Sb97749af3711,front,7.0,unknown,1.0,0.0,0.0,0.0,0.0,0.0,0.0,0.0,0.0,0.0,0.0,0.0,0.0,0.0,0.0,0.0
Bbe5c0472e6bd,Sb97749af3711,front,8.0,unknown,1.0,0.0,0.0,0.0,0.0,0.0,0.0,0.0,0.0,0.0,0.0,0.0,0.0,0.0,0.0,0.0
Bbe5c0472e6bd,Sb97749af3711,front,9.0,unknown,1.0,0.0,0.0,0.0,0.0,0.0,0.0,0.0,0.0,0.0,0.0,0.0,0.0,0.0,0.0,0.0
Bbe5c0472e6bd,Sb97749af3711,overhead,0.0,unknown,0.0,1.0,0.0,0.0,0.0,0.0,0.0,0.0,0.0,0.0,0.0,0.0,0.0,0.0,0.0,0.0
Bbe5c0472e6bd,Sb97749af3711,overhead,1.0,unknown,0.0,1.0,0.0,0.0,0.0,0.0,0.0,0.0,0.0,0.0,0.0,0.0,0.0,0.0,0.0,0.0
Bbe5c0472e6bd,Sb97749af3711,overhead,2.0,unknown,0.0,1.0,0.0,0.0,0.0,0.0,0.0,0.0,0.0,0.0,0.0,0.0,0.0,0.0,0.0,0.0
Bbe5c0472e6bd,Sb97749af3711,overhead,3.0,unknown,0.0,1.0,0.0,0.0,0.0,0.0,0.0,0.0,0.0,0.0,0.0,0.0,0.0,0.0,0.0,0.0
Bbe5c0472e6bd,Sb97749af3711,overhead,4.0,unknown,0.0,1.0,0.0,0.0,0.0,0.0,0.0,0.0,0.0,0.0,0.0,0.0,0.0,0.0,0.0,0.0
Bbe5c0472e6bd,Sb97749af3711,overhead,5.0,unknown,0.0,1.0,0.0,0.0,0.0,0.0,0.0,0.0,0.0,0.0,0.0,0.0,0.0,0.0,0.0,0.0
Bbe5c0472e6bd,Sb97749af3711,overhead,6.0,unknown,0.0,1.0,0.0,0.0,0.0,0.0,0.0,0.0,0.0,0.0,0.0,0.0,0.0,0.0,0.0,0.0
Bbe5c0472e6bd,Sb97749af3711,overhead,7.0,unknown,0.0,1.0,0.0,0.0,0.0,0.0,0.0,0.0,0.0,0.0,0.0,0.0,0.0,0.0,0.0,0.0
Bbe5c0472e6bd,Sb97749af3711,overhead,8.0,unknown,0.0,1.0,0.0,0.0,0.0,0.0,0.0,0.0,0.0,0.0,0.0,0.0,0.0,0.0,0.0,0.0
Bbe5c0472e6bd,Sb97749af3711,overhead,9.0,unknown,0.0,1.0,0.0,0.0,0.0,0.0,0.0,0.0,0.0,0.0,0.0,0.0,0.0,0.0,0.0,0.0
Bbe7750ad7788,Sc17507c06476,front,0.0,focus,1.0,0.0,1.0,0.0,0.0,1.0,0.0,0.0,0.0,0.0,1.0,0.0,0.0,0.0,0.0,0.0
Bbe7750ad7788,Sc17507c06476,front,1.0,focus,1.0,0.0,1.0,0.0,0.0,1.0,0.0,0.0,0.0,0.0,0.0,0.0,0.0,0.0,0.0,0.0
Bbe7750ad7788,Sc17507c06476,front,2.0,focus,1.0,0.0,1.0,0.0,0.0,1.0,0.0,0.0,0.0,0.0,1.0,0.0,0.0,0.0,0.0,0.0
Bbe7750ad7788,Sc17507c06476,front,3.0,focus,1.0,0.0,1.0,0.0,0.0,1.0,0.0,0.0,0.0,0.0,1.0,0.0,0.0,0.0,0.0,0.0
Bbe7750ad7788,Sc17507c06476,front,4.0,focus,1.0,0.0,1.0,0.0,0.0,1.0,1.0,0.0,0.0,1.0,1.0,0.0,0.0,0.0,0.0,0.0
Bbe7750ad7788,Sc17507c06476,front,5.0,focus,1.0,0.0,1.0,0.0,0.0,0.0,1.0,0.0,0.0,1.0,1.0,0.0,0.0,0.0,0.0,0.0
Bbe7750ad7788,Sc17507c06476,front,6.0,focus,1.0,0.0,1.0,0.0,0.0,0.0,0.0,0.0,0.0,0.0,1.0,0.0,0.0,0.0,0.0,0.0
Bbe7750ad7788,Sc17507c06476,front,7.0,focus,1.0,0.0,1.0,0.0,0.0,0.0,0.0,0.0,0.0,0.0,0.0,0.0,0.0,0.0,0.0,0.0
Bbe7750ad7788,Sc17507c06476,front,8.0,focus,1.0,0.0,1.0,0.0,0.0,0.0,0.0,0.0,0.0,0.0,0.0,0.0,0.0,0.0,0.0,0.0
Bbe7750ad7788,Sc17507c06476,front,9.0,focus,1.0,0.0,1.0,0.0,0.0,0.0,0.0,0.0,0.0,0.0,0.0,0.0,0.0,0.0,0.0,0.0
Bbe7750ad7788,Sc17507c06476,overhead,0.0,focus,0.0,1.0,0.0,0.0,0.0,0.0,0.0,0.0,0.0,0.0,0.0,0.0,0.0,0.0,0.0,0.0
Bbe7750ad7788,Sc17507c06476,overhead,1.0,focus,0.0,1.0,0.0,0.0,0.0,0.0,0.0,0.0,0.0,0.0,0.0,0.0,0.0,0.0,0.0,0.0
Bbe7750ad7788,Sc17507c06476,overhead,2.0,focus,0.0,1.0,0.0,0.0,0.0,0.0,0.0,0.0,0.0,0.0,0.0,0.0,0.0,0.0,0.0,0.0
Bbe7750ad7788,Sc17507c06476,overhead,3.0,focus,0.0,1.0,0.0,0.0,0.0,0.0,0.0,0.0,0.0,0.0,0.0,0.0,0.0,0.0,0.0,0.0
Bbe7750ad7788,Sc17507c06476,overhead,4.0,focus,0.0,1.0,0.0,0.0,0.0,0.0,0.0,0.0,0.0,0.0,0.0,0.0,0.0,0.0,0.0,0.0
Bbe7750ad7788,Sc17507c06476,overhead,5.0,focus,0.0,1.0,0.0,0.0,0.0,0.0,0.0,0.0,0.0,0.0,0.0,0.0,0.0,0.0,0.0,0.0
Bbe7750ad7788,Sc17507c06476,overhead,6.0,focus,0.0,1.0,0.0,0.0,0.0,0.0,0.0,0.0,0.0,0.0,0.0,0.0,0.0,0.0,0.0,0.0
Bbe7750ad7788,Sc17507c06476,overhead,7.0,focus,0.0,1.0,0.0,0.0,0.0,1.0,0.0,0.0,0.0,0.0,1.0,0.0,0.0,0.0,0.0,0.0
Bbe7750ad7788,Sc17507c06476,overhead,8.0,focus,0.0,1.0,0.0,0.0,0.0,1.0,0.0,0.0,0.0,0.0,1.0,0.0,0.0,0.0,0.0,0.0
Bbe7750ad7788,Sc17507c06476,overhead,9.0,focus,0.0,1.0,0.0,0.0,0.0,0.0,0.0,0.0,0.0,0.0,0.0,0.0,0.0,0.0,0.0,0.0
Bbf346fe2bf9b,S08ea3e793bb0,front,0.0,focus,1.0,0.0,0.0,0.0,0.0,1.0,0.0,0.0,0.0,0.0,1.0,0.0,0.0,0.0,0.0,0.0
Bbf346fe2bf9b,S08ea3e793bb0,front,1.0,focus,1.0,0.0,0.0,0.0,0.0,1.0,0.0,0.0,0.0,0.0,1.0,0.0,0.0,0.0,0.0,0.0
Bbf346fe2bf9b,S08ea3e793bb0,front,2.0,focus,1.0,0.0,0.0,0.0,0.0,0.0,0.0,0.0,0.0,0.0,1.0,0.0,0.0,0.0,0.0,0.0
Bbf346fe2bf9b,S08ea3e793bb0,front,3.0,focus,1.0,0.0,0.0,0.0,0.0,0.0,0.0,0.0,0.0,0.0,1.0,0.0,0.0,0.0,0.0,0.0
Bbf346fe2bf9b,S08ea3e793bb0,front,4.0,focus,1.0,0.0,0.0,0.0,0.0,0.0,0.0,0.0,0.0,0.0,0.0,0.0,0.0,0.0,0.0,0.0
Bbf346fe2bf9b,S08ea3e793bb0,front,5.0,focus,1.0,0.0,1.0,0.0,0.0,0.0,0.0,0.0,0.0,0.0,1.0,0.0,0.0,0.0,0.0,0.0
Bbf346fe2bf9b,S08ea3e793bb0,front,6.0,focus,1.0,0.0,1.0,0.0,0.0,0.0,0.0,0.0,0.0,0.0,1.0,0.0,0.0,0.0,0.0,0.0
Bbf346fe2bf9b,S08ea3e793bb0,front,7.0,focus,1.0,0.0,0.0,0.0,0.0,0.0,0.0,0.0,0.0,0.0,0.0,0.0,0.0,0.0,0.0,1.0
Bbf346fe2bf9b,S08ea3e793bb0,front,8.0,focus,1.0,0.0,0.0,0.0,0.0,0.0,0.0,0.0,0.0,0.0,0.0,0.0,0.0,0.0,0.0,1.0
Bbf346fe2bf9b,S08ea3e793bb0,front,9.0,focus,1.0,0.0,0.0,0.0,0.0,0.0,0.0,0.0,0.0,0.0,1.0,0.0,0.0,0.0,0.0,1.0
Bbf346fe2bf9b,S08ea3e793bb0,overhead,0.0,focus,0.0,1.0,0.0,0.0,0.0,0.0,0.0,0.0,0.0,0.0,0.0,0.0,0.0,0.0,0.0,0.0
Bbf346fe2bf9b,S08ea3e793bb0,overhead,1.0,focus,0.0,1.0,0.0,0.0,0.0,1.0,0.0,0.0,0.0,0.0,1.0,0.0,0.0,0.0,0.0,0.0
Bbf346fe2bf9b,S08ea3e793bb0,overhead,2.0,focus,0.0,1.0,0.0,0.0,0.0,1.0,0.0,0.0,0.0,0.0,1.0,0.0,0.0,0.0,0.0,0.0
Bbf346fe2bf9b,S08ea3e793bb0,overhead,3.0,focus,0.0,1.0,0.0,0.0,0.0,1.0,0.0,0.0,0.0,0.0,1.0,0.0,0.0,0.0,0.0,0.0
Bbf346fe2bf9b,S08ea3e793bb0,overhead,4.0,focus,0.0,1.0,0.0,0.0,0.0,0.0,0.0,0.0,0.0,0.0,0.0,0.0,0.0,0.0,0.0,0.0
Bbf346fe2bf9b,S08ea3e793bb0,overhead,5.0,focus,0.0,1.0,0.0,0.0,0.0,0.0,0.0,0.0,0.0,0.0,0.0,0.0,0.0,0.0,0.0,0.0
Bbf346fe2bf9b,S08ea3e793bb0,overhead,6.0,focus,0.0,1.0,0.0,0.0,0.0,0.0,0.0,0.0,0.0,0.0,0.0,0.0,0.0,0.0,0.0,0.0
Bbf346fe2bf9b,S08ea3e793bb0,overhead,7.0,focus,0.0,1.0,0.0,0.0,0.0,1.0,0.0,0.0,0.0,0.0,1.0,0.0,0.0,0.0,0.0,0.0
Bbf346fe2bf9b,S08ea3e793bb0,overhead,8.0,focus,0.0,1.0,0.0,0.0,0.0,1.0,0.0,0.0,0.0,0.0,1.0,0.0,0.0,0.0,0.0,0.0
Bbf346fe2bf9b,S08ea3e793bb0,overhead,9.0,focus,0.0,1.0,0.0,0.0,0.0,1.0,0.0,0.0,0.0,0.0,1.0,0.0,0.0,0.0,0.0,0.0
Bbf3714adbf63,Sb97749af3711,front,0.0,unknown,1.0,0.0,0.0,0.0,0.0,0.0,0.0,0.0,0.0,0.0,0.0,0.0,0.0,0.0,0.0,0.0
Bbf3714adbf63,Sb97749af3711,front,1.0,unknown,1.0,0.0,0.0,0.0,0.0,0.0,0.0,0.0,0.0,0.0,0.0,0.0,0.0,0.0,0.0,0.0
Bbf3714adbf63,Sb97749af3711,front,2.0,unknown,1.0,0.0,0.0,0.0,0.0,0.0,0.0,0.0,0.0,0.0,0.0,0.0,0.0,0.0,0.0,0.0
Bbf3714adbf63,Sb97749af3711,front,3.0,unknown,1.0,0.0,0.0,0.0,0.0,0.0,0.0,0.0,0.0,0.0,0.0,0.0,0.0,0.0,0.0,0.0
Bbf3714adbf63,Sb97749af3711,front,4.0,unknown,1.0,0.0,0.0,0.0,0.0,0.0,0.0,0.0,0.0,0.0,0.0,0.0,0.0,0.0,0.0,0.0
Bbf3714adbf63,Sb97749af3711,front,5.0,unknown,1.0,0.0,0.0,0.0,0.0,0.0,0.0,0.0,0.0,0.0,0.0,0.0,0.0,0.0,0.0,0.0
Bbf3714adbf63,Sb97749af3711,front,6.0,unknown,1.0,0.0,0.0,0.0,0.0,0.0,0.0,0.0,0.0,0.0,0.0,0.0,0.0,0.0,0.0,0.0
Bbf3714adbf63,Sb97749af3711,front,7.0,unknown,1.0,0.0,0.0,0.0,0.0,0.0,0.0,0.0,0.0,0.0,0.0,0.0,0.0,0.0,0.0,0.0
Bbf3714adbf63,Sb97749af3711,front,8.0,unknown,1.0,0.0,0.0,0.0,0.0,0.0,0.0,0.0,0.0,0.0,0.0,0.0,0.0,0.0,0.0,0.0
Bbf3714adbf63,Sb97749af3711,front,9.0,unknown,1.0,0.0,0.0,0.0,0.0,0.0,0.0,0.0,0.0,0.0,0.0,0.0,0.0,0.0,0.0,0.0
Bbf3714adbf63,Sb97749af3711,overhead,0.0,unknown,0.0,1.0,0.0,0.0,0.0,0.0,0.0,0.0,0.0,0.0,0.0,0.0,0.0,0.0,0.0,0.0
Bbf3714adbf63,Sb97749af3711,overhead,1.0,unknown,0.0,1.0,0.0,0.0,0.0,0.0,0.0,0.0,0.0,0.0,0.0,0.0,0.0,0.0,0.0,0.0
Bbf3714adbf63,Sb97749af3711,overhead,2.0,unknown,0.0,1.0,0.0,0.0,0.0,0.0,0.0,0.0,0.0,0.0,0.0,0.0,0.0,0.0,0.0,0.0
Bbf3714adbf63,Sb97749af3711,overhead,3.0,unknown,0.0,1.0,0.0,0.0,0.0,0.0,0.0,0.0,0.0,0.0,0.0,0.0,0.0,0.0,0.0,0.0
Bbf3714adbf63,Sb97749af3711,overhead,4.0,unknown,0.0,1.0,0.0,0.0,0.0,0.0,0.0,0.0,0.0,0.0,0.0,0.0,0.0,0.0,0.0,0.0
Bbf3714adbf63,Sb97749af3711,overhead,5.0,unknown,0.0,1.0,0.0,0.0,0.0,0.0,0.0,0.0,0.0,0.0,0.0,0.0,0.0,0.0,0.0,0.0
Bbf3714adbf63,Sb97749af3711,overhead,6.0,unknown,0.0,1.0,0.0,0.0,0.0,0.0,0.0,0.0,0.0,0.0,0.0,0.0,0.0,0.0,0.0,0.0
Bbf3714adbf63,Sb97749af3711,overhead,7.0,unknown,0.0,1.0,0.0,0.0,0.0,0.0,0.0,0.0,0.0,0.0,0.0,0.0,0.0,0.0,0.0,0.0
Bbf3714adbf63,Sb97749af3711,overhead,8.0,unknown,0.0,1.0,0.0,0.0,0.0,0.0,0.0,0.0,0.0,0.0,0.0,0.0,0.0,0.0,0.0,0.0
Bbf3714adbf63,Sb97749af3711,overhead,9.0,unknown,0.0,1.0,0.0,0.0,0.0,0.0,0.0,0.0,0.0,0.0,0.0,0.0,0.0,0.0,0.0,0.0
Bbff99994d430,S38533928bb7e,front,525.0,focus,1.0,0.0,1.0,0.0,0.0,0.0,1.0,0.0,1.0,1.0,0.0,1.0,0.0,0.0,0.0,0.0
Bbff99994d430,S38533928bb7e,front,526.0,focus,1.0,0.0,1.0,0.0,0.0,0.0,1.0,0.0,1.0,1.0,0.0,1.0,0.0,0.0,0.0,0.0
Bbff99994d430,S38533928bb7e,front,527.0,focus,1.0,0.0,1.0,0.0,0.0,0.0,1.0,0.0,1.0,1.0,0.0,1.0,0.0,0.0,0.0,0.0
Bbff99994d430,S38533928bb7e,front,528.0,focus,1.0,0.0,1.0,0.0,0.0,0.0,1.0,0.0,1.0,1.0,0.0,1.0,0.0,0.0,0.0,0.0
Bbff99994d430,S38533928bb7e,front,529.0,focus,1.0,0.0,1.0,0.0,0.0,0.0,1.0,0.0,1.0,1.0,0.0,1.0,0.0,0.0,0.0,0.0
Bbff99994d430,S38533928bb7e,front,530.0,focus,1.0,0.0,1.0,0.0,0.0,0.0,1.0,0.0,1.0,1.0,1.0,1.0,0.0,0.0,0.0,0.0
Bbff99994d430,S38533928bb7e,front,531.0,focus,1.0,0.0,1.0,0.0,0.0,0.0,0.0,0.0,0.0,0.0,0.0,0.0,0.0,0.0,0.0,0.0
Bbff99994d430,S38533928bb7e,front,532.0,focus,1.0,0.0,1.0,0.0,0.0,0.0,0.0,0.0,0.0,0.0,1.0,0.0,0.0,0.0,0.0,0.0
Bbff99994d430,S38533928bb7e,overhead,525.0,focus,0.0,1.0,0.0,0.0,0.0,0.0,0.0,0.0,0.0,0.0,0.0,0.0,0.0,0.0,0.0,0.0
Bbff99994d430,S38533928bb7e,overhead,526.0,focus,0.0,1.0,0.0,0.0,0.0,0.0,0.0,0.0,0.0,0.0,0.0,0.0,0.0,0.0,0.0,0.0
Bbff99994d430,S38533928bb7e,overhead,527.0,focus,0.0,1.0,0.0,0.0,0.0,0.0,0.0,0.0,0.0,0.0,0.0,0.0,0.0,0.0,0.0,0.0
Bbff99994d430,S38533928bb7e,overhead,528.0,focus,0.0,1.0,0.0,0.0,0.0,0.0,0.0,0.0,0.0,0.0,0.0,0.0,0.0,0.0,0.0,0.0
Bbff99994d430,S38533928bb7e,overhead,529.0,focus,0.0,1.0,0.0,0.0,0.0,0.0,0.0,0.0,0.0,0.0,0.0,0.0,0.0,0.0,0.0,0.0
Bbff99994d430,S38533928bb7e,overhead,530.0,focus,0.0,1.0,0.0,0.0,0.0,0.0,0.0,0.0,0.0,0.0,0.0,0.0,0.0,0.0,0.0,0.0
Bbff99994d430,S38533928bb7e,overhead,531.0,focus,0.0,1.0,0.0,0.0,0.0,0.0,0.0,0.0,0.0,0.0,0.0,0.0,0.0,0.0,0.0,0.0
Bbff99994d430,S38533928bb7e,overhead,532.0,focus,0.0,1.0,0.0,0.0,0.0,0.0,0.0,0.0,0.0,0.0,0.0,0.0,0.0,0.0,0.0,0.0
Bc060e46fe637,S38533928bb7e,front,2816.0,gaze_down,1.0,0.0,1.0,0.0,0.0,0.0,0.0,0.0,0.0,0.0,1.0,0.0,0.0,0.0,0.0,0.0
Bc060e46fe637,S38533928bb7e,front,2817.0,gaze_down,1.0,0.0,0.0,0.0,0.0,0.0,0.0,0.0,0.0,0.0,1.0,1.0,0.0,0.0,0.0,1.0
Bc060e46fe637,S38533928bb7e,front,2818.0,gaze_down,1.0,0.0,1.0,0.0,1.0,1.0,0.0,0.0,0.0,0.0,1.0,0.0,0.0,0.0,0.0,0.0
Bc060e46fe637,S38533928bb7e,front,2819.0,gaze_down,1.0,0.0,1.0,0.0,1.0,1.0,0.0,0.0,0.0,0.0,1.0,0.0,0.0,0.0,0.0,0.0
Bc060e46fe637,S38533928bb7e,front,2820.0,gaze_down,1.0,0.0,1.0,0.0,0.0,1.0,0.0,0.0,0.0,0.0,1.0,0.0,0.0,0.0,0.0,0.0
Bc060e46fe637,S38533928bb7e,front,2821.0,gaze_down,1.0,0.0,0.0,0.0,0.0,0.0,0.0,0.0,0.0,0.0,0.0,1.0,0.0,0.0,0.0,1.0
Bc060e46fe637,S38533928bb7e,overhead,2816.0,gaze_down,0.0,1.0,0.0,0.0,0.0,0.0,0.0,0.0,0.0,0.0,0.0,0.0,0.0,0.0,0.0,0.0
Bc060e46fe637,S38533928bb7e,overhead,2817.0,gaze_down,0.0,1.0,0.0,0.0,0.0,1.0,0.0,0.0,0.0,0.0,1.0,0.0,0.0,0.0,0.0,0.0
Bc060e46fe637,S38533928bb7e,overhead,2818.0,gaze_down,0.0,1.0,0.0,0.0,0.0,1.0,0.0,0.0,0.0,0.0,1.0,0.0,0.0,0.0,0.0,0.0
Bc060e46fe637,S38533928bb7e,overhead,2819.0,gaze_down,0.0,1.0,0.0,0.0,0.0,1.0,0.0,0.0,0.0,0.0,1.0,0.0,0.0,0.0,0.0,0.0
Bc060e46fe637,S38533928bb7e,overhead,2820.0,gaze_down,0.0,1.0,0.0,0.0,0.0,1.0,0.0,0.0,0.0,0.0,1.0,0.0,0.0,0.0,0.0,0.0
Bc060e46fe637,S38533928bb7e,overhead,2821.0,gaze_down,0.0,1.0,0.0,0.0,0.0,1.0,0.0,0.0,0.0,0.0,1.0,0.0,0.0,0.0,0.0,0.0
Bc11cc5cb344c,Sd507e72fb21a,front,0.0,unknown,1.0,0.0,0.0,0.0,0.0,0.0,0.0,0.0,0.0,0.0,0.0,0.0,0.0,0.0,0.0,0.0
Bc11cc5cb344c,Sd507e72fb21a,front,1.0,unknown,1.0,0.0,0.0,0.0,0.0,0.0,0.0,0.0,0.0,0.0,0.0,0.0,0.0,0.0,0.0,0.0
Bc11cc5cb344c,Sd507e72fb21a,front,2.0,unknown,1.0,0.0,0.0,0.0,0.0,0.0,0.0,0.0,0.0,0.0,0.0,0.0,0.0,0.0,0.0,0.0
Bc11cc5cb344c,Sd507e72fb21a,front,3.0,unknown,1.0,0.0,0.0,0.0,0.0,0.0,0.0,0.0,0.0,0.0,0.0,0.0,0.0,0.0,0.0,0.0
Bc11cc5cb344c,Sd507e72fb21a,front,4.0,unknown,1.0,0.0,0.0,0.0,0.0,0.0,0.0,0.0,0.0,0.0,0.0,0.0,0.0,0.0,0.0,0.0
Bc11cc5cb344c,Sd507e72fb21a,front,5.0,unknown,1.0,0.0,0.0,0.0,0.0,0.0,0.0,0.0,0.0,0.0,0.0,0.0,0.0,0.0,0.0,0.0
Bc11cc5cb344c,Sd507e72fb21a,front,6.0,unknown,1.0,0.0,0.0,0.0,0.0,0.0,0.0,0.0,0.0,0.0,0.0,0.0,0.0,0.0,0.0,0.0
Bc11cc5cb344c,Sd507e72fb21a,front,7.0,unknown,1.0,0.0,0.0,0.0,0.0,0.0,0.0,0.0,0.0,0.0,0.0,0.0,0.0,0.0,0.0,0.0
Bc11cc5cb344c,Sd507e72fb21a,front,8.0,unknown,1.0,0.0,0.0,0.0,0.0,0.0,0.0,0.0,0.0,0.0,0.0,0.0,0.0,0.0,0.0,0.0
Bc11cc5cb344c,Sd507e72fb21a,front,9.0,unknown,1.0,0.0,0.0,0.0,0.0,0.0,0.0,0.0,0.0,0.0,0.0,0.0,0.0,0.0,0.0,0.0
Bc11cc5cb344c,Sd507e72fb21a,overhead,0.0,unknown,0.0,1.0,0.0,0.0,0.0,0.0,0.0,0.0,0.0,0.0,0.0,0.0,0.0,0.0,0.0,0.0
Bc11cc5cb344c,Sd507e72fb21a,overhead,1.0,unknown,0.0,1.0,0.0,0.0,0.0,0.0,0.0,0.0,0.0,0.0,0.0,0.0,0.0,0.0,0.0,0.0
Bc11cc5cb344c,Sd507e72fb21a,overhead,2.0,unknown,0.0,1.0,0.0,0.0,0.0,0.0,0.0,0.0,0.0,0.0,0.0,0.0,0.0,0.0,0.0,0.0
Bc11cc5cb344c,Sd507e72fb21a,overhead,3.0,unknown,0.0,1.0,0.0,0.0,0.0,0.0,0.0,0.0,0.0,0.0,0.0,0.0,0.0,0.0,0.0,0.0
Bc11cc5cb344c,Sd507e72fb21a,overhead,4.0,unknown,0.0,1.0,0.0,0.0,0.0,0.0,0.0,0.0,0.0,0.0,0.0,0.0,0.0,0.0,0.0,0.0
Bc11cc5cb344c,Sd507e72fb21a,overhead,5.0,unknown,0.0,1.0,0.0,0.0,0.0,0.0,0.0,0.0,0.0,0.0,0.0,0.0,0.0,0.0,0.0,0.0
Bc11cc5cb344c,Sd507e72fb21a,overhead,6.0,unknown,0.0,1.0,0.0,0.0,0.0,0.0,0.0,0.0,0.0,0.0,0.0,0.0,0.0,0.0,0.0,0.0
Bc11cc5cb344c,Sd507e72fb21a,overhead,7.0,unknown,0.0,1.0,0.0,0.0,0.0,0.0,0.0,0.0,0.0,0.0,0.0,0.0,0.0,0.0,0.0,0.0
Bc11cc5cb344c,Sd507e72fb21a,overhead,8.0,unknown,0.0,1.0,0.0,0.0,0.0,0.0,0.0,0.0,0.0,0.0,0.0,0.0,0.0,0.0,0.0,0.0
Bc11cc5cb344c,Sd507e72fb21a,overhead,9.0,unknown,0.0,1.0,0.0,0.0,0.0,0.0,0.0,0.0,0.0,0.0,0.0,0.0,0.0,0.0,0.0,0.0
Bc18c3fff2902,S38533928bb7e,front,3113.0,gaze_down,1.0,0.0,1.0,0.0,1.0,1.0,0.0,0.0,0.0,0.0,1.0,0.0,0.0,0.0,0.0,0.0
Bc18c3fff2902,S38533928bb7e,front,3114.0,gaze_down,1.0,0.0,1.0,0.0,0.0,1.0,0.0,0.0,0.0,0.0,1.0,0.0,0.0,0.0,0.0,0.0
Bc18c3fff2902,S38533928bb7e,front,3115.0,gaze_down,1.0,0.0,1.0,0.0,1.0,1.0,0.0,0.0,0.0,0.0,1.0,0.0,0.0,0.0,0.0,0.0
Bc18c3fff2902,S38533928bb7e,front,3116.0,gaze_down,1.0,0.0,1.0,0.0,1.0,1.0,0.0,0.0,0.0,0.0,1.0,0.0,0.0,0.0,0.0,0.0
Bc18c3fff2902,S38533928bb7e,front,3117.0,gaze_down,1.0,0.0,1.0,0.0,1.0,1.0,0.0,0.0,0.0,0.0,1.0,0.0,0.0,0.0,0.0,0.0
Bc18c3fff2902,S38533928bb7e,front,3118.0,gaze_down,1.0,0.0,1.0,0.0,1.0,1.0,0.0,0.0,0.0,0.0,1.0,0.0,0.0,0.0,0.0,0.0
Bc18c3fff2902,S38533928bb7e,front,3119.0,gaze_down,1.0,0.0,1.0,0.0,1.0,1.0,0.0,0.0,0.0,0.0,1.0,0.0,0.0,0.0,0.0,0.0
Bc18c3fff2902,S38533928bb7e,front,3120.0,gaze_down,1.0,0.0,1.0,0.0,0.0,1.0,0.0,0.0,0.0,0.0,1.0,0.0,0.0,0.0,0.0,0.0
Bc18c3fff2902,S38533928bb7e,overhead,3113.0,gaze_down,0.0,1.0,0.0,0.0,0.0,0.0,0.0,0.0,0.0,0.0,0.0,0.0,0.0,0.0,0.0,0.0
Bc18c3fff2902,S38533928bb7e,overhead,3114.0,gaze_down,0.0,1.0,0.0,0.0,0.0,0.0,0.0,0.0,0.0,0.0,0.0,0.0,0.0,0.0,0.0,0.0
Bc18c3fff2902,S38533928bb7e,overhead,3115.0,gaze_down,0.0,1.0,0.0,0.0,0.0,0.0,0.0,0.0,0.0,0.0,0.0,0.0,0.0,0.0,0.0,0.0
Bc18c3fff2902,S38533928bb7e,overhead,3116.0,gaze_down,0.0,1.0,0.0,0.0,0.0,0.0,0.0,0.0,0.0,0.0,0.0,0.0,0.0,0.0,0.0,0.0
Bc18c3fff2902,S38533928bb7e,overhead,3117.0,gaze_down,0.0,1.0,0.0,0.0,0.0,0.0,0.0,0.0,0.0,0.0,0.0,0.0,0.0,0.0,0.0,0.0
Bc18c3fff2902,S38533928bb7e,overhead,3118.0,gaze_down,0.0,1.0,0.0,0.0,0.0,0.0,0.0,0.0,0.0,0.0,0.0,0.0,0.0,0.0,0.0,0.0
Bc18c3fff2902,S38533928bb7e,overhead,3119.0,gaze_down,0.0,1.0,0.0,0.0,0.0,0.0,0.0,0.0,0.0,0.0,0.0,0.0,0.0,0.0,0.0,0.0
Bc18c3fff2902,S38533928bb7e,overhead,3120.0,gaze_down,0.0,1.0,0.0,0.0,0.0,0.0,0.0,0.0,0.0,0.0,0.0,0.0,0.0,0.0,0.0,0.0
Bc1c074e17d13,S08ea3e793bb0,front,0.0,focus,1.0,0.0,0.0,0.0,0.0,0.0,0.0,0.0,0.0,0.0,0.0,0.0,0.0,0.0,0.0,0.0
Bc1c074e17d13,S08ea3e793bb0,front,1.0,focus,1.0,0.0,0.0,0.0,0.0,0.0,0.0,0.0,0.0,0.0,0.0,0.0,0.0,0.0,0.0,0.0
Bc1c074e17d13,S08ea3e793bb0,front,2.0,focus,1.0,0.0,0.0,0.0,0.0,0.0,0.0,0.0,0.0,0.0,0.0,0.0,0.0,0.0,0.0,0.0
Bc1c074e17d13,S08ea3e793bb0,front,3.0,focus,1.0,0.0,0.0,0.0,0.0,0.0,0.0,0.0,0.0,0.0,0.0,0.0,0.0,0.0,0.0,0.0
Bc1c074e17d13,S08ea3e793bb0,front,4.0,focus,1.0,0.0,0.0,0.0,0.0,0.0,0.0,0.0,0.0,0.0,0.0,0.0,0.0,0.0,0.0,0.0
Bc1c074e17d13,S08ea3e793bb0,front,5.0,focus,1.0,0.0,0.0,0.0,0.0,0.0,0.0,0.0,0.0,0.0,0.0,0.0,0.0,0.0,0.0,0.0
Bc1c074e17d13,S08ea3e793bb0,front,6.0,focus,1.0,0.0,0.0,0.0,0.0,0.0,0.0,0.0,0.0,0.0,0.0,0.0,0.0,0.0,0.0,0.0
Bc1c074e17d13,S08ea3e793bb0,front,7.0,focus,1.0,0.0,0.0,0.0,0.0,0.0,0.0,0.0,0.0,0.0,1.0,0.0,0.0,0.0,0.0,0.0
Bc1c074e17d13,S08ea3e793bb0,front,8.0,focus,1.0,0.0,0.0,0.0,0.0,0.0,0.0,0.0,0.0,0.0,0.0,0.0,0.0,0.0,0.0,0.0
Bc1c074e17d13,S08ea3e793bb0,front,9.0,focus,1.0,0.0,0.0,0.0,0.0,0.0,0.0,0.0,0.0,0.0,0.0,0.0,0.0,0.0,0.0,0.0
Bc1c074e17d13,S08ea3e793bb0,overhead,0.0,focus,0.0,1.0,0.0,0.0,0.0,0.0,0.0,0.0,0.0,0.0,0.0,0.0,0.0,0.0,0.0,0.0
Bc1c074e17d13,S08ea3e793bb0,overhead,1.0,focus,0.0,1.0,0.0,0.0,0.0,0.0,0.0,0.0,0.0,0.0,0.0,0.0,0.0,0.0,0.0,0.0
Bc1c074e17d13,S08ea3e793bb0,overhead,2.0,focus,0.0,1.0,0.0,0.0,0.0,0.0,0.0,0.0,0.0,0.0,1.0,0.0,0.0,0.0,0.0,0.0
Bc1c074e17d13,S08ea3e793bb0,overhead,3.0,focus,0.0,1.0,0.0,0.0,0.0,0.0,0.0,0.0,0.0,0.0,0.0,0.0,0.0,0.0,0.0,0.0
Bc1c074e17d13,S08ea3e793bb0,overhead,4.0,focus,0.0,1.0,0.0,0.0,0.0,0.0,0.0,0.0,0.0,0.0,0.0,0.0,0.0,0.0,0.0,0.0
Bc1c074e17d13,S08ea3e793bb0,overhead,5.0,focus,0.0,1.0,0.0,0.0,0.0,0.0,0.0,0.0,0.0,0.0,1.0,0.0,0.0,0.0,0.0,0.0
Bc1c074e17d13,S08ea3e793bb0,overhead,6.0,focus,0.0,1.0,0.0,0.0,0.0,0.0,0.0,0.0,0.0,0.0,1.0,0.0,0.0,0.0,0.0,0.0
Bc1c074e17d13,S08ea3e793bb0,overhead,7.0,focus,0.0,1.0,0.0,0.0,0.0,0.0,0.0,0.0,0.0,0.0,0.0,0.0,0.0,0.0,0.0,0.0
Bc1c074e17d13,S08ea3e793bb0,overhead,8.0,focus,0.0,1.0,0.0,0.0,0.0,0.0,0.0,0.0,0.0,0.0,0.0,0.0,0.0,0.0,0.0,0.0
Bc1c074e17d13,S08ea3e793bb0,overhead,9.0,focus,0.0,1.0,0.0,0.0,0.0,0.0,0.0,0.0,0.0,0.0,0.0,0.0,0.0,0.0,0.0,0.0
Bc3f221523f0c,S38533928bb7e,front,2607.0,gaze_side,1.0,0.0,1.0,1.0,0.0,1.0,0.0,0.0,0.0,0.0,1.0,0.0,0.0,0.0,0.0,0.0
Bc3f221523f0c,S38533928bb7e,front,2608.0,gaze_side,1.0,0.0,1.0,1.0,0.0,1.0,0.0,0.0,0.0,0.0,1.0,0.0,0.0,0.0,0.0,0.0
Bc3f221523f0c,S38533928bb7e,front,2609.0,gaze_side,1.0,0.0,1.0,1.0,0.0,0.0,0.0,0.0,0.0,0.0,1.0,0.0,0.0,0.0,0.0,0.0
Bc3f221523f0c,S38533928bb7e,front,2610.0,gaze_side,1.0,0.0,1.0,1.0,0.0,1.0,0.0,0.0,0.0,0.0,1.0,0.0,0.0,0.0,0.0,0.0
Bc3f221523f0c,S38533928bb7e,front,2611.0,gaze_side,1.0,0.0,1.0,1.0,0.0,1.0,0.0,0.0,0.0,0.0,1.0,0.0,0.0,0.0,0.0,0.0
Bc3f221523f0c,S38533928bb7e,front,2612.0,gaze_side,1.0,0.0,1.0,1.0,0.0,0.0,0.0,0.0,0.0,0.0,1.0,0.0,0.0,0.0,0.0,0.0
Bc3f221523f0c,S38533928bb7e,overhead,2607.0,gaze_side,0.0,1.0,0.0,0.0,0.0,0.0,0.0,0.0,0.0,0.0,0.0,0.0,0.0,0.0,0.0,0.0
Bc3f221523f0c,S38533928bb7e,overhead,2608.0,gaze_side,0.0,1.0,0.0,0.0,0.0,0.0,0.0,0.0,0.0,0.0,0.0,0.0,0.0,0.0,0.0,0.0
Bc3f221523f0c,S38533928bb7e,overhead,2609.0,gaze_side,0.0,1.0,0.0,0.0,0.0,0.0,0.0,0.0,0.0,0.0,0.0,0.0,0.0,0.0,0.0,0.0
Bc3f221523f0c,S38533928bb7e,overhead,2610.0,gaze_side,0.0,1.0,0.0,0.0,0.0,0.0,0.0,0.0,0.0,0.0,0.0,0.0,0.0,0.0,0.0,0.0
Bc3f221523f0c,S38533928bb7e,overhead,2611.0,gaze_side,0.0,1.0,0.0,0.0,0.0,0.0,0.0,0.0,0.0,0.0,0.0,0.0,0.0,0.0,0.0,0.0
Bc3f221523f0c,S38533928bb7e,overhead,2612.0,gaze_side,0.0,1.0,0.0,0.0,0.0,0.0,0.0,0.0,0.0,0.0,0.0,0.0,0.0,0.0,0.0,0.0
Bc48c472c015e,Se9ae4c661219,front,0.0,focus,1.0,0.0,0.0,0.0,0.0,0.0,0.0,0.0,0.0,0.0,0.0,0.0,0.0,0.0,0.0,0.0
Bc48c472c015e,Se9ae4c661219,front,1.0,focus,1.0,0.0,0.0,0.0,0.0,0.0,0.0,0.0,0.0,0.0,0.0,0.0,0.0,0.0,0.0,0.0
Bc48c472c015e,Se9ae4c661219,front,2.0,focus,1.0,0.0,0.0,0.0,0.0,0.0,0.0,0.0,0.0,0.0,0.0,0.0,0.0,0.0,0.0,0.0
Bc48c472c015e,Se9ae4c661219,front,3.0,focus,1.0,0.0,0.0,0.0,0.0,0.0,0.0,0.0,0.0,0.0,0.0,0.0,0.0,0.0,0.0,0.0
Bc48c472c015e,Se9ae4c661219,front,4.0,focus,1.0,0.0,0.0,0.0,0.0,0.0,0.0,0.0,0.0,0.0,0.0,0.0,0.0,0.0,0.0,0.0
Bc48c472c015e,Se9ae4c661219,front,5.0,focus,1.0,0.0,0.0,0.0,0.0,0.0,0.0,0.0,0.0,0.0,0.0,0.0,0.0,0.0,0.0,0.0
Bc48c472c015e,Se9ae4c661219,front,6.0,focus,1.0,0.0,0.0,0.0,0.0,0.0,0.0,0.0,0.0,0.0,0.0,0.0,0.0,0.0,0.0,0.0
Bc48c472c015e,Se9ae4c661219,front,7.0,focus,1.0,0.0,0.0,0.0,0.0,0.0,0.0,0.0,0.0,0.0,0.0,0.0,0.0,0.0,0.0,0.0
Bc48c472c015e,Se9ae4c661219,front,8.0,focus,1.0,0.0,0.0,0.0,0.0,0.0,0.0,0.0,0.0,0.0,0.0,0.0,0.0,0.0,0.0,0.0
Bc48c472c015e,Se9ae4c661219,front,9.0,focus,1.0,0.0,0.0,0.0,0.0,0.0,0.0,0.0,0.0,0.0,0.0,0.0,0.0,0.0,0.0,0.0
Bc48c472c015e,Se9ae4c661219,overhead,0.0,focus,0.0,1.0,0.0,0.0,0.0,1.0,0.0,0.0,0.0,0.0,1.0,0.0,0.0,0.0,0.0,0.0
Bc48c472c015e,Se9ae4c661219,overhead,1.0,focus,0.0,1.0,0.0,0.0,0.0,1.0,0.0,0.0,0.0,0.0,1.0,0.0,0.0,0.0,0.0,0.0
Bc48c472c015e,Se9ae4c661219,overhead,2.0,focus,0.0,1.0,0.0,0.0,0.0,1.0,0.0,0.0,0.0,0.0,1.0,0.0,0.0,0.0,0.0,0.0
Bc48c472c015e,Se9ae4c661219,overhead,3.0,focus,0.0,1.0,0.0,0.0,0.0,1.0,0.0,0.0,0.0,0.0,1.0,0.0,0.0,0.0,0.0,0.0
Bc48c472c015e,Se9ae4c661219,overhead,4.0,focus,0.0,1.0,0.0,0.0,0.0,1.0,0.0,0.0,0.0,0.0,1.0,0.0,0.0,0.0,0.0,0.0
Bc48c472c015e,Se9ae4c661219,overhead,5.0,focus,0.0,1.0,0.0,0.0,0.0,1.0,0.0,0.0,0.0,0.0,1.0,0.0,0.0,0.0,0.0,0.0
Bc48c472c015e,Se9ae4c661219,overhead,6.0,focus,0.0,1.0,0.0,0.0,0.0,1.0,0.0,0.0,0.0,0.0,1.0,0.0,0.0,0.0,0.0,0.0
Bc48c472c015e,Se9ae4c661219,overhead,7.0,focus,0.0,1.0,0.0,0.0,0.0,1.0,0.0,0.0,0.0,0.0,1.0,0.0,0.0,0.0,0.0,0.0
Bc48c472c015e,Se9ae4c661219,overhead,8.0,focus,0.0,1.0,0.0,0.0,0.0,1.0,0.0,0.0,0.0,0.0,1.0,0.0,0.0,0.0,0.0,0.0
Bc48c472c015e,Se9ae4c661219,overhead,9.0,focus,0.0,1.0,0.0,0.0,0.0,1.0,0.0,0.0,0.0,0.0,1.0,0.0,0.0,0.0,0.0,0.0
Bc5727cc12bd7,S08ea3e793bb0,front,0.0,focus,1.0,0.0,1.0,0.0,0.0,0.0,0.0,0.0,0.0,0.0,0.0,0.0,0.0,0.0,0.0,0.0
Bc5727cc12bd7,S08ea3e793bb0,front,1.0,focus,1.0,0.0,0.0,0.0,0.0,0.0,0.0,0.0,0.0,0.0,0.0,0.0,0.0,0.0,0.0,1.0
Bc5727cc12bd7,S08ea3e793bb0,front,2.0,focus,1.0,0.0,1.0,0.0,0.0,0.0,0.0,0.0,0.0,0.0,1.0,0.0,0.0,0.0,0.0,0.0
Bc5727cc12bd7,S08ea3e793bb0,front,3.0,focus,1.0,0.0,0.0,0.0,0.0,0.0,0.0,0.0,0.0,0.0,0.0,0.0,0.0,0.0,0.0,0.0
Bc5727cc12bd7,S08ea3e793bb0,front,4.0,focus,1.0,0.0,0.0,0.0,0.0,0.0,0.0,0.0,0.0,0.0,0.0,0.0,0.0,0.0,0.0,0.0
Bc5727cc12bd7,S08ea3e793bb0,front,5.0,focus,1.0,0.0,0.0,0.0,0.0,0.0,0.0,0.0,0.0,0.0,0.0,0.0,0.0,0.0,0.0,0.0
Bc5727cc12bd7,S08ea3e793bb0,front,6.0,focus,1.0,0.0,0.0,0.0,0.0,0.0,0.0,0.0,0.0,0.0,0.0,0.0,0.0,0.0,0.0,0.0
Bc5727cc12bd7,S08ea3e793bb0,front,7.0,focus,1.0,0.0,0.0,0.0,0.0,0.0,0.0,0.0,0.0,0.0,0.0,0.0,0.0,0.0,0.0,0.0
Bc5727cc12bd7,S08ea3e793bb0,front,8.0,focus,1.0,0.0,0.0,0.0,0.0,0.0,0.0,0.0,0.0,0.0,0.0,0.0,0.0,0.0,0.0,0.0
Bc5727cc12bd7,S08ea3e793bb0,front,9.0,focus,1.0,0.0,0.0,0.0,0.0,0.0,0.0,0.0,0.0,0.0,0.0,0.0,0.0,0.0,0.0,0.0
Bc5727cc12bd7,S08ea3e793bb0,overhead,0.0,focus,0.0,1.0,0.0,0.0,0.0,1.0,0.0,0.0,0.0,0.0,0.0,0.0,0.0,0.0,0.0,0.0
Bc5727cc12bd7,S08ea3e793bb0,overhead,1.0,focus,0.0,1.0,0.0,0.0,0.0,1.0,0.0,0.0,0.0,0.0,0.0,0.0,0.0,0.0,0.0,0.0
Bc5727cc12bd7,S08ea3e793bb0,overhead,2.0,focus,0.0,1.0,0.0,0.0,0.0,0.0,0.0,0.0,0.0,0.0,0.0,0.0,0.0,0.0,0.0,0.0
Bc5727cc12bd7,S08ea3e793bb0,overhead,3.0,focus,0.0,1.0,0.0,0.0,0.0,0.0,0.0,0.0,0.0,0.0,0.0,0.0,0.0,0.0,0.0,0.0
Bc5727cc12bd7,S08ea3e793bb0,overhead,4.0,focus,0.0,1.0,0.0,0.0,0.0,0.0,0.0,0.0,0.0,0.0,0.0,0.0,0.0,0.0,0.0,0.0
Bc5727cc12bd7,S08ea3e793bb0,overhead,5.0,focus,0.0,1.0,0.0,0.0,0.0,0.0,0.0,0.0,0.0,0.0,1.0,0.0,0.0,0.0,0.0,0.0
Bc5727cc12bd7,S08ea3e793bb0,overhead,6.0,focus,0.0,1.0,0.0,0.0,0.0,0.0,0.0,0.0,0.0,0.0,1.0,0.0,0.0,0.0,0.0,0.0
Bc5727cc12bd7,S08ea3e793bb0,overhead,7.0,focus,0.0,1.0,0.0,0.0,0.0,0.0,0.0,0.0,0.0,0.0,0.0,0.0,0.0,0.0,0.0,0.0
Bc5727cc12bd7,S08ea3e793bb0,overhead,8.0,focus,0.0,1.0,0.0,0.0,0.0,0.0,0.0,0.0,0.0,0.0,0.0,0.0,0.0,0.0,0.0,0.0
Bc5727cc12bd7,S08ea3e793bb0,overhead,9.0,focus,0.0,1.0,0.0,0.0,0.0,0.0,0.0,0.0,0.0,0.0,0.0,0.0,0.0,0.0,0.0,0.0
Bc5c28df6dcfd,Sc17507c06476,front,0.0,focus,1.0,0.0,1.0,0.0,0.0,0.0,0.0,0.0,0.0,0.0,0.0,0.0,0.0,0.0,0.0,0.0
Bc5c28df6dcfd,Sc17507c06476,front,1.0,focus,1.0,0.0,1.0,0.0,0.0,0.0,0.0,0.0,0.0,0.0,0.0,0.0,0.0,0.0,0.0,0.0
Bc5c28df6dcfd,Sc17507c06476,front,2.0,focus,1.0,0.0,1.0,0.0,0.0,0.0,0.0,0.0,0.0,0.0,0.0,0.0,0.0,0.0,0.0,0.0
Bc5c28df6dcfd,Sc17507c06476,front,3.0,focus,1.0,0.0,1.0,0.0,0.0,0.0,0.0,0.0,0.0,0.0,0.0,0.0,0.0,0.0,0.0,0.0
Bc5c28df6dcfd,Sc17507c06476,front,4.0,focus,1.0,0.0,1.0,0.0,0.0,0.0,0.0,0.0,0.0,0.0,0.0,0.0,0.0,0.0,0.0,0.0
Bc5c28df6dcfd,Sc17507c06476,front,5.0,focus,1.0,0.0,1.0,0.0,0.0,0.0,0.0,0.0,0.0,0.0,0.0,0.0,0.0,0.0,0.0,0.0
Bc5c28df6dcfd,Sc17507c06476,front,6.0,focus,1.0,0.0,1.0,0.0,0.0,0.0,0.0,0.0,0.0,0.0,0.0,0.0,0.0,0.0,0.0,0.0
Bc5c28df6dcfd,Sc17507c06476,front,7.0,focus,1.0,0.0,1.0,0.0,0.0,0.0,1.0,1.0,0.0,0.0,0.0,0.0,0.0,0.0,0.0,0.0
Bc5c28df6dcfd,Sc17507c06476,front,8.0,focus,1.0,0.0,1.0,0.0,0.0,0.0,0.0,0.0,0.0,0.0,0.0,0.0,0.0,0.0,0.0,0.0
Bc5c28df6dcfd,Sc17507c06476,front,9.0,focus,1.0,0.0,1.0,0.0,0.0,0.0,0.0,0.0,0.0,0.0,0.0,0.0,0.0,0.0,0.0,0.0
Bc5c28df6dcfd,Sc17507c06476,overhead,0.0,focus,0.0,1.0,0.0,0.0,0.0,0.0,0.0,0.0,0.0,0.0,1.0,0.0,0.0,0.0,0.0,0.0
Bc5c28df6dcfd,Sc17507c06476,overhead,1.0,focus,0.0,1.0,0.0,0.0,0.0,0.0,0.0,0.0,0.0,0.0,1.0,0.0,0.0,0.0,0.0,0.0
Bc5c28df6dcfd,Sc17507c06476,overhead,2.0,focus,0.0,1.0,0.0,0.0,0.0,0.0,0.0,0.0,0.0,0.0,1.0,0.0,0.0,0.0,0.0,0.0
Bc5c28df6dcfd,Sc17507c06476,overhead,3.0,focus,0.0,1.0,0.0,0.0,0.0,0.0,0.0,0.0,0.0,0.0,0.0,0.0,0.0,0.0,0.0,0.0
Bc5c28df6dcfd,Sc17507c06476,overhead,4.0,focus,0.0,1.0,0.0,0.0,0.0,1.0,0.0,0.0,0.0,0.0,1.0,0.0,0.0,0.0,0.0,0.0
Bc5c28df6dcfd,Sc17507c06476,overhead,5.0,focus,0.0,1.0,0.0,0.0,0.0,1.0,0.0,0.0,0.0,0.0,1.0,0.0,0.0,0.0,0.0,0.0
Bc5c28df6dcfd,Sc17507c06476,overhead,6.0,focus,0.0,1.0,0.0,0.0,0.0,1.0,0.0,0.0,0.0,0.0,1.0,0.0,0.0,0.0,0.0,0.0
Bc5c28df6dcfd,Sc17507c06476,overhead,7.0,focus,0.0,1.0,0.0,0.0,0.0,1.0,0.0,0.0,0.0,0.0,1.0,0.0,0.0,0.0,0.0,0.0
Bc5c28df6dcfd,Sc17507c06476,overhead,8.0,focus,0.0,1.0,0.0,0.0,0.0,1.0,0.0,0.0,0.0,0.0,1.0,0.0,0.0,0.0,0.0,0.0
Bc5c28df6dcfd,Sc17507c06476,overhead,9.0,focus,0.0,1.0,0.0,0.0,0.0,0.0,0.0,0.0,0.0,0.0,0.0,0.0,0.0,0.0,0.0,0.0
Bc61eec2c9f81,Se9ae4c661219,front,0.0,focus,1.0,0.0,1.0,0.0,0.0,0.0,1.0,0.0,0.0,1.0,1.0,0.0,0.0,0.0,0.0,0.0
Bc61eec2c9f81,Se9ae4c661219,front,1.0,focus,1.0,0.0,1.0,0.0,0.0,0.0,1.0,0.0,0.0,1.0,1.0,0.0,0.0,0.0,0.0,0.0
Bc61eec2c9f81,Se9ae4c661219,front,2.0,focus,1.0,0.0,1.0,0.0,0.0,0.0,0.0,0.0,0.0,0.0,1.0,0.0,0.0,0.0,0.0,0.0
Bc61eec2c9f81,Se9ae4c661219,front,3.0,focus,1.0,0.0,1.0,0.0,0.0,0.0,0.0,0.0,0.0,0.0,1.0,0.0,0.0,0.0,0.0,0.0
Bc61eec2c9f81,Se9ae4c661219,front,4.0,focus,1.0,0.0,1.0,0.0,0.0,0.0,0.0,0.0,0.0,0.0,1.0,0.0,0.0,0.0,0.0,0.0
Bc61eec2c9f81,Se9ae4c661219,front,5.0,focus,1.0,0.0,1.0,0.0,0.0,0.0,1.0,1.0,0.0,0.0,1.0,0.0,0.0,0.0,0.0,0.0
Bc61eec2c9f81,Se9ae4c661219,front,6.0,focus,1.0,0.0,1.0,0.0,0.0,0.0,0.0,0.0,0.0,0.0,0.0,0.0,0.0,0.0,0.0,0.0
Bc61eec2c9f81,Se9ae4c661219,front,7.0,focus,1.0,0.0,1.0,0.0,0.0,0.0,1.0,1.0,0.0,0.0,0.0,0.0,0.0,0.0,0.0,0.0
Bc61eec2c9f81,Se9ae4c661219,front,8.0,focus,1.0,0.0,0.0,0.0,0.0,1.0,0.0,0.0,0.0,0.0,1.0,1.0,0.0,0.0,0.0,0.0
Bc61eec2c9f81,Se9ae4c661219,front,9.0,focus,1.0,0.0,0.0,0.0,0.0,1.0,0.0,0.0,0.0,0.0,1.0,1.0,0.0,0.0,0.0,0.0
Bc61eec2c9f81,Se9ae4c661219,overhead,0.0,focus,0.0,1.0,0.0,0.0,0.0,0.0,0.0,0.0,0.0,0.0,0.0,0.0,0.0,0.0,0.0,0.0
Bc61eec2c9f81,Se9ae4c661219,overhead,1.0,focus,0.0,1.0,0.0,0.0,0.0,0.0,0.0,0.0,0.0,0.0,0.0,0.0,0.0,0.0,0.0,0.0
Bc61eec2c9f81,Se9ae4c661219,overhead,2.0,focus,0.0,1.0,0.0,0.0,0.0,0.0,0.0,0.0,0.0,0.0,0.0,0.0,0.0,0.0,0.0,0.0
Bc61eec2c9f81,Se9ae4c661219,overhead,3.0,focus,0.0,1.0,0.0,0.0,0.0,0.0,0.0,0.0,0.0,0.0,0.0,0.0,0.0,0.0,0.0,0.0
Bc61eec2c9f81,Se9ae4c661219,overhead,4.0,focus,0.0,1.0,0.0,0.0,0.0,0.0,0.0,0.0,0.0,0.0,0.0,0.0,0.0,0.0,0.0,0.0
Bc61eec2c9f81,Se9ae4c661219,overhead,5.0,focus,0.0,1.0,0.0,0.0,0.0,0.0,0.0,0.0,0.0,0.0,0.0,0.0,0.0,0.0,0.0,0.0
Bc61eec2c9f81,Se9ae4c661219,overhead,6.0,focus,0.0,1.0,0.0,0.0,0.0,0.0,0.0,0.0,0.0,0.0,0.0,0.0,0.0,0.0,0.0,0.0
Bc61eec2c9f81,Se9ae4c661219,overhead,7.0,focus,0.0,1.0,0.0,0.0,0.0,0.0,0.0,0.0,0.0,0.0,0.0,0.0,0.0,0.0,0.0,0.0
Bc61eec2c9f81,Se9ae4c661219,overhead,8.0,focus,0.0,1.0,0.0,0.0,0.0,0.0,0.0,0.0,0.0,0.0,0.0,0.0,0.0,0.0,0.0,0.0
Bc61eec2c9f81,Se9ae4c661219,overhead,9.0,focus,0.0,1.0,0.0,0.0,0.0,0.0,0.0,0.0,0.0,0.0,0.0,0.0,0.0,0.0,0.0,0.0
Bc62c788f3e6a,Se9ae4c661219,front,0.0,focus,1.0,0.0,0.0,0.0,0.0,0.0,0.0,0.0,0.0,0.0,0.0,0.0,0.0,0.0,0.0,0.0
Bc62c788f3e6a,Se9ae4c661219,front,1.0,focus,1.0,0.0,0.0,0.0,0.0,0.0,0.0,0.0,0.0,0.0,0.0,0.0,0.0,0.0,0.0,0.0
Bc62c788f3e6a,Se9ae4c661219,front,2.0,focus,1.0,0.0,0.0,0.0,0.0,0.0,0.0,0.0,0.0,0.0,0.0,0.0,0.0,0.0,0.0,0.0
Bc62c788f3e6a,Se9ae4c661219,front,3.0,focus,1.0,0.0,0.0,0.0,0.0,0.0,0.0,0.0,0.0,0.0,0.0,0.0,0.0,0.0,0.0,0.0
Bc62c788f3e6a,Se9ae4c661219,front,4.0,focus,1.0,0.0,0.0,0.0,0.0,0.0,0.0,0.0,0.0,0.0,0.0,0.0,0.0,0.0,0.0,0.0
Bc62c788f3e6a,Se9ae4c661219,front,5.0,focus,1.0,0.0,0.0,0.0,0.0,0.0,0.0,0.0,0.0,0.0,0.0,0.0,0.0,0.0,0.0,0.0
Bc62c788f3e6a,Se9ae4c661219,front,6.0,focus,1.0,0.0,0.0,0.0,0.0,0.0,0.0,0.0,0.0,0.0,0.0,0.0,0.0,0.0,0.0,0.0
Bc62c788f3e6a,Se9ae4c661219,front,7.0,focus,1.0,0.0,0.0,0.0,0.0,0.0,0.0,0.0,0.0,0.0,0.0,0.0,0.0,0.0,0.0,0.0
Bc62c788f3e6a,Se9ae4c661219,front,8.0,focus,1.0,0.0,0.0,0.0,0.0,0.0,0.0,0.0,0.0,0.0,0.0,0.0,0.0,0.0,0.0,0.0
Bc62c788f3e6a,Se9ae4c661219,front,9.0,focus,1.0,0.0,0.0,0.0,0.0,0.0,0.0,0.0,0.0,0.0,0.0,0.0,0.0,0.0,0.0,0.0
Bc62c788f3e6a,Se9ae4c661219,overhead,0.0,focus,0.0,1.0,0.0,0.0,0.0,1.0,0.0,0.0,0.0,0.0,1.0,0.0,0.0,0.0,0.0,0.0
Bc62c788f3e6a,Se9ae4c661219,overhead,1.0,focus,0.0,1.0,0.0,0.0,0.0,1.0,0.0,0.0,0.0,0.0,1.0,0.0,0.0,0.0,0.0,0.0
Bc62c788f3e6a,Se9ae4c661219,overhead,2.0,focus,0.0,1.0,0.0,0.0,0.0,1.0,0.0,0.0,0.0,0.0,1.0,0.0,0.0,0.0,0.0,0.0
Bc62c788f3e6a,Se9ae4c661219,overhead,3.0,focus,0.0,1.0,0.0,0.0,0.0,1.0,0.0,0.0,0.0,0.0,1.0,0.0,0.0,0.0,0.0,0.0
Bc62c788f3e6a,Se9ae4c661219,overhead,4.0,focus,0.0,1.0,0.0,0.0,0.0,1.0,0.0,0.0,0.0,0.0,1.0,0.0,0.0,0.0,0.0,0.0
Bc62c788f3e6a,Se9ae4c661219,overhead,5.0,focus,0.0,1.0,0.0,0.0,0.0,1.0,0.0,0.0,0.0,0.0,1.0,0.0,0.0,0.0,0.0,0.0
Bc62c788f3e6a,Se9ae4c661219,overhead,6.0,focus,0.0,1.0,0.0,0.0,0.0,1.0,0.0,0.0,0.0,0.0,1.0,0.0,0.0,0.0,0.0,0.0
Bc62c788f3e6a,Se9ae4c661219,overhead,7.0,focus,0.0,1.0,0.0,0.0,0.0,1.0,0.0,0.0,0.0,0.0,1.0,0.0,0.0,0.0,0.0,0.0
Bc62c788f3e6a,Se9ae4c661219,overhead,8.0,focus,0.0,1.0,0.0,0.0,0.0,1.0,0.0,0.0,0.0,0.0,1.0,0.0,0.0,0.0,0.0,0.0
Bc62c788f3e6a,Se9ae4c661219,overhead,9.0,focus,0.0,1.0,0.0,0.0,0.0,1.0,0.0,0.0,0.0,0.0,1.0,0.0,0.0,0.0,0.0,0.0
Bc856f4727b9b,S41983e9ca40a,front,0.0,unknown,1.0,0.0,0.0,0.0,0.0,0.0,0.0,0.0,0.0,0.0,0.0,0.0,0.0,0.0,0.0,0.0
Bc856f4727b9b,S41983e9ca40a,front,1.0,unknown,1.0,0.0,0.0,0.0,0.0,0.0,0.0,0.0,0.0,0.0,0.0,0.0,0.0,0.0,0.0,0.0
Bc856f4727b9b,S41983e9ca40a,front,2.0,unknown,1.0,0.0,0.0,0.0,0.0,0.0,0.0,0.0,0.0,0.0,0.0,0.0,0.0,0.0,0.0,0.0
Bc856f4727b9b,S41983e9ca40a,front,3.0,unknown,1.0,0.0,0.0,0.0,0.0,0.0,0.0,0.0,0.0,0.0,0.0,0.0,0.0,0.0,0.0,0.0
Bc856f4727b9b,S41983e9ca40a,front,4.0,unknown,1.0,0.0,0.0,0.0,0.0,0.0,0.0,0.0,0.0,0.0,0.0,0.0,0.0,0.0,0.0,0.0
Bc856f4727b9b,S41983e9ca40a,front,5.0,unknown,1.0,0.0,0.0,0.0,0.0,0.0,0.0,0.0,0.0,0.0,0.0,0.0,0.0,0.0,0.0,0.0
Bc856f4727b9b,S41983e9ca40a,front,6.0,unknown,1.0,0.0,0.0,0.0,0.0,0.0,0.0,0.0,0.0,0.0,0.0,0.0,0.0,0.0,0.0,0.0
Bc856f4727b9b,S41983e9ca40a,front,7.0,unknown,1.0,0.0,0.0,0.0,0.0,0.0,0.0,0.0,0.0,0.0,0.0,0.0,0.0,0.0,0.0,0.0
Bc856f4727b9b,S41983e9ca40a,front,8.0,unknown,1.0,0.0,0.0,0.0,0.0,0.0,0.0,0.0,0.0,0.0,0.0,0.0,0.0,0.0,0.0,0.0
Bc856f4727b9b,S41983e9ca40a,front,9.0,unknown,1.0,0.0,0.0,0.0,0.0,0.0,0.0,0.0,0.0,0.0,0.0,0.0,0.0,0.0,0.0,0.0
Bc856f4727b9b,S41983e9ca40a,overhead,0.0,unknown,0.0,1.0,0.0,0.0,0.0,0.0,0.0,0.0,0.0,0.0,0.0,0.0,0.0,0.0,0.0,0.0
Bc856f4727b9b,S41983e9ca40a,overhead,1.0,unknown,0.0,1.0,0.0,0.0,0.0,0.0,0.0,0.0,0.0,0.0,0.0,0.0,0.0,0.0,0.0,0.0
Bc856f4727b9b,S41983e9ca40a,overhead,2.0,unknown,0.0,1.0,0.0,0.0,0.0,0.0,0.0,0.0,0.0,0.0,0.0,0.0,0.0,0.0,0.0,0.0
Bc856f4727b9b,S41983e9ca40a,overhead,3.0,unknown,0.0,1.0,0.0,0.0,0.0,0.0,0.0,0.0,0.0,0.0,0.0,0.0,0.0,0.0,0.0,0.0
Bc856f4727b9b,S41983e9ca40a,overhead,4.0,unknown,0.0,1.0,0.0,0.0,0.0,0.0,0.0,0.0,0.0,0.0,0.0,0.0,0.0,0.0,0.0,0.0
Bc856f4727b9b,S41983e9ca40a,overhead,5.0,unknown,0.0,1.0,0.0,0.0,0.0,0.0,0.0,0.0,0.0,0.0,0.0,0.0,0.0,0.0,0.0,0.0
Bc856f4727b9b,S41983e9ca40a,overhead,6.0,unknown,0.0,1.0,0.0,0.0,0.0,0.0,0.0,0.0,0.0,0.0,0.0,0.0,0.0,0.0,0.0,0.0
Bc856f4727b9b,S41983e9ca40a,overhead,7.0,unknown,0.0,1.0,0.0,0.0,0.0,0.0,0.0,0.0,0.0,0.0,0.0,0.0,0.0,0.0,0.0,0.0
Bc856f4727b9b,S41983e9ca40a,overhead,8.0,unknown,0.0,1.0,0.0,0.0,0.0,0.0,0.0,0.0,0.0,0.0,0.0,0.0,0.0,0.0,0.0,0.0
Bc856f4727b9b,S41983e9ca40a,overhead,9.0,unknown,0.0,1.0,0.0,0.0,0.0,0.0,0.0,0.0,0.0,0.0,0.0,0.0,0.0,0.0,0.0,0.0
Bc9b4bfaac0e9,S38533928bb7e,front,4295.0,drowsy,1.0,0.0,1.0,0.0,0.0,0.0,1.0,0.0,1.0,1.0,0.0,1.0,0.0,0.0,0.0,0.0
Bc9b4bfaac0e9,S38533928bb7e,front,4296.0,drowsy,1.0,0.0,1.0,0.0,0.0,0.0,1.0,0.0,1.0,1.0,0.0,1.0,0.0,0.0,0.0,0.0
Bc9b4bfaac0e9,S38533928bb7e,front,4297.0,drowsy,1.0,0.0,1.0,0.0,0.0,0.0,1.0,0.0,1.0,1.0,0.0,1.0,0.0,0.0,0.0,0.0
Bc9b4bfaac0e9,S38533928bb7e,front,4298.0,drowsy,1.0,0.0,1.0,0.0,0.0,0.0,1.0,0.0,1.0,1.0,0.0,1.0,0.0,0.0,0.0,0.0
Bc9b4bfaac0e9,S38533928bb7e,front,4299.0,drowsy,1.0,0.0,1.0,0.0,0.0,0.0,1.0,0.0,1.0,1.0,0.0,1.0,0.0,0.0,0.0,0.0
Bc9b4bfaac0e9,S38533928bb7e,front,4300.0,drowsy,1.0,0.0,1.0,0.0,0.0,0.0,1.0,0.0,1.0,1.0,0.0,1.0,0.0,0.0,0.0,0.0
Bc9b4bfaac0e9,S38533928bb7e,front,4301.0,drowsy,1.0,0.0,1.0,0.0,0.0,0.0,0.0,0.0,0.0,0.0,0.0,0.0,0.0,0.0,0.0,0.0
Bc9b4bfaac0e9,S38533928bb7e,front,4302.0,drowsy,1.0,0.0,1.0,0.0,0.0,0.0,1.0,0.0,1.0,1.0,0.0,1.0,0.0,0.0,0.0,0.0
Bc9b4bfaac0e9,S38533928bb7e,front,4303.0,drowsy,1.0,0.0,1.0,0.0,0.0,0.0,1.0,0.0,1.0,1.0,0.0,1.0,0.0,0.0,0.0,0.0
Bc9b4bfaac0e9,S38533928bb7e,front,4304.0,drowsy,1.0,0.0,1.0,0.0,0.0,0.0,1.0,0.0,1.0,1.0,0.0,1.0,0.0,0.0,0.0,0.0
Bc9b4bfaac0e9,S38533928bb7e,overhead,4295.0,drowsy,0.0,1.0,0.0,0.0,0.0,0.0,0.0,0.0,0.0,0.0,0.0,0.0,0.0,0.0,0.0,0.0
Bc9b4bfaac0e9,S38533928bb7e,overhead,4296.0,drowsy,0.0,1.0,0.0,0.0,0.0,0.0,0.0,0.0,0.0,0.0,0.0,0.0,0.0,0.0,0.0,0.0
Bc9b4bfaac0e9,S38533928bb7e,overhead,4297.0,drowsy,0.0,1.0,0.0,0.0,0.0,0.0,0.0,0.0,0.0,0.0,0.0,0.0,0.0,0.0,0.0,0.0
Bc9b4bfaac0e9,S38533928bb7e,overhead,4298.0,drowsy,0.0,1.0,0.0,0.0,0.0,0.0,0.0,0.0,0.0,0.0,0.0,0.0,0.0,0.0,0.0,0.0
Bc9b4bfaac0e9,S38533928bb7e,overhead,4299.0,drowsy,0.0,1.0,0.0,0.0,0.0,0.0,0.0,0.0,0.0,0.0,0.0,0.0,0.0,0.0,0.0,0.0
Bc9b4bfaac0e9,S38533928bb7e,overhead,4300.0,drowsy,0.0,1.0,0.0,0.0,0.0,0.0,0.0,0.0,0.0,0.0,0.0,0.0,0.0,0.0,0.0,0.0
Bc9b4bfaac0e9,S38533928bb7e,overhead,4301.0,drowsy,0.0,1.0,0.0,0.0,0.0,0.0,0.0,0.0,0.0,0.0,0.0,0.0,0.0,0.0,0.0,0.0
Bc9b4bfaac0e9,S38533928bb7e,overhead,4302.0,drowsy,0.0,1.0,0.0,0.0,0.0,0.0,0.0,0.0,0.0,0.0,0.0,0.0,0.0,0.0,0.0,0.0
Bc9b4bfaac0e9,S38533928bb7e,overhead,4303.0,drowsy,0.0,1.0,0.0,0.0,0.0,0.0,0.0,0.0,0.0,0.0,0.0,0.0,0.0,0.0,0.0,0.0
Bc9b4bfaac0e9,S38533928bb7e,overhead,4304.0,drowsy,0.0,1.0,0.0,0.0,0.0,0.0,0.0,0.0,0.0,0.0,0.0,0.0,0.0,0.0,0.0,0.0
Bc9fcb4d971c2,S38533928bb7e,front,505.0,focus,1.0,0.0,1.0,0.0,0.0,0.0,0.0,0.0,0.0,0.0,0.0,0.0,0.0,0.0,0.0,0.0
Bc9fcb4d971c2,S38533928bb7e,front,506.0,focus,1.0,0.0,1.0,0.0,0.0,0.0,0.0,0.0,0.0,0.0,0.0,0.0,0.0,0.0,0.0,0.0
Bc9fcb4d971c2,S38533928bb7e,front,507.0,focus,1.0,0.0,1.0,0.0,0.0,0.0,1.0,0.0,1.0,1.0,1.0,1.0,0.0,0.0,0.0,0.0
Bc9fcb4d971c2,S38533928bb7e,front,508.0,focus,1.0,0.0,1.0,0.0,0.0,0.0,1.0,0.0,1.0,1.0,1.0,1.0,0.0,0.0,0.0,0.0
Bc9fcb4d971c2,S38533928bb7e,front,509.0,focus,1.0,0.0,1.0,0.0,0.0,0.0,1.0,0.0,1.0,1.0,0.0,1.0,0.0,0.0,0.0,0.0
Bc9fcb4d971c2,S38533928bb7e,front,510.0,focus,1.0,0.0,1.0,0.0,0.0,0.0,1.0,0.0,1.0,1.0,0.0,1.0,0.0,0.0,0.0,0.0
Bc9fcb4d971c2,S38533928bb7e,front,511.0,focus,1.0,0.0,1.0,0.0,0.0,0.0,1.0,0.0,1.0,1.0,0.0,1.0,0.0,0.0,0.0,0.0
Bc9fcb4d971c2,S38533928bb7e,front,512.0,focus,1.0,0.0,1.0,0.0,0.0,0.0,1.0,0.0,1.0,1.0,0.0,1.0,0.0,0.0,0.0,0.0
Bc9fcb4d971c2,S38533928bb7e,front,513.0,focus,1.0,0.0,1.0,0.0,0.0,0.0,1.0,0.0,1.0,1.0,0.0,1.0,0.0,0.0,0.0,0.0
Bc9fcb4d971c2,S38533928bb7e,front,514.0,focus,1.0,0.0,1.0,0.0,0.0,0.0,1.0,0.0,1.0,1.0,0.0,1.0,0.0,0.0,0.0,0.0
Bc9fcb4d971c2,S38533928bb7e,overhead,505.0,focus,0.0,1.0,0.0,0.0,0.0,0.0,0.0,0.0,0.0,0.0,0.0,0.0,0.0,0.0,0.0,0.0
Bc9fcb4d971c2,S38533928bb7e,overhead,506.0,focus,0.0,1.0,0.0,0.0,0.0,0.0,0.0,0.0,0.0,0.0,0.0,0.0,0.0,0.0,0.0,0.0
Bc9fcb4d971c2,S38533928bb7e,overhead,507.0,focus,0.0,1.0,0.0,0.0,0.0,0.0,0.0,0.0,0.0,0.0,0.0,0.0,0.0,0.0,0.0,0.0
Bc9fcb4d971c2,S38533928bb7e,overhead,508.0,focus,0.0,1.0,0.0,0.0,0.0,0.0,0.0,0.0,0.0,0.0,0.0,0.0,0.0,0.0,0.0,0.0
Bc9fcb4d971c2,S38533928bb7e,overhead,509.0,focus,0.0,1.0,0.0,0.0,0.0,0.0,0.0,0.0,0.0,0.0,0.0,0.0,0.0,0.0,0.0,0.0
Bc9fcb4d971c2,S38533928bb7e,overhead,510.0,focus,0.0,1.0,0.0,0.0,0.0,0.0,0.0,0.0,0.0,0.0,0.0,0.0,0.0,0.0,0.0,0.0
Bc9fcb4d971c2,S38533928bb7e,overhead,511.0,focus,0.0,1.0,0.0,0.0,0.0,0.0,0.0,0.0,0.0,0.0,0.0,0.0,0.0,0.0,0.0,0.0
Bc9fcb4d971c2,S38533928bb7e,overhead,512.0,focus,0.0,1.0,0.0,0.0,0.0,0.0,0.0,0.0,0.0,0.0,0.0,0.0,0.0,0.0,0.0,0.0
Bc9fcb4d971c2,S38533928bb7e,overhead,513.0,focus,0.0,1.0,0.0,0.0,0.0,0.0,0.0,0.0,0.0,0.0,0.0,0.0,0.0,0.0,0.0,0.0
Bc9fcb4d971c2,S38533928bb7e,overhead,514.0,focus,0.0,1.0,0.0,0.0,0.0,0.0,0.0,0.0,0.0,0.0,0.0,0.0,0.0,0.0,0.0,0.0
Bca0da7bb3e2f,Sb97749af3711,front,0.0,unknown,1.0,0.0,0.0,0.0,0.0,0.0,0.0,0.0,0.0,0.0,0.0,0.0,0.0,0.0,0.0,0.0
Bca0da7bb3e2f,Sb97749af3711,front,1.0,unknown,1.0,0.0,0.0,0.0,0.0,0.0,0.0,0.0,0.0,0.0,0.0,0.0,0.0,0.0,0.0,0.0
Bca0da7bb3e2f,Sb97749af3711,front,2.0,unknown,1.0,0.0,0.0,0.0,0.0,0.0,0.0,0.0,0.0,0.0,0.0,0.0,0.0,0.0,0.0,0.0
Bca0da7bb3e2f,Sb97749af3711,front,3.0,unknown,1.0,0.0,0.0,0.0,0.0,0.0,0.0,0.0,0.0,0.0,0.0,0.0,0.0,0.0,0.0,0.0
Bca0da7bb3e2f,Sb97749af3711,front,4.0,unknown,1.0,0.0,0.0,0.0,0.0,0.0,0.0,0.0,0.0,0.0,0.0,0.0,0.0,0.0,0.0,0.0
Bca0da7bb3e2f,Sb97749af3711,front,5.0,unknown,1.0,0.0,0.0,0.0,0.0,0.0,0.0,0.0,0.0,0.0,0.0,0.0,0.0,0.0,0.0,0.0
Bca0da7bb3e2f,Sb97749af3711,front,6.0,unknown,1.0,0.0,0.0,0.0,0.0,0.0,0.0,0.0,0.0,0.0,0.0,0.0,0.0,0.0,0.0,0.0
Bca0da7bb3e2f,Sb97749af3711,front,7.0,unknown,1.0,0.0,0.0,0.0,0.0,0.0,0.0,0.0,0.0,0.0,0.0,0.0,0.0,0.0,0.0,0.0
Bca0da7bb3e2f,Sb97749af3711,front,8.0,unknown,1.0,0.0,0.0,0.0,0.0,0.0,0.0,0.0,0.0,0.0,0.0,0.0,0.0,0.0,0.0,0.0
Bca0da7bb3e2f,Sb97749af3711,front,9.0,unknown,1.0,0.0,0.0,0.0,0.0,0.0,0.0,0.0,0.0,0.0,0.0,0.0,0.0,0.0,0.0,0.0
Bca0da7bb3e2f,Sb97749af3711,overhead,0.0,unknown,0.0,1.0,0.0,0.0,0.0,0.0,0.0,0.0,0.0,0.0,0.0,0.0,0.0,0.0,0.0,0.0
Bca0da7bb3e2f,Sb97749af3711,overhead,1.0,unknown,0.0,1.0,0.0,0.0,0.0,0.0,0.0,0.0,0.0,0.0,0.0,0.0,0.0,0.0,0.0,0.0
Bca0da7bb3e2f,Sb97749af3711,overhead,2.0,unknown,0.0,1.0,0.0,0.0,0.0,0.0,0.0,0.0,0.0,0.0,0.0,0.0,0.0,0.0,0.0,0.0
Bca0da7bb3e2f,Sb97749af3711,overhead,3.0,unknown,0.0,1.0,0.0,0.0,0.0,0.0,0.0,0.0,0.0,0.0,0.0,0.0,0.0,0.0,0.0,0.0
Bca0da7bb3e2f,Sb97749af3711,overhead,4.0,unknown,0.0,1.0,0.0,0.0,0.0,0.0,0.0,0.0,0.0,0.0,0.0,0.0,0.0,0.0,0.0,0.0
Bca0da7bb3e2f,Sb97749af3711,overhead,5.0,unknown,0.0,1.0,0.0,0.0,0.0,0.0,0.0,0.0,0.0,0.0,0.0,0.0,0.0,0.0,0.0,0.0
Bca0da7bb3e2f,Sb97749af3711,overhead,6.0,unknown,0.0,1.0,0.0,0.0,0.0,0.0,0.0,0.0,0.0,0.0,0.0,0.0,0.0,0.0,0.0,0.0
Bca0da7bb3e2f,Sb97749af3711,overhead,7.0,unknown,0.0,1.0,0.0,0.0,0.0,0.0,0.0,0.0,0.0,0.0,0.0,0.0,0.0,0.0,0.0,0.0
Bca0da7bb3e2f,Sb97749af3711,overhead,8.0,unknown,0.0,1.0,0.0,0.0,0.0,0.0,0.0,0.0,0.0,0.0,0.0,0.0,0.0,0.0,0.0,0.0
Bca0da7bb3e2f,Sb97749af3711,overhead,9.0,unknown,0.0,1.0,0.0,0.0,0.0,0.0,0.0,0.0,0.0,0.0,0.0,0.0,0.0,0.0,0.0,0.0
Bca7ed33ea0d7,Sd507e72fb21a,front,0.0,unknown,1.0,0.0,0.0,0.0,0.0,0.0,0.0,0.0,0.0,0.0,0.0,0.0,0.0,0.0,0.0,0.0
Bca7ed33ea0d7,Sd507e72fb21a,front,1.0,unknown,1.0,0.0,0.0,0.0,0.0,0.0,0.0,0.0,0.0,0.0,0.0,0.0,0.0,0.0,0.0,0.0
Bca7ed33ea0d7,Sd507e72fb21a,front,2.0,unknown,1.0,0.0,0.0,0.0,0.0,0.0,0.0,0.0,0.0,0.0,0.0,0.0,0.0,0.0,0.0,0.0
Bca7ed33ea0d7,Sd507e72fb21a,front,3.0,unknown,1.0,0.0,0.0,0.0,0.0,0.0,0.0,0.0,0.0,0.0,0.0,0.0,0.0,0.0,0.0,0.0
Bca7ed33ea0d7,Sd507e72fb21a,front,4.0,unknown,1.0,0.0,0.0,0.0,0.0,0.0,0.0,0.0,0.0,0.0,0.0,0.0,0.0,0.0,0.0,0.0
Bca7ed33ea0d7,Sd507e72fb21a,front,5.0,unknown,1.0,0.0,0.0,0.0,0.0,0.0,0.0,0.0,0.0,0.0,0.0,0.0,0.0,0.0,0.0,0.0
Bca7ed33ea0d7,Sd507e72fb21a,front,6.0,unknown,1.0,0.0,0.0,0.0,0.0,0.0,0.0,0.0,0.0,0.0,0.0,0.0,0.0,0.0,0.0,0.0
Bca7ed33ea0d7,Sd507e72fb21a,front,7.0,unknown,1.0,0.0,0.0,0.0,0.0,0.0,0.0,0.0,0.0,0.0,0.0,0.0,0.0,0.0,0.0,0.0
Bca7ed33ea0d7,Sd507e72fb21a,front,8.0,unknown,1.0,0.0,0.0,0.0,0.0,0.0,0.0,0.0,0.0,0.0,0.0,0.0,0.0,0.0,0.0,0.0
Bca7ed33ea0d7,Sd507e72fb21a,front,9.0,unknown,1.0,0.0,0.0,0.0,0.0,0.0,0.0,0.0,0.0,0.0,0.0,0.0,0.0,0.0,0.0,0.0
Bca7ed33ea0d7,Sd507e72fb21a,overhead,0.0,unknown,0.0,1.0,0.0,0.0,0.0,0.0,0.0,0.0,0.0,0.0,0.0,0.0,0.0,0.0,0.0,0.0
Bca7ed33ea0d7,Sd507e72fb21a,overhead,1.0,unknown,0.0,1.0,0.0,0.0,0.0,0.0,0.0,0.0,0.0,0.0,0.0,0.0,0.0,0.0,0.0,0.0
Bca7ed33ea0d7,Sd507e72fb21a,overhead,2.0,unknown,0.0,1.0,0.0,0.0,0.0,0.0,0.0,0.0,0.0,0.0,0.0,0.0,0.0,0.0,0.0,0.0
Bca7ed33ea0d7,Sd507e72fb21a,overhead,3.0,unknown,0.0,1.0,0.0,0.0,0.0,0.0,0.0,0.0,0.0,0.0,0.0,0.0,0.0,0.0,0.0,0.0
Bca7ed33ea0d7,Sd507e72fb21a,overhead,4.0,unknown,0.0,1.0,0.0,0.0,0.0,0.0,0.0,0.0,0.0,0.0,0.0,0.0,0.0,0.0,0.0,0.0
Bca7ed33ea0d7,Sd507e72fb21a,overhead,5.0,unknown,0.0,1.0,0.0,0.0,0.0,0.0,0.0,0.0,0.0,0.0,0.0,0.0,0.0,0.0,0.0,0.0
Bca7ed33ea0d7,Sd507e72fb21a,overhead,6.0,unknown,0.0,1.0,0.0,0.0,0.0,0.0,0.0,0.0,0.0,0.0,0.0,0.0,0.0,0.0,0.0,0.0
Bca7ed33ea0d7,Sd507e72fb21a,overhead,7.0,unknown,0.0,1.0,0.0,0.0,0.0,0.0,0.0,0.0,0.0,0.0,0.0,0.0,0.0,0.0,0.0,0.0
Bca7ed33ea0d7,Sd507e72fb21a,overhead,8.0,unknown,0.0,1.0,0.0,0.0,0.0,0.0,0.0,0.0,0.0,0.0,0.0,0.0,0.0,0.0,0.0,0.0
Bca7ed33ea0d7,Sd507e72fb21a,overhead,9.0,unknown,0.0,1.0,0.0,0.0,0.0,0.0,0.0,0.0,0.0,0.0,0.0,0.0,0.0,0.0,0.0,0.0
Bcb63c2cfce04,S08ea3e793bb0,front,0.0,focus,1.0,0.0,1.0,0.0,0.0,0.0,0.0,0.0,0.0,0.0,1.0,0.0,0.0,0.0,0.0,0.0
Bcb63c2cfce04,S08ea3e793bb0,front,1.0,focus,1.0,0.0,1.0,0.0,0.0,0.0,0.0,0.0,0.0,0.0,1.0,0.0,0.0,0.0,0.0,0.0
Bcb63c2cfce04,S08ea3e793bb0,front,2.0,focus,1.0,0.0,1.0,0.0,0.0,0.0,0.0,0.0,0.0,0.0,1.0,0.0,0.0,0.0,0.0,0.0
Bcb63c2cfce04,S08ea3e793bb0,front,3.0,focus,1.0,0.0,1.0,0.0,0.0,0.0,0.0,0.0,0.0,0.0,1.0,0.0,0.0,0.0,0.0,0.0
Bcb63c2cfce04,S08ea3e793bb0,front,4.0,focus,1.0,0.0,1.0,0.0,0.0,0.0,1.0,0.0,0.0,0.0,0.0,0.0,0.0,0.0,0.0,0.0
Bcb63c2cfce04,S08ea3e793bb0,front,5.0,focus,1.0,0.0,1.0,0.0,0.0,0.0,1.0,0.0,0.0,0.0,0.0,0.0,0.0,0.0,0.0,0.0
Bcb63c2cfce04,S08ea3e793bb0,front,6.0,focus,1.0,0.0,1.0,0.0,0.0,0.0,1.0,0.0,0.0,0.0,0.0,0.0,0.0,0.0,0.0,0.0
Bcb63c2cfce04,S08ea3e793bb0,front,7.0,focus,1.0,0.0,1.0,0.0,0.0,0.0,1.0,0.0,0.0,1.0,0.0,0.0,0.0,0.0,0.0,0.0
Bcb63c2cfce04,S08ea3e793bb0,front,8.0,focus,1.0,0.0,1.0,0.0,0.0,0.0,0.0,0.0,0.0,0.0,0.0,0.0,0.0,0.0,0.0,0.0
Bcb63c2cfce04,S08ea3e793bb0,front,9.0,focus,1.0,0.0,1.0,0.0,0.0,0.0,0.0,0.0,0.0,0.0,0.0,0.0,0.0,0.0,0.0,0.0
Bcb63c2cfce04,S08ea3e793bb0,overhead,0.0,focus,0.0,1.0,0.0,0.0,0.0,0.0,0.0,0.0,0.0,0.0,0.0,0.0,0.0,0.0,0.0,0.0
Bcb63c2cfce04,S08ea3e793bb0,overhead,1.0,focus,0.0,1.0,0.0,0.0,0.0,0.0,0.0,0.0,0.0,0.0,0.0,0.0,0.0,0.0,0.0,0.0
Bcb63c2cfce04,S08ea3e793bb0,overhead,2.0,focus,0.0,1.0,0.0,0.0,0.0,0.0,0.0,0.0,0.0,0.0,0.0,0.0,0.0,0.0,0.0,0.0
Bcb63c2cfce04,S08ea3e793bb0,overhead,3.0,focus,0.0,1.0,0.0,0.0,0.0,0.0,0.0,0.0,0.0,0.0,1.0,0.0,0.0,0.0,0.0,0.0
Bcb63c2cfce04,S08ea3e793bb0,overhead,4.0,focus,0.0,1.0,0.0,0.0,0.0,0.0,0.0,0.0,0.0,0.0,0.0,0.0,0.0,0.0,0.0,0.0
Bcb63c2cfce04,S08ea3e793bb0,overhead,5.0,focus,0.0,1.0,0.0,0.0,0.0,1.0,0.0,0.0,0.0,0.0,1.0,0.0,0.0,0.0,0.0,0.0
Bcb63c2cfce04,S08ea3e793bb0,overhead,6.0,focus,0.0,1.0,0.0,0.0,0.0,1.0,0.0,0.0,0.0,0.0,1.0,0.0,0.0,0.0,0.0,0.0
Bcb63c2cfce04,S08ea3e793bb0,overhead,7.0,focus,0.0,1.0,0.0,0.0,0.0,0.0,0.0,0.0,0.0,0.0,0.0,0.0,0.0,0.0,0.0,0.0
Bcb63c2cfce04,S08ea3e793bb0,overhead,8.0,focus,0.0,1.0,0.0,0.0,0.0,0.0,0.0,0.0,0.0,0.0,0.0,0.0,0.0,0.0,0.0,0.0
Bcb63c2cfce04,S08ea3e793bb0,overhead,9.0,focus,0.0,1.0,0.0,0.0,0.0,0.0,0.0,0.0,0.0,0.0,1.0,0.0,0.0,0.0,0.0,0.0
Bcc93a7320b2b,S38533928bb7e,front,3103.0,gaze_down,1.0,0.0,1.0,0.0,0.0,1.0,0.0,0.0,0.0,0.0,1.0,0.0,0.0,0.0,0.0,0.0
Bcc93a7320b2b,S38533928bb7e,front,3104.0,gaze_down,1.0,0.0,1.0,0.0,0.0,1.0,0.0,0.0,0.0,0.0,1.0,0.0,0.0,0.0,0.0,0.0
Bcc93a7320b2b,S38533928bb7e,front,3105.0,gaze_down,1.0,0.0,1.0,0.0,1.0,1.0,0.0,0.0,0.0,0.0,1.0,0.0,0.0,0.0,0.0,0.0
Bcc93a7320b2b,S38533928bb7e,front,3106.0,gaze_down,1.0,0.0,1.0,0.0,1.0,1.0,0.0,0.0,0.0,0.0,1.0,0.0,0.0,0.0,0.0,0.0
Bcc93a7320b2b,S38533928bb7e,front,3107.0,gaze_down,1.0,0.0,1.0,0.0,1.0,1.0,0.0,0.0,0.0,0.0,1.0,0.0,0.0,0.0,0.0,0.0
Bcc93a7320b2b,S38533928bb7e,front,3108.0,gaze_down,1.0,0.0,1.0,0.0,1.0,1.0,0.0,0.0,0.0,0.0,1.0,0.0,0.0,0.0,0.0,0.0
Bcc93a7320b2b,S38533928bb7e,front,3109.0,gaze_down,1.0,0.0,1.0,0.0,1.0,1.0,0.0,0.0,0.0,0.0,1.0,0.0,0.0,0.0,0.0,0.0
Bcc93a7320b2b,S38533928bb7e,front,3110.0,gaze_down,1.0,0.0,1.0,0.0,1.0,1.0,0.0,0.0,0.0,0.0,1.0,0.0,0.0,0.0,0.0,0.0
Bcc93a7320b2b,S38533928bb7e,front,3111.0,gaze_down,1.0,0.0,1.0,0.0,0.0,1.0,0.0,0.0,0.0,0.0,1.0,0.0,0.0,0.0,0.0,0.0
Bcc93a7320b2b,S38533928bb7e,front,3112.0,gaze_down,1.0,0.0,1.0,0.0,1.0,1.0,0.0,0.0,0.0,0.0,1.0,0.0,0.0,0.0,0.0,0.0
Bcc93a7320b2b,S38533928bb7e,overhead,3103.0,gaze_down,0.0,1.0,0.0,0.0,0.0,0.0,0.0,0.0,0.0,0.0,0.0,0.0,0.0,0.0,0.0,0.0
Bcc93a7320b2b,S38533928bb7e,overhead,3104.0,gaze_down,0.0,1.0,0.0,0.0,0.0,0.0,0.0,0.0,0.0,0.0,0.0,0.0,0.0,0.0,0.0,0.0
Bcc93a7320b2b,S38533928bb7e,overhead,3105.0,gaze_down,0.0,1.0,0.0,0.0,0.0,0.0,0.0,0.0,0.0,0.0,0.0,0.0,0.0,0.0,0.0,0.0
Bcc93a7320b2b,S38533928bb7e,overhead,3106.0,gaze_down,0.0,1.0,0.0,0.0,0.0,0.0,0.0,0.0,0.0,0.0,0.0,0.0,0.0,0.0,0.0,0.0
Bcc93a7320b2b,S38533928bb7e,overhead,3107.0,gaze_down,0.0,1.0,0.0,0.0,0.0,0.0,0.0,0.0,0.0,0.0,0.0,0.0,0.0,0.0,0.0,0.0
Bcc93a7320b2b,S38533928bb7e,overhead,3108.0,gaze_down,0.0,1.0,0.0,0.0,0.0,0.0,0.0,0.0,0.0,0.0,0.0,0.0,0.0,0.0,0.0,0.0
Bcc93a7320b2b,S38533928bb7e,overhead,3109.0,gaze_down,0.0,1.0,0.0,0.0,0.0,0.0,0.0,0.0,0.0,0.0,0.0,0.0,0.0,0.0,0.0,0.0
Bcc93a7320b2b,S38533928bb7e,overhead,3110.0,gaze_down,0.0,1.0,0.0,0.0,0.0,0.0,0.0,0.0,0.0,0.0,0.0,0.0,0.0,0.0,0.0,0.0
Bcc93a7320b2b,S38533928bb7e,overhead,3111.0,gaze_down,0.0,1.0,0.0,0.0,0.0,0.0,0.0,0.0,0.0,0.0,0.0,0.0,0.0,0.0,0.0,0.0
Bcc93a7320b2b,S38533928bb7e,overhead,3112.0,gaze_down,0.0,1.0,0.0,0.0,0.0,0.0,0.0,0.0,0.0,0.0,0.0,0.0,0.0,0.0,0.0,0.0
Bd25210c9712b,S38533928bb7e,front,657.0,gaze_down,1.0,0.0,1.0,0.0,0.0,0.0,0.0,0.0,0.0,0.0,0.0,0.0,0.0,0.0,0.0,0.0
Bd25210c9712b,S38533928bb7e,front,658.0,gaze_down,1.0,0.0,0.0,0.0,0.0,0.0,0.0,0.0,0.0,0.0,0.0,0.0,0.0,0.0,0.0,1.0
Bd25210c9712b,S38533928bb7e,front,659.0,gaze_down,1.0,0.0,1.0,0.0,0.0,0.0,1.0,0.0,1.0,1.0,0.0,1.0,0.0,0.0,0.0,0.0
Bd25210c9712b,S38533928bb7e,front,660.0,gaze_down,1.0,0.0,1.0,0.0,0.0,0.0,1.0,0.0,1.0,1.0,0.0,1.0,0.0,0.0,0.0,0.0
Bd25210c9712b,S38533928bb7e,front,661.0,gaze_down,1.0,0.0,1.0,0.0,0.0,0.0,1.0,0.0,1.0,1.0,0.0,1.0,0.0,0.0,0.0,0.0
Bd25210c9712b,S38533928bb7e,front,662.0,gaze_down,1.0,0.0,1.0,0.0,0.0,0.0,1.0,0.0,1.0,1.0,0.0,1.0,0.0,0.0,0.0,0.0
Bd25210c9712b,S38533928bb7e,front,663.0,gaze_down,1.0,0.0,1.0,0.0,0.0,0.0,1.0,0.0,1.0,1.0,0.0,1.0,0.0,0.0,0.0,0.0
Bd25210c9712b,S38533928bb7e,front,664.0,gaze_down,1.0,0.0,1.0,0.0,0.0,0.0,1.0,0.0,1.0,1.0,0.0,1.0,0.0,0.0,0.0,0.0
Bd25210c9712b,S38533928bb7e,front,665.0,gaze_down,1.0,0.0,1.0,0.0,0.0,0.0,1.0,0.0,1.0,1.0,0.0,1.0,0.0,0.0,0.0,0.0
Bd25210c9712b,S38533928bb7e,front,666.0,gaze_down,1.0,0.0,1.0,0.0,0.0,0.0,1.0,0.0,1.0,1.0,0.0,1.0,0.0,0.0,0.0,0.0
Bd25210c9712b,S38533928bb7e,overhead,657.0,gaze_down,0.0,1.0,0.0,0.0,0.0,0.0,0.0,0.0,0.0,0.0,0.0,0.0,0.0,0.0,0.0,0.0
Bd25210c9712b,S38533928bb7e,overhead,658.0,gaze_down,0.0,1.0,0.0,0.0,0.0,1.0,0.0,0.0,0.0,0.0,1.0,0.0,0.0,0.0,0.0,0.0
Bd25210c9712b,S38533928bb7e,overhead,659.0,gaze_down,0.0,1.0,0.0,0.0,0.0,1.0,0.0,0.0,0.0,0.0,1.0,0.0,0.0,0.0,0.0,0.0
Bd25210c9712b,S38533928bb7e,overhead,660.0,gaze_down,0.0,1.0,0.0,0.0,0.0,0.0,0.0,0.0,0.0,0.0,0.0,0.0,0.0,0.0,0.0,0.0
Bd25210c9712b,S38533928bb7e,overhead,661.0,gaze_down,0.0,1.0,0.0,0.0,0.0,0.0,0.0,0.0,0.0,0.0,0.0,0.0,0.0,0.0,0.0,0.0
Bd25210c9712b,S38533928bb7e,overhead,662.0,gaze_down,0.0,1.0,0.0,0.0,0.0,0.0,0.0,0.0,0.0,0.0,0.0,0.0,0.0,0.0,0.0,0.0
Bd25210c9712b,S38533928bb7e,overhead,663.0,gaze_down,0.0,1.0,0.0,0.0,0.0,0.0,0.0,0.0,0.0,0.0,0.0,0.0,0.0,0.0,0.0,0.0
Bd25210c9712b,S38533928bb7e,overhead,664.0,gaze_down,0.0,1.0,0.0,0.0,0.0,0.0,0.0,0.0,0.0,0.0,0.0,0.0,0.0,0.0,0.0,0.0
Bd25210c9712b,S38533928bb7e,overhead,665.0,gaze_down,0.0,1.0,0.0,0.0,0.0,0.0,0.0,0.0,0.0,0.0,0.0,0.0,0.0,0.0,0.0,0.0
Bd25210c9712b,S38533928bb7e,overhead,666.0,gaze_down,0.0,1.0,0.0,0.0,0.0,0.0,0.0,0.0,0.0,0.0,0.0,0.0,0.0,0.0,0.0,0.0
Bd27326539456,S38533928bb7e,front,3463.0,drowsy,1.0,0.0,1.0,0.0,0.0,0.0,1.0,0.0,0.0,1.0,0.0,0.0,0.0,0.0,0.0,0.0
Bd27326539456,S38533928bb7e,front,3464.0,drowsy,1.0,0.0,1.0,0.0,0.0,0.0,0.0,0.0,0.0,0.0,0.0,0.0,0.0,0.0,0.0,0.0
Bd27326539456,S38533928bb7e,front,3465.0,drowsy,1.0,0.0,1.0,0.0,0.0,0.0,1.0,0.0,1.0,1.0,0.0,1.0,0.0,0.0,0.0,0.0
Bd27326539456,S38533928bb7e,front,3466.0,drowsy,1.0,0.0,1.0,0.0,0.0,0.0,1.0,0.0,1.0,1.0,0.0,1.0,0.0,0.0,0.0,0.0
Bd27326539456,S38533928bb7e,front,3467.0,drowsy,1.0,0.0,1.0,0.0,0.0,0.0,1.0,0.0,1.0,1.0,0.0,1.0,0.0,0.0,0.0,0.0
Bd27326539456,S38533928bb7e,front,3468.0,drowsy,1.0,0.0,1.0,0.0,0.0,0.0,1.0,0.0,1.0,1.0,0.0,1.0,0.0,0.0,0.0,0.0
Bd27326539456,S38533928bb7e,front,3469.0,drowsy,1.0,0.0,1.0,0.0,0.0,0.0,1.0,0.0,1.0,1.0,1.0,1.0,0.0,0.0,0.0,0.0
Bd27326539456,S38533928bb7e,front,3470.0,drowsy,1.0,0.0,1.0,0.0,0.0,0.0,1.0,0.0,1.0,1.0,0.0,1.0,0.0,0.0,0.0,0.0
Bd27326539456,S38533928bb7e,front,3471.0,drowsy,1.0,0.0,1.0,0.0,0.0,0.0,1.0,0.0,1.0,1.0,0.0,1.0,0.0,0.0,0.0,0.0
Bd27326539456,S38533928bb7e,front,3472.0,drowsy,1.0,0.0,1.0,0.0,0.0,0.0,1.0,0.0,1.0,1.0,0.0,1.0,0.0,0.0,0.0,0.0
Bd27326539456,S38533928bb7e,overhead,3463.0,drowsy,0.0,1.0,0.0,0.0,0.0,0.0,0.0,0.0,0.0,0.0,0.0,0.0,0.0,0.0,0.0,0.0
Bd27326539456,S38533928bb7e,overhead,3464.0,drowsy,0.0,1.0,0.0,0.0,0.0,0.0,0.0,0.0,0.0,0.0,0.0,0.0,0.0,0.0,0.0,0.0
Bd27326539456,S38533928bb7e,overhead,3465.0,drowsy,0.0,1.0,0.0,0.0,0.0,0.0,0.0,0.0,0.0,0.0,0.0,0.0,0.0,0.0,0.0,0.0
Bd27326539456,S38533928bb7e,overhead,3466.0,drowsy,0.0,1.0,0.0,0.0,0.0,0.0,0.0,0.0,0.0,0.0,0.0,0.0,0.0,0.0,0.0,0.0
Bd27326539456,S38533928bb7e,overhead,3467.0,drowsy,0.0,1.0,0.0,0.0,0.0,0.0,0.0,0.0,0.0,0.0,0.0,0.0,0.0,0.0,0.0,0.0
Bd27326539456,S38533928bb7e,overhead,3468.0,drowsy,0.0,1.0,0.0,0.0,0.0,0.0,0.0,0.0,0.0,0.0,0.0,0.0,0.0,0.0,0.0,0.0
Bd27326539456,S38533928bb7e,overhead,3469.0,drowsy,0.0,1.0,0.0,0.0,0.0,0.0,0.0,0.0,0.0,0.0,0.0,0.0,0.0,0.0,0.0,0.0
Bd27326539456,S38533928bb7e,overhead,3470.0,drowsy,0.0,1.0,0.0,0.0,0.0,0.0,0.0,0.0,0.0,0.0,0.0,0.0,0.0,0.0,0.0,0.0
Bd27326539456,S38533928bb7e,overhead,3471.0,drowsy,0.0,1.0,0.0,0.0,0.0,0.0,0.0,0.0,0.0,0.0,0.0,0.0,0.0,0.0,0.0,0.0
Bd27326539456,S38533928bb7e,overhead,3472.0,drowsy,0.0,1.0,0.0,0.0,0.0,0.0,0.0,0.0,0.0,0.0,0.0,0.0,0.0,0.0,0.0,0.0
Bd2962b16cdca,Sb97749af3711,front,0.0,unknown,1.0,0.0,0.0,0.0,0.0,0.0,0.0,0.0,0.0,0.0,0.0,0.0,0.0,0.0,0.0,0.0
Bd2962b16cdca,Sb97749af3711,front,1.0,unknown,1.0,0.0,0.0,0.0,0.0,0.0,0.0,0.0,0.0,0.0,0.0,0.0,0.0,0.0,0.0,0.0
Bd2962b16cdca,Sb97749af3711,front,2.0,unknown,1.0,0.0,0.0,0.0,0.0,0.0,0.0,0.0,0.0,0.0,0.0,0.0,0.0,0.0,0.0,0.0
Bd2962b16cdca,Sb97749af3711,front,3.0,unknown,1.0,0.0,0.0,0.0,0.0,0.0,0.0,0.0,0.0,0.0,0.0,0.0,0.0,0.0,0.0,0.0
Bd2962b16cdca,Sb97749af3711,front,4.0,unknown,1.0,0.0,0.0,0.0,0.0,0.0,0.0,0.0,0.0,0.0,0.0,0.0,0.0,0.0,0.0,0.0
Bd2962b16cdca,Sb97749af3711,front,5.0,unknown,1.0,0.0,0.0,0.0,0.0,0.0,0.0,0.0,0.0,0.0,0.0,0.0,0.0,0.0,0.0,0.0
Bd2962b16cdca,Sb97749af3711,front,6.0,unknown,1.0,0.0,0.0,0.0,0.0,0.0,0.0,0.0,0.0,0.0,0.0,0.0,0.0,0.0,0.0,0.0
Bd2962b16cdca,Sb97749af3711,front,7.0,unknown,1.0,0.0,0.0,0.0,0.0,0.0,0.0,0.0,0.0,0.0,0.0,0.0,0.0,0.0,0.0,0.0
Bd2962b16cdca,Sb97749af3711,front,8.0,unknown,1.0,0.0,0.0,0.0,0.0,0.0,0.0,0.0,0.0,0.0,0.0,0.0,0.0,0.0,0.0,0.0
Bd2962b16cdca,Sb97749af3711,front,9.0,unknown,1.0,0.0,0.0,0.0,0.0,0.0,0.0,0.0,0.0,0.0,0.0,0.0,0.0,0.0,0.0,0.0
Bd2962b16cdca,Sb97749af3711,overhead,0.0,unknown,0.0,1.0,0.0,0.0,0.0,0.0,0.0,0.0,0.0,0.0,0.0,0.0,0.0,0.0,0.0,0.0
Bd2962b16cdca,Sb97749af3711,overhead,1.0,unknown,0.0,1.0,0.0,0.0,0.0,0.0,0.0,0.0,0.0,0.0,0.0,0.0,0.0,0.0,0.0,0.0
Bd2962b16cdca,Sb97749af3711,overhead,2.0,unknown,0.0,1.0,0.0,0.0,0.0,0.0,0.0,0.0,0.0,0.0,0.0,0.0,0.0,0.0,0.0,0.0
Bd2962b16cdca,Sb97749af3711,overhead,3.0,unknown,0.0,1.0,0.0,0.0,0.0,0.0,0.0,0.0,0.0,0.0,0.0,0.0,0.0,0.0,0.0,0.0
Bd2962b16cdca,Sb97749af3711,overhead,4.0,unknown,0.0,1.0,0.0,0.0,0.0,0.0,0.0,0.0,0.0,0.0,0.0,0.0,0.0,0.0,0.0,0.0
Bd2962b16cdca,Sb97749af3711,overhead,5.0,unknown,0.0,1.0,0.0,0.0,0.0,0.0,0.0,0.0,0.0,0.0,0.0,0.0,0.0,0.0,0.0,0.0
Bd2962b16cdca,Sb97749af3711,overhead,6.0,unknown,0.0,1.0,0.0,0.0,0.0,0.0,0.0,0.0,0.0,0.0,0.0,0.0,0.0,0.0,0.0,0.0
Bd2962b16cdca,Sb97749af3711,overhead,7.0,unknown,0.0,1.0,0.0,0.0,0.0,0.0,0.0,0.0,0.0,0.0,0.0,0.0,0.0,0.0,0.0,0.0
Bd2962b16cdca,Sb97749af3711,overhead,8.0,unknown,0.0,1.0,0.0,0.0,0.0,0.0,0.0,0.0,0.0,0.0,0.0,0.0,0.0,0.0,0.0,0.0
Bd2962b16cdca,Sb97749af3711,overhead,9.0,unknown,0.0,1.0,0.0,0.0,0.0,0.0,0.0,0.0,0.0,0.0,0.0,0.0,0.0,0.0,0.0,0.0
Bd335c0a1f108,S38533928bb7e,front,4235.0,gaze_down,1.0,0.0,1.0,0.0,0.0,1.0,1.0,1.0,0.0,1.0,1.0,0.0,0.0,0.0,0.0,0.0
Bd335c0a1f108,S38533928bb7e,front,4236.0,gaze_down,1.0,0.0,1.0,0.0,0.0,1.0,0.0,0.0,0.0,0.0,1.0,0.0,0.0,0.0,0.0,0.0
Bd335c0a1f108,S38533928bb7e,front,4237.0,gaze_down,1.0,0.0,1.0,1.0,0.0,1.0,0.0,0.0,0.0,0.0,1.0,0.0,0.0,0.0,0.0,0.0
Bd335c0a1f108,S38533928bb7e,front,4238.0,gaze_down,1.0,0.0,1.0,1.0,0.0,1.0,0.0,0.0,0.0,0.0,1.0,0.0,0.0,0.0,0.0,0.0
Bd335c0a1f108,S38533928bb7e,front,4239.0,gaze_down,1.0,0.0,1.0,1.0,0.0,1.0,0.0,0.0,0.0,0.0,1.0,0.0,0.0,0.0,0.0,0.0
Bd335c0a1f108,S38533928bb7e,front,4240.0,gaze_down,1.0,0.0,1.0,1.0,0.0,1.0,0.0,0.0,0.0,0.0,1.0,0.0,0.0,0.0,0.0,0.0
Bd335c0a1f108,S38533928bb7e,overhead,4235.0,gaze_down,0.0,1.0,0.0,0.0,0.0,1.0,0.0,0.0,0.0,0.0,1.0,0.0,0.0,0.0,0.0,0.0
Bd335c0a1f108,S38533928bb7e,overhead,4236.0,gaze_down,0.0,1.0,0.0,0.0,0.0,1.0,0.0,0.0,0.0,0.0,1.0,0.0,0.0,0.0,0.0,0.0
Bd335c0a1f108,S38533928bb7e,overhead,4237.0,gaze_down,0.0,1.0,0.0,0.0,0.0,1.0,0.0,0.0,0.0,0.0,1.0,0.0,0.0,0.0,0.0,0.0
Bd335c0a1f108,S38533928bb7e,overhead,4238.0,gaze_down,0.0,1.0,0.0,0.0,0.0,1.0,0.0,0.0,0.0,0.0,1.0,0.0,0.0,0.0,0.0,0.0
Bd335c0a1f108,S38533928bb7e,overhead,4239.0,gaze_down,0.0,1.0,0.0,0.0,0.0,1.0,0.0,0.0,0.0,0.0,1.0,0.0,0.0,0.0,0.0,0.0
Bd335c0a1f108,S38533928bb7e,overhead,4240.0,gaze_down,0.0,1.0,0.0,0.0,0.0,1.0,0.0,0.0,0.0,0.0,1.0,0.0,0.0,0.0,0.0,0.0
Bd3671727d11b,S38533928bb7e,front,3068.0,gaze_down,1.0,0.0,1.0,0.0,0.0,1.0,0.0,0.0,0.0,0.0,1.0,0.0,0.0,0.0,0.0,0.0
Bd3671727d11b,S38533928bb7e,front,3069.0,gaze_down,1.0,0.0,0.0,0.0,0.0,1.0,0.0,0.0,0.0,0.0,1.0,1.0,0.0,0.0,0.0,0.0
Bd3671727d11b,S38533928bb7e,front,3070.0,gaze_down,1.0,0.0,1.0,0.0,1.0,1.0,0.0,0.0,0.0,0.0,1.0,0.0,0.0,0.0,0.0,0.0
Bd3671727d11b,S38533928bb7e,front,3071.0,gaze_down,1.0,0.0,1.0,0.0,1.0,1.0,0.0,0.0,0.0,0.0,1.0,0.0,0.0,0.0,0.0,0.0
Bd3671727d11b,S38533928bb7e,front,3072.0,gaze_down,1.0,0.0,1.0,1.0,0.0,1.0,0.0,0.0,0.0,0.0,1.0,0.0,0.0,0.0,0.0,0.0
Bd3671727d11b,S38533928bb7e,front,3073.0,gaze_down,1.0,0.0,1.0,1.0,0.0,1.0,0.0,0.0,0.0,0.0,1.0,0.0,0.0,0.0,0.0,0.0
Bd3671727d11b,S38533928bb7e,front,3074.0,gaze_down,1.0,0.0,1.0,0.0,0.0,1.0,0.0,0.0,0.0,0.0,1.0,0.0,0.0,0.0,0.0,0.0
Bd3671727d11b,S38533928bb7e,front,3075.0,gaze_down,1.0,0.0,1.0,0.0,0.0,1.0,0.0,0.0,0.0,0.0,1.0,0.0,0.0,0.0,0.0,0.0
Bd3671727d11b,S38533928bb7e,front,3076.0,gaze_down,1.0,0.0,1.0,0.0,1.0,1.0,0.0,0.0,0.0,0.0,1.0,0.0,0.0,0.0,0.0,0.0
Bd3671727d11b,S38533928bb7e,front,3077.0,gaze_down,1.0,0.0,1.0,0.0,1.0,1.0,0.0,0.0,0.0,0.0,1.0,0.0,0.0,0.0,0.0,0.0
Bd3671727d11b,S38533928bb7e,overhead,3068.0,gaze_down,0.0,1.0,0.0,0.0,0.0,0.0,0.0,0.0,0.0,0.0,0.0,0.0,0.0,0.0,0.0,0.0
Bd3671727d11b,S38533928bb7e,overhead,3069.0,gaze_down,0.0,1.0,0.0,0.0,0.0,0.0,0.0,0.0,0.0,0.0,0.0,0.0,0.0,0.0,0.0,0.0
Bd3671727d11b,S38533928bb7e,overhead,3070.0,gaze_down,0.0,1.0,0.0,0.0,0.0,0.0,0.0,0.0,0.0,0.0,0.0,0.0,0.0,0.0,0.0,0.0
Bd3671727d11b,S38533928bb7e,overhead,3071.0,gaze_down,0.0,1.0,0.0,0.0,0.0,0.0,0.0,0.0,0.0,0.0,0.0,0.0,0.0,0.0,0.0,0.0
Bd3671727d11b,S38533928bb7e,overhead,3072.0,gaze_down,0.0,1.0,0.0,0.0,0.0,0.0,0.0,0.0,0.0,0.0,0.0,0.0,0.0,0.0,0.0,0.0
Bd3671727d11b,S38533928bb7e,overhead,3073.0,gaze_down,0.0,1.0,0.0,0.0,0.0,0.0,0.0,0.0,0.0,0.0,0.0,0.0,0.0,0.0,0.0,0.0
Bd3671727d11b,S38533928bb7e,overhead,3074.0,gaze_down,0.0,1.0,0.0,0.0,0.0,0.0,0.0,0.0,0.0,0.0,0.0,0.0,0.0,0.0,0.0,0.0
Bd3671727d11b,S38533928bb7e,overhead,3075.0,gaze_down,0.0,1.0,0.0,0.0,0.0,0.0,0.0,0.0,0.0,0.0,0.0,0.0,0.0,0.0,0.0,0.0
Bd3671727d11b,S38533928bb7e,overhead,3076.0,gaze_down,0.0,1.0,0.0,0.0,0.0,0.0,0.0,0.0,0.0,0.0,0.0,0.0,0.0,0.0,0.0,0.0
Bd3671727d11b,S38533928bb7e,overhead,3077.0,gaze_down,0.0,1.0,0.0,0.0,0.0,0.0,0.0,0.0,0.0,0.0,0.0,0.0,0.0,0.0,0.0,0.0
Bd4f869838d91,Sf8cdbc0a93cc,front,0.0,focus,1.0,0.0,1.0,0.0,0.0,0.0,0.0,0.0,0.0,0.0,0.0,0.0,0.0,0.0,0.0,0.0
Bd4f869838d91,Sf8cdbc0a93cc,front,1.0,focus,1.0,0.0,1.0,0.0,0.0,0.0,1.0,1.0,0.0,1.0,1.0,0.0,0.0,0.0,0.0,0.0
Bd4f869838d91,Sf8cdbc0a93cc,front,2.0,focus,1.0,0.0,1.0,0.0,0.0,0.0,0.0,0.0,0.0,0.0,0.0,0.0,0.0,0.0,0.0,0.0
Bd4f869838d91,Sf8cdbc0a93cc,front,3.0,focus,1.0,0.0,1.0,0.0,0.0,0.0,0.0,0.0,0.0,0.0,0.0,0.0,0.0,0.0,0.0,0.0
Bd4f869838d91,Sf8cdbc0a93cc,front,4.0,focus,1.0,0.0,1.0,0.0,0.0,0.0,0.0,0.0,0.0,0.0,0.0,0.0,0.0,0.0,0.0,0.0
Bd4f869838d91,Sf8cdbc0a93cc,front,5.0,focus,1.0,0.0,1.0,0.0,0.0,0.0,0.0,0.0,0.0,0.0,0.0,0.0,0.0,0.0,0.0,0.0
Bd4f869838d91,Sf8cdbc0a93cc,front,6.0,focus,1.0,0.0,1.0,0.0,0.0,0.0,0.0,0.0,0.0,0.0,0.0,0.0,0.0,0.0,0.0,0.0
Bd4f869838d91,Sf8cdbc0a93cc,front,7.0,focus,1.0,0.0,1.0,0.0,0.0,0.0,0.0,0.0,0.0,0.0,0.0,0.0,0.0,0.0,0.0,0.0
Bd4f869838d91,Sf8cdbc0a93cc,front,8.0,focus,1.0,0.0,1.0,0.0,0.0,0.0,1.0,0.0,0.0,1.0,1.0,0.0,0.0,0.0,0.0,0.0
Bd4f869838d91,Sf8cdbc0a93cc,front,9.0,focus,1.0,0.0,1.0,0.0,0.0,0.0,1.0,0.0,0.0,1.0,1.0,0.0,0.0,0.0,0.0,0.0
Bd4f869838d91,Sf8cdbc0a93cc,overhead,0.0,focus,0.0,1.0,0.0,0.0,0.0,0.0,0.0,0.0,0.0,0.0,0.0,0.0,0.0,0.0,0.0,0.0
Bd4f869838d91,Sf8cdbc0a93cc,overhead,1.0,focus,0.0,1.0,0.0,0.0,0.0,0.0,0.0,0.0,0.0,0.0,0.0,0.0,0.0,0.0,0.0,0.0
Bd4f869838d91,Sf8cdbc0a93cc,overhead,2.0,focus,0.0,1.0,0.0,0.0,0.0,0.0,0.0,0.0,0.0,0.0,0.0,0.0,0.0,0.0,0.0,0.0
Bd4f869838d91,Sf8cdbc0a93cc,overhead,3.0,focus,0.0,1.0,0.0,0.0,0.0,0.0,0.0,0.0,0.0,0.0,0.0,0.0,0.0,0.0,0.0,0.0
Bd4f869838d91,Sf8cdbc0a93cc,overhead,4.0,focus,0.0,1.0,0.0,0.0,0.0,0.0,0.0,0.0,0.0,0.0,0.0,0.0,0.0,0.0,0.0,0.0
Bd4f869838d91,Sf8cdbc0a93cc,overhead,5.0,focus,0.0,1.0,0.0,0.0,0.0,0.0,0.0,0.0,0.0,0.0,0.0,0.0,0.0,0.0,0.0,0.0
Bd4f869838d91,Sf8cdbc0a93cc,overhead,6.0,focus,0.0,1.0,0.0,0.0,0.0,0.0,0.0,0.0,0.0,0.0,0.0,0.0,0.0,0.0,0.0,0.0
Bd4f869838d91,Sf8cdbc0a93cc,overhead,7.0,focus,0.0,1.0,0.0,0.0,0.0,0.0,0.0,0.0,0.0,0.0,0.0,0.0,0.0,0.0,0.0,0.0
Bd4f869838d91,Sf8cdbc0a93cc,overhead,8.0,focus,0.0,1.0,0.0,0.0,0.0,0.0,0.0,0.0,0.0,0.0,0.0,0.0,0.0,0.0,0.0,0.0
Bd4f869838d91,Sf8cdbc0a93cc,overhead,9.0,focus,0.0,1.0,0.0,0.0,0.0,0.0,0.0,0.0,0.0,0.0,0.0,0.0,0.0,0.0,0.0,0.0
Bd57b1db7d6f8,S8bb31e565816,front,0.0,gaze_side,1.0,0.0,1.0,0.0,0.0,1.0,0.0,0.0,0.0,0.0,1.0,0.0,0.0,0.0,0.0,0.0
Bd57b1db7d6f8,S8bb31e565816,front,1.0,gaze_side,1.0,0.0,1.0,0.0,0.0,1.0,0.0,0.0,0.0,0.0,1.0,0.0,0.0,0.0,0.0,0.0
Bd57b1db7d6f8,S8bb31e565816,front,2.0,gaze_side,1.0,0.0,1.0,0.0,0.0,1.0,0.0,0.0,0.0,0.0,1.0,0.0,0.0,0.0,0.0,0.0
Bd57b1db7d6f8,S8bb31e565816,front,3.0,gaze_side,1.0,0.0,0.0,0.0,0.0,1.0,0.0,0.0,0.0,0.0,1.0,0.0,0.0,0.0,0.0,0.0
Bd57b1db7d6f8,S8bb31e565816,front,4.0,gaze_side,1.0,0.0,1.0,0.0,0.0,1.0,0.0,0.0,0.0,0.0,1.0,0.0,0.0,0.0,0.0,0.0
Bd57b1db7d6f8,S8bb31e565816,front,5.0,gaze_side,1.0,0.0,0.0,0.0,0.0,1.0,0.0,0.0,0.0,0.0,1.0,0.0,0.0,0.0,0.0,0.0
Bd57b1db7d6f8,S8bb31e565816,front,6.0,gaze_side,1.0,0.0,0.0,0.0,0.0,1.0,0.0,0.0,0.0,0.0,1.0,0.0,0.0,0.0,0.0,0.0
Bd57b1db7d6f8,S8bb31e565816,front,7.0,gaze_side,1.0,0.0,0.0,0.0,0.0,1.0,0.0,0.0,0.0,0.0,1.0,0.0,0.0,0.0,0.0,0.0
Bd57b1db7d6f8,S8bb31e565816,front,8.0,gaze_side,1.0,0.0,1.0,0.0,0.0,1.0,0.0,0.0,0.0,0.0,1.0,0.0,0.0,0.0,0.0,0.0
Bd57b1db7d6f8,S8bb31e565816,front,9.0,gaze_side,1.0,0.0,0.0,0.0,0.0,1.0,0.0,0.0,0.0,0.0,1.0,0.0,0.0,0.0,0.0,0.0
Bd57b1db7d6f8,S8bb31e565816,overhead,0.0,gaze_side,0.0,1.0,0.0,0.0,0.0,0.0,0.0,0.0,0.0,0.0,0.0,0.0,0.0,0.0,0.0,0.0
Bd57b1db7d6f8,S8bb31e565816,overhead,1.0,gaze_side,0.0,1.0,0.0,0.0,0.0,0.0,0.0,0.0,0.0,0.0,0.0,0.0,0.0,0.0,0.0,0.0
Bd57b1db7d6f8,S8bb31e565816,overhead,2.0,gaze_side,0.0,1.0,0.0,0.0,0.0,0.0,0.0,0.0,0.0,0.0,0.0,0.0,0.0,0.0,0.0,0.0
Bd57b1db7d6f8,S8bb31e565816,overhead,3.0,gaze_side,0.0,1.0,0.0,0.0,0.0,0.0,0.0,0.0,0.0,0.0,0.0,0.0,0.0,0.0,0.0,0.0
Bd57b1db7d6f8,S8bb31e565816,overhead,4.0,gaze_side,0.0,1.0,0.0,0.0,0.0,0.0,0.0,0.0,0.0,0.0,0.0,0.0,0.0,0.0,0.0,0.0
Bd57b1db7d6f8,S8bb31e565816,overhead,5.0,gaze_side,0.0,1.0,0.0,0.0,0.0,0.0,0.0,0.0,0.0,0.0,0.0,0.0,0.0,0.0,0.0,0.0
Bd57b1db7d6f8,S8bb31e565816,overhead,6.0,gaze_side,0.0,1.0,0.0,0.0,0.0,0.0,0.0,0.0,0.0,0.0,0.0,0.0,0.0,0.0,0.0,0.0
Bd57b1db7d6f8,S8bb31e565816,overhead,7.0,gaze_side,0.0,1.0,0.0,0.0,0.0,0.0,0.0,0.0,0.0,0.0,0.0,0.0,0.0,0.0,0.0,0.0
Bd57b1db7d6f8,S8bb31e565816,overhead,8.0,gaze_side,0.0,1.0,0.0,0.0,0.0,0.0,0.0,0.0,0.0,0.0,0.0,0.0,0.0,0.0,0.0,0.0
Bd57b1db7d6f8,S8bb31e565816,overhead,9.0,gaze_side,0.0,1.0,0.0,0.0,0.0,0.0,0.0,0.0,0.0,0.0,0.0,0.0,0.0,0.0,0.0,0.0
Bd57ba49ffcc6,S38533928bb7e,front,6494.0,gaze_down,1.0,0.0,1.0,0.0,0.0,0.0,1.0,0.0,1.0,1.0,0.0,1.0,0.0,0.0,0.0,0.0
Bd57ba49ffcc6,S38533928bb7e,front,6495.0,gaze_down,1.0,0.0,1.0,0.0,0.0,0.0,1.0,0.0,1.0,1.0,1.0,1.0,0.0,0.0,0.0,0.0
Bd57ba49ffcc6,S38533928bb7e,front,6496.0,gaze_down,1.0,0.0,1.0,0.0,0.0,0.0,1.0,0.0,1.0,1.0,0.0,1.0,0.0,0.0,0.0,0.0
Bd57ba49ffcc6,S38533928bb7e,front,6497.0,gaze_down,1.0,0.0,1.0,0.0,0.0,0.0,1.0,0.0,1.0,1.0,1.0,1.0,0.0,0.0,0.0,0.0
Bd57ba49ffcc6,S38533928bb7e,front,6498.0,gaze_down,1.0,0.0,1.0,0.0,0.0,0.0,1.0,0.0,1.0,1.0,0.0,1.0,0.0,0.0,0.0,0.0
Bd57ba49ffcc6,S38533928bb7e,front,6499.0,gaze_down,1.0,0.0,1.0,0.0,0.0,0.0,1.0,0.0,1.0,1.0,0.0,1.0,0.0,0.0,0.0,0.0
Bd57ba49ffcc6,S38533928bb7e,front,6500.0,gaze_down,1.0,0.0,1.0,0.0,0.0,0.0,1.0,0.0,1.0,1.0,1.0,1.0,0.0,0.0,0.0,0.0
Bd57ba49ffcc6,S38533928bb7e,front,6501.0,gaze_down,1.0,0.0,1.0,0.0,0.0,0.0,1.0,0.0,1.0,1.0,0.0,1.0,0.0,0.0,0.0,0.0
Bd57ba49ffcc6,S38533928bb7e,front,6502.0,gaze_down,1.0,0.0,1.0,0.0,0.0,0.0,1.0,0.0,1.0,1.0,0.0,1.0,0.0,0.0,0.0,0.0
Bd57ba49ffcc6,S38533928bb7e,front,6503.0,gaze_down,1.0,0.0,1.0,0.0,0.0,0.0,1.0,0.0,1.0,1.0,0.0,1.0,0.0,0.0,0.0,0.0
Bd57ba49ffcc6,S38533928bb7e,overhead,6494.0,gaze_down,0.0,1.0,0.0,0.0,0.0,0.0,0.0,0.0,0.0,0.0,0.0,0.0,0.0,0.0,0.0,0.0
Bd57ba49ffcc6,S38533928bb7e,overhead,6495.0,gaze_down,0.0,1.0,0.0,0.0,0.0,0.0,0.0,0.0,0.0,0.0,0.0,0.0,0.0,0.0,0.0,0.0
Bd57ba49ffcc6,S38533928bb7e,overhead,6496.0,gaze_down,0.0,1.0,0.0,0.0,0.0,0.0,0.0,0.0,0.0,0.0,0.0,0.0,0.0,0.0,0.0,0.0
Bd57ba49ffcc6,S38533928bb7e,overhead,6497.0,gaze_down,0.0,1.0,0.0,0.0,0.0,1.0,0.0,0.0,0.0,0.0,1.0,0.0,0.0,0.0,0.0,0.0
Bd57ba49ffcc6,S38533928bb7e,overhead,6498.0,gaze_down,0.0,1.0,0.0,0.0,0.0,1.0,0.0,0.0,0.0,0.0,1.0,0.0,0.0,0.0,0.0,0.0
Bd57ba49ffcc6,S38533928bb7e,overhead,6499.0,gaze_down,0.0,1.0,0.0,0.0,0.0,1.0,0.0,0.0,0.0,0.0,1.0,0.0,0.0,0.0,0.0,0.0
Bd57ba49ffcc6,S38533928bb7e,overhead,6500.0,gaze_down,0.0,1.0,0.0,0.0,0.0,1.0,0.0,0.0,0.0,0.0,1.0,0.0,0.0,0.0,0.0,0.0
Bd57ba49ffcc6,S38533928bb7e,overhead,6501.0,gaze_down,0.0,1.0,0.0,0.0,0.0,0.0,0.0,0.0,0.0,0.0,0.0,0.0,0.0,0.0,0.0,0.0
Bd57ba49ffcc6,S38533928bb7e,overhead,6502.0,gaze_down,0.0,1.0,0.0,0.0,0.0,0.0,0.0,0.0,0.0,0.0,0.0,0.0,0.0,0.0,0.0,0.0
Bd57ba49ffcc6,S38533928bb7e,overhead,6503.0,gaze_down,0.0,1.0,0.0,0.0,0.0,0.0,0.0,0.0,0.0,0.0,0.0,0.0,0.0,0.0,0.0,0.0
Bd5beec3b4242,Sb97749af3711,front,0.0,unknown,1.0,0.0,0.0,0.0,0.0,0.0,0.0,0.0,0.0,0.0,0.0,0.0,0.0,0.0,0.0,0.0
Bd5beec3b4242,Sb97749af3711,front,1.0,unknown,1.0,0.0,0.0,0.0,0.0,0.0,0.0,0.0,0.0,0.0,0.0,0.0,0.0,0.0,0.0,0.0
Bd5beec3b4242,Sb97749af3711,front,2.0,unknown,1.0,0.0,0.0,0.0,0.0,0.0,0.0,0.0,0.0,0.0,0.0,0.0,0.0,0.0,0.0,0.0
Bd5beec3b4242,Sb97749af3711,front,3.0,unknown,1.0,0.0,0.0,0.0,0.0,0.0,0.0,0.0,0.0,0.0,0.0,0.0,0.0,0.0,0.0,0.0
Bd5beec3b4242,Sb97749af3711,front,4.0,unknown,1.0,0.0,0.0,0.0,0.0,0.0,0.0,0.0,0.0,0.0,0.0,0.0,0.0,0.0,0.0,0.0
Bd5beec3b4242,Sb97749af3711,front,5.0,unknown,1.0,0.0,0.0,0.0,0.0,0.0,0.0,0.0,0.0,0.0,0.0,0.0,0.0,0.0,0.0,0.0
Bd5beec3b4242,Sb97749af3711,front,6.0,unknown,1.0,0.0,0.0,0.0,0.0,0.0,0.0,0.0,0.0,0.0,0.0,0.0,0.0,0.0,0.0,0.0
Bd5beec3b4242,Sb97749af3711,front,7.0,unknown,1.0,0.0,0.0,0.0,0.0,0.0,0.0,0.0,0.0,0.0,0.0,0.0,0.0,0.0,0.0,0.0
Bd5beec3b4242,Sb97749af3711,front,8.0,unknown,1.0,0.0,0.0,0.0,0.0,0.0,0.0,0.0,0.0,0.0,0.0,0.0,0.0,0.0,0.0,0.0
Bd5beec3b4242,Sb97749af3711,front,9.0,unknown,1.0,0.0,0.0,0.0,0.0,0.0,0.0,0.0,0.0,0.0,0.0,0.0,0.0,0.0,0.0,0.0
Bd5beec3b4242,Sb97749af3711,overhead,0.0,unknown,0.0,1.0,0.0,0.0,0.0,0.0,0.0,0.0,0.0,0.0,0.0,0.0,0.0,0.0,0.0,0.0
Bd5beec3b4242,Sb97749af3711,overhead,1.0,unknown,0.0,1.0,0.0,0.0,0.0,0.0,0.0,0.0,0.0,0.0,0.0,0.0,0.0,0.0,0.0,0.0
Bd5beec3b4242,Sb97749af3711,overhead,2.0,unknown,0.0,1.0,0.0,0.0,0.0,0.0,0.0,0.0,0.0,0.0,0.0,0.0,0.0,0.0,0.0,0.0
Bd5beec3b4242,Sb97749af3711,overhead,3.0,unknown,0.0,1.0,0.0,0.0,0.0,0.0,0.0,0.0,0.0,0.0,0.0,0.0,0.0,0.0,0.0,0.0
Bd5beec3b4242,Sb97749af3711,overhead,4.0,unknown,0.0,1.0,0.0,0.0,0.0,0.0,0.0,0.0,0.0,0.0,0.0,0.0,0.0,0.0,0.0,0.0
Bd5beec3b4242,Sb97749af3711,overhead,5.0,unknown,0.0,1.0,0.0,0.0,0.0,0.0,0.0,0.0,0.0,0.0,0.0,0.0,0.0,0.0,0.0,0.0
Bd5beec3b4242,Sb97749af3711,overhead,6.0,unknown,0.0,1.0,0.0,0.0,0.0,0.0,0.0,0.0,0.0,0.0,0.0,0.0,0.0,0.0,0.0,0.0
Bd5beec3b4242,Sb97749af3711,overhead,7.0,unknown,0.0,1.0,0.0,0.0,0.0,0.0,0.0,0.0,0.0,0.0,0.0,0.0,0.0,0.0,0.0,0.0
Bd5beec3b4242,Sb97749af3711,overhead,8.0,unknown,0.0,1.0,0.0,0.0,0.0,0.0,0.0,0.0,0.0,0.0,0.0,0.0,0.0,0.0,0.0,0.0
Bd5beec3b4242,Sb97749af3711,overhead,9.0,unknown,0.0,1.0,0.0,0.0,0.0,0.0,0.0,0.0,0.0,0.0,0.0,0.0,0.0,0.0,0.0,0.0
Bd5eaa4f3849f,Sd507e72fb21a,front,0.0,unknown,1.0,0.0,0.0,0.0,0.0,0.0,0.0,0.0,0.0,0.0,0.0,0.0,0.0,0.0,0.0,0.0
Bd5eaa4f3849f,Sd507e72fb21a,front,1.0,unknown,1.0,0.0,0.0,0.0,0.0,0.0,0.0,0.0,0.0,0.0,0.0,0.0,0.0,0.0,0.0,0.0
Bd5eaa4f3849f,Sd507e72fb21a,front,2.0,unknown,1.0,0.0,0.0,0.0,0.0,0.0,0.0,0.0,0.0,0.0,0.0,0.0,0.0,0.0,0.0,0.0
Bd5eaa4f3849f,Sd507e72fb21a,front,3.0,unknown,1.0,0.0,0.0,0.0,0.0,0.0,0.0,0.0,0.0,0.0,0.0,0.0,0.0,0.0,0.0,0.0
Bd5eaa4f3849f,Sd507e72fb21a,front,4.0,unknown,1.0,0.0,0.0,0.0,0.0,0.0,0.0,0.0,0.0,0.0,0.0,0.0,0.0,0.0,0.0,0.0
Bd5eaa4f3849f,Sd507e72fb21a,front,5.0,unknown,1.0,0.0,0.0,0.0,0.0,0.0,0.0,0.0,0.0,0.0,0.0,0.0,0.0,0.0,0.0,0.0
Bd5eaa4f3849f,Sd507e72fb21a,front,6.0,unknown,1.0,0.0,0.0,0.0,0.0,0.0,0.0,0.0,0.0,0.0,0.0,0.0,0.0,0.0,0.0,0.0
Bd5eaa4f3849f,Sd507e72fb21a,front,7.0,unknown,1.0,0.0,0.0,0.0,0.0,0.0,0.0,0.0,0.0,0.0,0.0,0.0,0.0,0.0,0.0,0.0
Bd5eaa4f3849f,Sd507e72fb21a,front,8.0,unknown,1.0,0.0,0.0,0.0,0.0,0.0,0.0,0.0,0.0,0.0,0.0,0.0,0.0,0.0,0.0,0.0
Bd5eaa4f3849f,Sd507e72fb21a,front,9.0,unknown,1.0,0.0,0.0,0.0,0.0,0.0,0.0,0.0,0.0,0.0,0.0,0.0,0.0,0.0,0.0,0.0
Bd5eaa4f3849f,Sd507e72fb21a,overhead,0.0,unknown,0.0,1.0,0.0,0.0,0.0,0.0,0.0,0.0,0.0,0.0,0.0,0.0,0.0,0.0,0.0,0.0
Bd5eaa4f3849f,Sd507e72fb21a,overhead,1.0,unknown,0.0,1.0,0.0,0.0,0.0,0.0,0.0,0.0,0.0,0.0,0.0,0.0,0.0,0.0,0.0,0.0
Bd5eaa4f3849f,Sd507e72fb21a,overhead,2.0,unknown,0.0,1.0,0.0,0.0,0.0,0.0,0.0,0.0,0.0,0.0,0.0,0.0,0.0,0.0,0.0,0.0
Bd5eaa4f3849f,Sd507e72fb21a,overhead,3.0,unknown,0.0,1.0,0.0,0.0,0.0,0.0,0.0,0.0,0.0,0.0,0.0,0.0,0.0,0.0,0.0,0.0
Bd5eaa4f3849f,Sd507e72fb21a,overhead,4.0,unknown,0.0,1.0,0.0,0.0,0.0,0.0,0.0,0.0,0.0,0.0,0.0,0.0,0.0,0.0,0.0,0.0
Bd5eaa4f3849f,Sd507e72fb21a,overhead,5.0,unknown,0.0,1.0,0.0,0.0,0.0,0.0,0.0,0.0,0.0,0.0,0.0,0.0,0.0,0.0,0.0,0.0
Bd5eaa4f3849f,Sd507e72fb21a,overhead,6.0,unknown,0.0,1.0,0.0,0.0,0.0,0.0,0.0,0.0,0.0,0.0,0.0,0.0,0.0,0.0,0.0,0.0
Bd5eaa4f3849f,Sd507e72fb21a,overhead,7.0,unknown,0.0,1.0,0.0,0.0,0.0,0.0,0.0,0.0,0.0,0.0,0.0,0.0,0.0,0.0,0.0,0.0
Bd5eaa4f3849f,Sd507e72fb21a,overhead,8.0,unknown,0.0,1.0,0.0,0.0,0.0,0.0,0.0,0.0,0.0,0.0,0.0,0.0,0.0,0.0,0.0,0.0
Bd5eaa4f3849f,Sd507e72fb21a,overhead,9.0,unknown,0.0,1.0,0.0,0.0,0.0,0.0,0.0,0.0,0.0,0.0,0.0,0.0,0.0,0.0,0.0,0.0
Bd84d20d16650,S41983e9ca40a,front,0.0,unknown,1.0,0.0,0.0,0.0,0.0,0.0,0.0,0.0,0.0,0.0,0.0,0.0,0.0,0.0,0.0,0.0
Bd84d20d16650,S41983e9ca40a,front,1.0,unknown,1.0,0.0,0.0,0.0,0.0,0.0,0.0,0.0,0.0,0.0,0.0,0.0,0.0,0.0,0.0,0.0
Bd84d20d16650,S41983e9ca40a,front,2.0,unknown,1.0,0.0,0.0,0.0,0.0,0.0,0.0,0.0,0.0,0.0,0.0,0.0,0.0,0.0,0.0,0.0
Bd84d20d16650,S41983e9ca40a,front,3.0,unknown,1.0,0.0,0.0,0.0,0.0,0.0,0.0,0.0,0.0,0.0,0.0,0.0,0.0,0.0,0.0,0.0
Bd84d20d16650,S41983e9ca40a,front,4.0,unknown,1.0,0.0,0.0,0.0,0.0,0.0,0.0,0.0,0.0,0.0,0.0,0.0,0.0,0.0,0.0,0.0
Bd84d20d16650,S41983e9ca40a,front,5.0,unknown,1.0,0.0,0.0,0.0,0.0,0.0,0.0,0.0,0.0,0.0,0.0,0.0,0.0,0.0,0.0,0.0
Bd84d20d16650,S41983e9ca40a,front,6.0,unknown,1.0,0.0,0.0,0.0,0.0,0.0,0.0,0.0,0.0,0.0,0.0,0.0,0.0,0.0,0.0,0.0
Bd84d20d16650,S41983e9ca40a,front,7.0,unknown,1.0,0.0,0.0,0.0,0.0,0.0,0.0,0.0,0.0,0.0,0.0,0.0,0.0,0.0,0.0,0.0
Bd84d20d16650,S41983e9ca40a,front,8.0,unknown,1.0,0.0,0.0,0.0,0.0,0.0,0.0,0.0,0.0,0.0,0.0,0.0,0.0,0.0,0.0,0.0
Bd84d20d16650,S41983e9ca40a,front,9.0,unknown,1.0,0.0,0.0,0.0,0.0,0.0,0.0,0.0,0.0,0.0,0.0,0.0,0.0,0.0,0.0,0.0
Bd84d20d16650,S41983e9ca40a,overhead,0.0,unknown,0.0,1.0,0.0,0.0,0.0,0.0,0.0,0.0,0.0,0.0,0.0,0.0,0.0,0.0,0.0,0.0
Bd84d20d16650,S41983e9ca40a,overhead,1.0,unknown,0.0,1.0,0.0,0.0,0.0,0.0,0.0,0.0,0.0,0.0,0.0,0.0,0.0,0.0,0.0,0.0
Bd84d20d16650,S41983e9ca40a,overhead,2.0,unknown,0.0,1.0,0.0,0.0,0.0,0.0,0.0,0.0,0.0,0.0,0.0,0.0,0.0,0.0,0.0,0.0
Bd84d20d16650,S41983e9ca40a,overhead,3.0,unknown,0.0,1.0,0.0,0.0,0.0,0.0,0.0,0.0,0.0,0.0,0.0,0.0,0.0,0.0,0.0,0.0
Bd84d20d16650,S41983e9ca40a,overhead,4.0,unknown,0.0,1.0,0.0,0.0,0.0,0.0,0.0,0.0,0.0,0.0,0.0,0.0,0.0,0.0,0.0,0.0
Bd84d20d16650,S41983e9ca40a,overhead,5.0,unknown,0.0,1.0,0.0,0.0,0.0,0.0,0.0,0.0,0.0,0.0,0.0,0.0,0.0,0.0,0.0,0.0
Bd84d20d16650,S41983e9ca40a,overhead,6.0,unknown,0.0,1.0,0.0,0.0,0.0,0.0,0.0,0.0,0.0,0.0,0.0,0.0,0.0,0.0,0.0,0.0
Bd84d20d16650,S41983e9ca40a,overhead,7.0,unknown,0.0,1.0,0.0,0.0,0.0,0.0,0.0,0.0,0.0,0.0,0.0,0.0,0.0,0.0,0.0,0.0
Bd84d20d16650,S41983e9ca40a,overhead,8.0,unknown,0.0,1.0,0.0,0.0,0.0,0.0,0.0,0.0,0.0,0.0,0.0,0.0,0.0,0.0,0.0,0.0
Bd84d20d16650,S41983e9ca40a,overhead,9.0,unknown,0.0,1.0,0.0,0.0,0.0,0.0,0.0,0.0,0.0,0.0,0.0,0.0,0.0,0.0,0.0,0.0
Bdab1f02b58f5,S08ea3e793bb0,front,0.0,focus,1.0,0.0,1.0,0.0,0.0,0.0,0.0,0.0,0.0,0.0,0.0,0.0,0.0,0.0,0.0,0.0
Bdab1f02b58f5,S08ea3e793bb0,front,1.0,focus,1.0,0.0,1.0,0.0,0.0,0.0,0.0,0.0,0.0,0.0,0.0,0.0,0.0,0.0,0.0,0.0
Bdab1f02b58f5,S08ea3e793bb0,front,2.0,focus,1.0,0.0,1.0,0.0,0.0,0.0,0.0,0.0,0.0,0.0,0.0,0.0,0.0,0.0,0.0,0.0
Bdab1f02b58f5,S08ea3e793bb0,front,3.0,focus,1.0,0.0,1.0,0.0,0.0,0.0,0.0,0.0,0.0,0.0,0.0,0.0,0.0,0.0,0.0,0.0
Bdab1f02b58f5,S08ea3e793bb0,front,4.0,focus,1.0,0.0,1.0,0.0,0.0,0.0,0.0,0.0,0.0,0.0,0.0,0.0,0.0,0.0,0.0,0.0
Bdab1f02b58f5,S08ea3e793bb0,front,5.0,focus,1.0,0.0,1.0,0.0,0.0,0.0,0.0,0.0,0.0,0.0,0.0,0.0,0.0,0.0,0.0,0.0
Bdab1f02b58f5,S08ea3e793bb0,front,6.0,focus,1.0,0.0,1.0,0.0,0.0,0.0,0.0,0.0,0.0,0.0,0.0,0.0,0.0,0.0,0.0,0.0
Bdab1f02b58f5,S08ea3e793bb0,front,7.0,focus,1.0,0.0,1.0,0.0,0.0,0.0,0.0,0.0,0.0,0.0,0.0,0.0,0.0,0.0,0.0,0.0
Bdab1f02b58f5,S08ea3e793bb0,front,8.0,focus,1.0,0.0,1.0,0.0,0.0,0.0,0.0,0.0,0.0,0.0,0.0,0.0,0.0,0.0,0.0,0.0
Bdab1f02b58f5,S08ea3e793bb0,front,9.0,focus,1.0,0.0,1.0,0.0,0.0,0.0,0.0,0.0,0.0,0.0,0.0,0.0,0.0,0.0,0.0,0.0
Bdab1f02b58f5,S08ea3e793bb0,overhead,0.0,focus,0.0,1.0,0.0,0.0,0.0,0.0,0.0,0.0,0.0,0.0,0.0,0.0,0.0,0.0,0.0,0.0
Bdab1f02b58f5,S08ea3e793bb0,overhead,1.0,focus,0.0,1.0,0.0,0.0,0.0,0.0,0.0,0.0,0.0,0.0,0.0,0.0,0.0,0.0,0.0,0.0
Bdab1f02b58f5,S08ea3e793bb0,overhead,2.0,focus,0.0,1.0,0.0,0.0,0.0,0.0,0.0,0.0,0.0,0.0,0.0,0.0,0.0,0.0,0.0,0.0
Bdab1f02b58f5,S08ea3e793bb0,overhead,3.0,focus,0.0,1.0,0.0,0.0,0.0,0.0,0.0,0.0,0.0,0.0,0.0,0.0,0.0,0.0,0.0,0.0
Bdab1f02b58f5,S08ea3e793bb0,overhead,4.0,focus,0.0,1.0,0.0,0.0,0.0,0.0,0.0,0.0,0.0,0.0,0.0,0.0,0.0,0.0,0.0,0.0
Bdab1f02b58f5,S08ea3e793bb0,overhead,5.0,focus,0.0,1.0,0.0,0.0,0.0,0.0,0.0,0.0,0.0,0.0,0.0,0.0,0.0,0.0,0.0,0.0
Bdab1f02b58f5,S08ea3e793bb0,overhead,6.0,focus,0.0,1.0,0.0,0.0,0.0,0.0,0.0,0.0,0.0,0.0,0.0,0.0,0.0,0.0,0.0,0.0
Bdab1f02b58f5,S08ea3e793bb0,overhead,7.0,focus,0.0,1.0,0.0,0.0,0.0,0.0,0.0,0.0,0.0,0.0,0.0,0.0,0.0,0.0,0.0,0.0
Bdab1f02b58f5,S08ea3e793bb0,overhead,8.0,focus,0.0,1.0,0.0,0.0,0.0,0.0,0.0,0.0,0.0,0.0,0.0,0.0,0.0,0.0,0.0,0.0
Bdab1f02b58f5,S08ea3e793bb0,overhead,9.0,focus,0.0,1.0,0.0,0.0,0.0,0.0,0.0,0.0,0.0,0.0,0.0,0.0,0.0,0.0,0.0,0.0
Bdae84016f945,S38533928bb7e,front,3078.0,gaze_down,1.0,0.0,1.0,0.0,1.0,1.0,0.0,0.0,0.0,0.0,1.0,0.0,0.0,0.0,0.0,0.0
Bdae84016f945,S38533928bb7e,front,3079.0,gaze_down,1.0,0.0,1.0,0.0,1.0,1.0,0.0,0.0,0.0,0.0,1.0,0.0,0.0,0.0,0.0,0.0
Bdae84016f945,S38533928bb7e,front,3080.0,gaze_down,1.0,0.0,1.0,0.0,1.0,1.0,0.0,0.0,0.0,0.0,1.0,0.0,0.0,0.0,0.0,0.0
Bdae84016f945,S38533928bb7e,front,3081.0,gaze_down,1.0,0.0,1.0,0.0,1.0,1.0,0.0,0.0,0.0,0.0,1.0,0.0,0.0,0.0,0.0,0.0
Bdae84016f945,S38533928bb7e,front,3082.0,gaze_down,1.0,0.0,0.0,0.0,0.0,1.0,0.0,0.0,0.0,0.0,1.0,1.0,0.0,0.0,0.0,0.0
Bdae84016f945,S38533928bb7e,front,3083.0,gaze_down,1.0,0.0,1.0,1.0,0.0,1.0,0.0,0.0,0.0,0.0,1.0,0.0,0.0,0.0,0.0,0.0
Bdae84016f945,S38533928bb7e,front,3084.0,gaze_down,1.0,0.0,1.0,1.0,0.0,1.0,0.0,0.0,0.0,0.0,1.0,0.0,0.0,0.0,0.0,0.0
Bdae84016f945,S38533928bb7e,front,3085.0,gaze_down,1.0,0.0,1.0,0.0,0.0,1.0,0.0,0.0,0.0,0.0,1.0,0.0,0.0,0.0,0.0,0.0
Bdae84016f945,S38533928bb7e,front,3086.0,gaze_down,1.0,0.0,1.0,0.0,0.0,1.0,0.0,0.0,0.0,0.0,1.0,0.0,0.0,0.0,0.0,0.0
Bdae84016f945,S38533928bb7e,front,3087.0,gaze_down,1.0,0.0,1.0,0.0,0.0,1.0,0.0,0.0,0.0,0.0,1.0,0.0,0.0,0.0,0.0,0.0
Bdae84016f945,S38533928bb7e,overhead,3078.0,gaze_down,0.0,1.0,0.0,0.0,0.0,0.0,0.0,0.0,0.0,0.0,0.0,0.0,0.0,0.0,0.0,0.0
Bdae84016f945,S38533928bb7e,overhead,3079.0,gaze_down,0.0,1.0,0.0,0.0,0.0,0.0,0.0,0.0,0.0,0.0,0.0,0.0,0.0,0.0,0.0,0.0
Bdae84016f945,S38533928bb7e,overhead,3080.0,gaze_down,0.0,1.0,0.0,0.0,0.0,0.0,0.0,0.0,0.0,0.0,0.0,0.0,0.0,0.0,0.0,0.0
Bdae84016f945,S38533928bb7e,overhead,3081.0,gaze_down,0.0,1.0,0.0,0.0,0.0,0.0,0.0,0.0,0.0,0.0,0.0,0.0,0.0,0.0,0.0,0.0
Bdae84016f945,S38533928bb7e,overhead,3082.0,gaze_down,0.0,1.0,0.0,0.0,0.0,0.0,0.0,0.0,0.0,0.0,0.0,0.0,0.0,0.0,0.0,0.0
Bdae84016f945,S38533928bb7e,overhead,3083.0,gaze_down,0.0,1.0,0.0,0.0,0.0,0.0,0.0,0.0,0.0,0.0,0.0,0.0,0.0,0.0,0.0,0.0
Bdae84016f945,S38533928bb7e,overhead,3084.0,gaze_down,0.0,1.0,0.0,0.0,0.0,0.0,0.0,0.0,0.0,0.0,0.0,0.0,0.0,0.0,0.0,0.0
Bdae84016f945,S38533928bb7e,overhead,3085.0,gaze_down,0.0,1.0,0.0,0.0,0.0,0.0,0.0,0.0,0.0,0.0,0.0,0.0,0.0,0.0,0.0,0.0
Bdae84016f945,S38533928bb7e,overhead,3086.0,gaze_down,0.0,1.0,0.0,0.0,0.0,0.0,0.0,0.0,0.0,0.0,0.0,0.0,0.0,0.0,0.0,0.0
Bdae84016f945,S38533928bb7e,overhead,3087.0,gaze_down,0.0,1.0,0.0,0.0,0.0,0.0,0.0,0.0,0.0,0.0,0.0,0.0,0.0,0.0,0.0,0.0
Bdbe83197f61c,S08ea3e793bb0,front,0.0,focus,1.0,0.0,1.0,0.0,0.0,0.0,1.0,1.0,0.0,1.0,1.0,0.0,0.0,0.0,0.0,0.0
Bdbe83197f61c,S08ea3e793bb0,front,1.0,focus,1.0,0.0,1.0,0.0,0.0,0.0,0.0,0.0,0.0,0.0,1.0,0.0,0.0,0.0,0.0,0.0
Bdbe83197f61c,S08ea3e793bb0,front,2.0,focus,1.0,0.0,1.0,0.0,0.0,0.0,0.0,0.0,0.0,0.0,1.0,0.0,0.0,0.0,0.0,0.0
Bdbe83197f61c,S08ea3e793bb0,front,3.0,focus,1.0,0.0,1.0,0.0,0.0,0.0,0.0,0.0,0.0,0.0,1.0,0.0,0.0,0.0,0.0,0.0
Bdbe83197f61c,S08ea3e793bb0,front,4.0,focus,1.0,0.0,1.0,0.0,0.0,0.0,0.0,0.0,0.0,0.0,1.0,0.0,0.0,0.0,0.0,0.0
Bdbe83197f61c,S08ea3e793bb0,front,5.0,focus,1.0,0.0,1.0,0.0,0.0,0.0,0.0,0.0,0.0,0.0,1.0,0.0,0.0,0.0,0.0,0.0
Bdbe83197f61c,S08ea3e793bb0,front,6.0,focus,1.0,0.0,1.0,0.0,0.0,0.0,0.0,0.0,0.0,0.0,1.0,0.0,0.0,0.0,0.0,0.0
Bdbe83197f61c,S08ea3e793bb0,front,7.0,focus,1.0,0.0,1.0,0.0,0.0,0.0,0.0,0.0,0.0,0.0,1.0,0.0,0.0,0.0,0.0,0.0
Bdbe83197f61c,S08ea3e793bb0,front,8.0,focus,1.0,0.0,1.0,0.0,0.0,0.0,0.0,0.0,0.0,0.0,1.0,0.0,0.0,0.0,0.0,0.0
Bdbe83197f61c,S08ea3e793bb0,front,9.0,focus,1.0,0.0,1.0,0.0,0.0,0.0,0.0,0.0,0.0,0.0,1.0,0.0,0.0,0.0,0.0,0.0
Bdbe83197f61c,S08ea3e793bb0,overhead,0.0,focus,0.0,1.0,0.0,0.0,0.0,0.0,0.0,0.0,0.0,0.0,0.0,0.0,0.0,0.0,0.0,0.0
Bdbe83197f61c,S08ea3e793bb0,overhead,1.0,focus,0.0,1.0,0.0,0.0,0.0,0.0,0.0,0.0,0.0,0.0,0.0,0.0,0.0,0.0,0.0,0.0
Bdbe83197f61c,S08ea3e793bb0,overhead,2.0,focus,0.0,1.0,0.0,0.0,0.0,1.0,0.0,0.0,0.0,0.0,1.0,0.0,0.0,0.0,0.0,0.0
Bdbe83197f61c,S08ea3e793bb0,overhead,3.0,focus,0.0,1.0,0.0,0.0,0.0,1.0,0.0,0.0,0.0,0.0,1.0,0.0,0.0,0.0,0.0,0.0
Bdbe83197f61c,S08ea3e793bb0,overhead,4.0,focus,0.0,1.0,0.0,0.0,0.0,1.0,0.0,0.0,0.0,0.0,1.0,0.0,0.0,0.0,0.0,0.0
Bdbe83197f61c,S08ea3e793bb0,overhead,5.0,focus,0.0,1.0,0.0,0.0,0.0,1.0,0.0,0.0,0.0,0.0,1.0,0.0,0.0,0.0,0.0,0.0
Bdbe83197f61c,S08ea3e793bb0,overhead,6.0,focus,0.0,1.0,0.0,0.0,0.0,1.0,0.0,0.0,0.0,0.0,1.0,0.0,0.0,0.0,0.0,0.0
Bdbe83197f61c,S08ea3e793bb0,overhead,7.0,focus,0.0,1.0,0.0,0.0,0.0,1.0,0.0,0.0,0.0,0.0,1.0,0.0,0.0,0.0,0.0,0.0
Bdbe83197f61c,S08ea3e793bb0,overhead,8.0,focus,0.0,1.0,0.0,0.0,0.0,0.0,0.0,0.0,0.0,0.0,0.0,0.0,0.0,0.0,0.0,0.0
Bdbe83197f61c,S08ea3e793bb0,overhead,9.0,focus,0.0,1.0,0.0,0.0,0.0,0.0,0.0,0.0,0.0,0.0,0.0,0.0,0.0,0.0,0.0,0.0
Bdc1e8ed774aa,S08ea3e793bb0,front,0.0,focus,1.0,0.0,0.0,0.0,0.0,1.0,0.0,0.0,0.0,0.0,1.0,0.0,0.0,0.0,0.0,0.0
Bdc1e8ed774aa,S08ea3e793bb0,front,1.0,focus,1.0,0.0,0.0,0.0,0.0,1.0,0.0,0.0,0.0,0.0,1.0,0.0,0.0,0.0,0.0,0.0
Bdc1e8ed774aa,S08ea3e793bb0,front,2.0,focus,1.0,0.0,0.0,0.0,0.0,0.0,0.0,0.0,0.0,0.0,0.0,0.0,0.0,0.0,0.0,0.0
Bdc1e8ed774aa,S08ea3e793bb0,front,3.0,focus,1.0,0.0,0.0,0.0,0.0,0.0,0.0,0.0,0.0,0.0,0.0,0.0,0.0,0.0,0.0,0.0
Bdc1e8ed774aa,S08ea3e793bb0,front,4.0,focus,1.0,0.0,0.0,0.0,0.0,0.0,0.0,0.0,0.0,0.0,0.0,0.0,0.0,0.0,0.0,0.0
Bdc1e8ed774aa,S08ea3e793bb0,front,5.0,focus,1.0,0.0,0.0,0.0,0.0,0.0,0.0,0.0,0.0,0.0,0.0,0.0,0.0,0.0,0.0,0.0
Bdc1e8ed774aa,S08ea3e793bb0,front,6.0,focus,1.0,0.0,0.0,0.0,0.0,0.0,0.0,0.0,0.0,0.0,0.0,0.0,0.0,0.0,0.0,0.0
Bdc1e8ed774aa,S08ea3e793bb0,front,7.0,focus,1.0,0.0,0.0,0.0,0.0,0.0,0.0,0.0,0.0,0.0,0.0,0.0,0.0,0.0,0.0,0.0
Bdc1e8ed774aa,S08ea3e793bb0,front,8.0,focus,1.0,0.0,0.0,0.0,0.0,0.0,0.0,0.0,0.0,0.0,0.0,0.0,0.0,0.0,0.0,0.0
Bdc1e8ed774aa,S08ea3e793bb0,front,9.0,focus,1.0,0.0,0.0,0.0,0.0,0.0,0.0,0.0,0.0,0.0,0.0,0.0,0.0,0.0,0.0,0.0
Bdc1e8ed774aa,S08ea3e793bb0,overhead,0.0,focus,0.0,1.0,0.0,0.0,0.0,0.0,0.0,0.0,0.0,0.0,1.0,0.0,0.0,0.0,0.0,0.0
Bdc1e8ed774aa,S08ea3e793bb0,overhead,1.0,focus,0.0,1.0,0.0,0.0,0.0,0.0,0.0,0.0,0.0,0.0,1.0,0.0,0.0,0.0,0.0,0.0
Bdc1e8ed774aa,S08ea3e793bb0,overhead,2.0,focus,0.0,1.0,0.0,0.0,0.0,1.0,0.0,0.0,0.0,0.0,1.0,0.0,0.0,0.0,0.0,0.0
Bdc1e8ed774aa,S08ea3e793bb0,overhead,3.0,focus,0.0,1.0,0.0,0.0,0.0,1.0,0.0,0.0,0.0,0.0,1.0,0.0,0.0,0.0,0.0,0.0
Bdc1e8ed774aa,S08ea3e793bb0,overhead,4.0,focus,0.0,1.0,0.0,0.0,0.0,1.0,0.0,0.0,0.0,0.0,1.0,0.0,0.0,0.0,0.0,0.0
Bdc1e8ed774aa,S08ea3e793bb0,overhead,5.0,focus,0.0,1.0,0.0,0.0,0.0,1.0,0.0,0.0,0.0,0.0,1.0,0.0,0.0,0.0,0.0,0.0
Bdc1e8ed774aa,S08ea3e793bb0,overhead,6.0,focus,0.0,1.0,0.0,0.0,0.0,0.0,0.0,0.0,0.0,0.0,0.0,0.0,0.0,0.0,0.0,0.0
Bdc1e8ed774aa,S08ea3e793bb0,overhead,7.0,focus,0.0,1.0,0.0,0.0,0.0,1.0,0.0,0.0,0.0,0.0,1.0,0.0,0.0,0.0,0.0,0.0
Bdc1e8ed774aa,S08ea3e793bb0,overhead,8.0,focus,0.0,1.0,0.0,0.0,0.0,1.0,0.0,0.0,0.0,0.0,1.0,0.0,0.0,0.0,0.0,0.0
Bdc1e8ed774aa,S08ea3e793bb0,overhead,9.0,focus,0.0,1.0,0.0,0.0,0.0,1.0,0.0,0.0,0.0,0.0,1.0,0.0,0.0,0.0,0.0,0.0
Bdcdd78172586,S38533928bb7e,front,850.0,gaze_side,1.0,0.0,1.0,0.0,0.0,0.0,0.0,0.0,0.0,0.0,1.0,0.0,0.0,0.0,0.0,0.0
Bdcdd78172586,S38533928bb7e,front,851.0,gaze_side,1.0,0.0,1.0,0.0,0.0,0.0,0.0,0.0,0.0,0.0,1.0,0.0,0.0,0.0,0.0,0.0
Bdcdd78172586,S38533928bb7e,front,852.0,gaze_side,1.0,0.0,1.0,0.0,0.0,1.0,0.0,0.0,0.0,0.0,1.0,0.0,0.0,0.0,0.0,0.0
Bdcdd78172586,S38533928bb7e,front,853.0,gaze_side,1.0,0.0,1.0,0.0,0.0,1.0,0.0,0.0,0.0,0.0,1.0,0.0,0.0,0.0,0.0,0.0
Bdcdd78172586,S38533928bb7e,front,854.0,gaze_side,1.0,0.0,1.0,0.0,0.0,1.0,0.0,0.0,0.0,0.0,1.0,0.0,0.0,0.0,0.0,0.0
Bdcdd78172586,S38533928bb7e,front,855.0,gaze_side,1.0,0.0,1.0,0.0,0.0,1.0,0.0,0.0,0.0,0.0,1.0,0.0,0.0,0.0,0.0,0.0
Bdcdd78172586,S38533928bb7e,front,856.0,gaze_side,1.0,0.0,1.0,0.0,0.0,1.0,0.0,0.0,0.0,0.0,1.0,0.0,0.0,0.0,0.0,0.0
Bdcdd78172586,S38533928bb7e,front,857.0,gaze_side,1.0,0.0,1.0,0.0,0.0,1.0,0.0,0.0,0.0,0.0,1.0,0.0,0.0,0.0,0.0,0.0
Bdcdd78172586,S38533928bb7e,front,858.0,gaze_side,1.0,0.0,1.0,0.0,0.0,1.0,1.0,1.0,0.0,1.0,1.0,0.0,0.0,0.0,0.0,0.0
Bdcdd78172586,S38533928bb7e,front,859.0,gaze_side,1.0,0.0,1.0,0.0,0.0,1.0,0.0,0.0,0.0,0.0,1.0,0.0,0.0,0.0,0.0,0.0
Bdcdd78172586,S38533928bb7e,overhead,850.0,gaze_side,0.0,1.0,0.0,0.0,0.0,1.0,0.0,0.0,0.0,0.0,1.0,0.0,0.0,0.0,0.0,0.0
Bdcdd78172586,S38533928bb7e,overhead,851.0,gaze_side,0.0,1.0,0.0,0.0,0.0,1.0,0.0,0.0,0.0,0.0,1.0,0.0,0.0,0.0,0.0,0.0
Bdcdd78172586,S38533928bb7e,overhead,852.0,gaze_side,0.0,1.0,0.0,0.0,0.0,1.0,0.0,0.0,0.0,0.0,1.0,0.0,0.0,0.0,0.0,0.0
Bdcdd78172586,S38533928bb7e,overhead,853.0,gaze_side,0.0,1.0,0.0,0.0,0.0,1.0,0.0,0.0,0.0,0.0,1.0,0.0,0.0,0.0,0.0,0.0
Bdcdd78172586,S38533928bb7e,overhead,854.0,gaze_side,0.0,1.0,0.0,0.0,0.0,1.0,0.0,0.0,0.0,0.0,1.0,0.0,0.0,0.0,0.0,0.0
Bdcdd78172586,S38533928bb7e,overhead,855.0,gaze_side,0.0,1.0,0.0,0.0,0.0,1.0,0.0,0.0,0.0,0.0,1.0,0.0,0.0,0.0,0.0,0.0
Bdcdd78172586,S38533928bb7e,overhead,856.0,gaze_side,0.0,1.0,0.0,0.0,0.0,1.0,0.0,0.0,0.0,0.0,1.0,0.0,0.0,0.0,0.0,0.0
Bdcdd78172586,S38533928bb7e,overhead,857.0,gaze_side,0.0,1.0,0.0,0.0,0.0,1.0,0.0,0.0,0.0,0.0,1.0,0.0,0.0,0.0,0.0,0.0
Bdcdd78172586,S38533928bb7e,overhead,858.0,gaze_side,0.0,1.0,0.0,0.0,0.0,1.0,0.0,0.0,0.0,0.0,1.0,0.0,0.0,0.0,0.0,0.0
Bdcdd78172586,S38533928bb7e,overhead,859.0,gaze_side,0.0,1.0,0.0,0.0,0.0,1.0,0.0,0.0,0.0,0.0,1.0,0.0,0.0,0.0,0.0,0.0
Bdeb041c28fce,S08ea3e793bb0,front,0.0,focus,1.0,0.0,1.0,0.0,0.0,0.0,0.0,0.0,0.0,0.0,1.0,0.0,0.0,0.0,0.0,0.0
Bdeb041c28fce,S08ea3e793bb0,front,1.0,focus,1.0,0.0,1.0,0.0,0.0,0.0,0.0,0.0,0.0,0.0,1.0,0.0,0.0,0.0,0.0,0.0
Bdeb041c28fce,S08ea3e793bb0,front,2.0,focus,1.0,0.0,1.0,0.0,0.0,0.0,0.0,0.0,0.0,0.0,1.0,0.0,0.0,0.0,0.0,0.0
Bdeb041c28fce,S08ea3e793bb0,front,3.0,focus,1.0,0.0,1.0,0.0,0.0,0.0,0.0,0.0,0.0,0.0,1.0,0.0,0.0,0.0,0.0,0.0
Bdeb041c28fce,S08ea3e793bb0,front,4.0,focus,1.0,0.0,0.0,0.0,0.0,0.0,0.0,0.0,0.0,0.0,0.0,0.0,0.0,0.0,0.0,1.0
Bdeb041c28fce,S08ea3e793bb0,front,5.0,focus,1.0,0.0,0.0,0.0,0.0,0.0,0.0,0.0,0.0,0.0,0.0,0.0,0.0,0.0,0.0,1.0
Bdeb041c28fce,S08ea3e793bb0,front,6.0,focus,1.0,0.0,0.0,0.0,0.0,0.0,0.0,0.0,0.0,0.0,0.0,0.0,0.0,0.0,0.0,1.0
Bdeb041c28fce,S08ea3e793bb0,front,7.0,focus,1.0,0.0,0.0,0.0,0.0,0.0,0.0,0.0,0.0,0.0,0.0,0.0,0.0,0.0,0.0,1.0
Bdeb041c28fce,S08ea3e793bb0,front,8.0,focus,1.0,0.0,1.0,0.0,0.0,0.0,1.0,1.0,0.0,1.0,0.0,0.0,0.0,0.0,0.0,0.0
Bdeb041c28fce,S08ea3e793bb0,front,9.0,focus,1.0,0.0,1.0,0.0,0.0,0.0,0.0,0.0,0.0,0.0,0.0,0.0,0.0,0.0,0.0,0.0
Bdeb041c28fce,S08ea3e793bb0,overhead,0.0,focus,0.0,1.0,0.0,0.0,0.0,0.0,0.0,0.0,0.0,0.0,1.0,0.0,0.0,0.0,0.0,0.0
Bdeb041c28fce,S08ea3e793bb0,overhead,1.0,focus,0.0,1.0,0.0,0.0,0.0,0.0,0.0,0.0,0.0,0.0,0.0,0.0,0.0,0.0,0.0,0.0
Bdeb041c28fce,S08ea3e793bb0,overhead,2.0,focus,0.0,1.0,0.0,0.0,0.0,0.0,0.0,0.0,0.0,0.0,0.0,0.0,0.0,0.0,0.0,0.0
Bdeb041c28fce,S08ea3e793bb0,overhead,3.0,focus,0.0,1.0,0.0,0.0,0.0,0.0,0.0,0.0,0.0,0.0,0.0,0.0,0.0,0.0,0.0,0.0
Bdeb041c28fce,S08ea3e793bb0,overhead,4.0,focus,0.0,1.0,0.0,0.0,0.0,0.0,0.0,0.0,0.0,0.0,0.0,0.0,0.0,0.0,0.0,0.0
Bdeb041c28fce,S08ea3e793bb0,overhead,5.0,focus,0.0,1.0,0.0,0.0,0.0,0.0,0.0,0.0,0.0,0.0,0.0,0.0,0.0,0.0,0.0,0.0
Bdeb041c28fce,S08ea3e793bb0,overhead,6.0,focus,0.0,1.0,0.0,0.0,0.0,0.0,0.0,0.0,0.0,0.0,0.0,0.0,0.0,0.0,0.0,0.0
Bdeb041c28fce,S08ea3e793bb0,overhead,7.0,focus,0.0,1.0,0.0,0.0,0.0,0.0,0.0,0.0,0.0,0.0,0.0,0.0,0.0,0.0,0.0,0.0
Bdeb041c28fce,S08ea3e793bb0,overhead,8.0,focus,0.0,1.0,0.0,0.0,0.0,0.0,0.0,0.0,0.0,0.0,0.0,0.0,0.0,0.0,0.0,0.0
Bdeb041c28fce,S08ea3e793bb0,overhead,9.0,focus,0.0,1.0,0.0,0.0,0.0,0.0,0.0,0.0,0.0,0.0,0.0,0.0,0.0,0.0,0.0,0.0
Be51196803770,Sc17507c06476,front,0.0,focus,1.0,0.0,1.0,0.0,0.0,1.0,0.0,0.0,0.0,0.0,1.0,0.0,0.0,0.0,0.0,0.0
Be51196803770,Sc17507c06476,front,1.0,focus,1.0,0.0,1.0,0.0,0.0,1.0,0.0,0.0,0.0,0.0,1.0,0.0,0.0,0.0,0.0,0.0
Be51196803770,Sc17507c06476,front,2.0,focus,1.0,0.0,1.0,0.0,0.0,1.0,0.0,0.0,0.0,0.0,1.0,0.0,0.0,0.0,0.0,0.0
Be51196803770,Sc17507c06476,front,3.0,focus,1.0,0.0,1.0,0.0,0.0,1.0,0.0,0.0,0.0,0.0,1.0,0.0,0.0,0.0,0.0,0.0
Be51196803770,Sc17507c06476,front,4.0,focus,1.0,0.0,1.0,0.0,0.0,1.0,0.0,0.0,0.0,0.0,1.0,0.0,0.0,0.0,0.0,0.0
Be51196803770,Sc17507c06476,front,5.0,focus,1.0,0.0,1.0,0.0,0.0,0.0,0.0,0.0,0.0,0.0,1.0,0.0,0.0,0.0,0.0,0.0
Be51196803770,Sc17507c06476,front,6.0,focus,1.0,0.0,1.0,0.0,0.0,0.0,0.0,0.0,0.0,0.0,1.0,0.0,0.0,0.0,0.0,0.0
Be51196803770,Sc17507c06476,front,7.0,focus,1.0,0.0,1.0,0.0,0.0,0.0,0.0,0.0,0.0,0.0,1.0,0.0,0.0,0.0,0.0,0.0
Be51196803770,Sc17507c06476,front,8.0,focus,1.0,0.0,1.0,0.0,0.0,0.0,0.0,0.0,0.0,0.0,1.0,0.0,0.0,0.0,0.0,0.0
Be51196803770,Sc17507c06476,front,9.0,focus,1.0,0.0,1.0,0.0,0.0,0.0,0.0,0.0,0.0,0.0,1.0,0.0,0.0,0.0,0.0,0.0
Be51196803770,Sc17507c06476,overhead,0.0,focus,0.0,1.0,0.0,0.0,0.0,0.0,0.0,0.0,0.0,0.0,0.0,0.0,0.0,0.0,0.0,0.0
Be51196803770,Sc17507c06476,overhead,1.0,focus,0.0,1.0,0.0,0.0,0.0,0.0,0.0,0.0,0.0,0.0,0.0,0.0,0.0,0.0,0.0,0.0
Be51196803770,Sc17507c06476,overhead,2.0,focus,0.0,1.0,0.0,0.0,0.0,0.0,0.0,0.0,0.0,0.0,0.0,0.0,0.0,0.0,0.0,0.0
Be51196803770,Sc17507c06476,overhead,3.0,focus,0.0,1.0,0.0,0.0,0.0,0.0,0.0,0.0,0.0,0.0,0.0,0.0,0.0,0.0,0.0,0.0
Be51196803770,Sc17507c06476,overhead,4.0,focus,0.0,1.0,0.0,0.0,0.0,0.0,0.0,0.0,0.0,0.0,0.0,0.0,0.0,0.0,0.0,0.0
Be51196803770,Sc17507c06476,overhead,5.0,focus,0.0,1.0,0.0,0.0,0.0,0.0,0.0,0.0,0.0,0.0,0.0,0.0,0.0,0.0,0.0,0.0
Be51196803770,Sc17507c06476,overhead,6.0,focus,0.0,1.0,0.0,0.0,0.0,0.0,0.0,0.0,0.0,0.0,0.0,0.0,0.0,0.0,0.0,0.0
Be51196803770,Sc17507c06476,overhead,7.0,focus,0.0,1.0,0.0,0.0,0.0,0.0,0.0,0.0,0.0,0.0,0.0,0.0,0.0,0.0,0.0,0.0
Be51196803770,Sc17507c06476,overhead,8.0,focus,0.0,1.0,0.0,0.0,0.0,0.0,0.0,0.0,0.0,0.0,0.0,0.0,0.0,0.0,0.0,0.0
Be51196803770,Sc17507c06476,overhead,9.0,focus,0.0,1.0,0.0,0.0,0.0,0.0,0.0,0.0,0.0,0.0,0.0,0.0,0.0,0.0,0.0,0.0
Be5540990f551,S38533928bb7e,front,4315.0,drowsy,1.0,0.0,1.0,0.0,0.0,0.0,1.0,0.0,1.0,1.0,0.0,1.0,0.0,0.0,0.0,0.0
Be5540990f551,S38533928bb7e,front,4316.0,drowsy,1.0,0.0,1.0,0.0,0.0,0.0,1.0,0.0,1.0,1.0,0.0,1.0,0.0,0.0,0.0,0.0
Be5540990f551,S38533928bb7e,front,4317.0,drowsy,1.0,0.0,1.0,0.0,0.0,0.0,1.0,0.0,1.0,1.0,0.0,1.0,0.0,0.0,0.0,0.0
Be5540990f551,S38533928bb7e,front,4318.0,drowsy,1.0,0.0,1.0,0.0,0.0,0.0,1.0,0.0,1.0,1.0,0.0,1.0,0.0,0.0,0.0,0.0
Be5540990f551,S38533928bb7e,front,4319.0,drowsy,1.0,0.0,1.0,0.0,0.0,0.0,1.0,0.0,1.0,1.0,0.0,1.0,0.0,0.0,0.0,0.0
Be5540990f551,S38533928bb7e,front,4320.0,drowsy,1.0,0.0,1.0,0.0,0.0,0.0,1.0,0.0,1.0,1.0,0.0,1.0,0.0,0.0,0.0,0.0
Be5540990f551,S38533928bb7e,front,4321.0,drowsy,1.0,0.0,1.0,0.0,0.0,0.0,0.0,0.0,0.0,0.0,0.0,0.0,0.0,0.0,0.0,0.0
Be5540990f551,S38533928bb7e,front,4322.0,drowsy,1.0,0.0,1.0,0.0,0.0,0.0,0.0,0.0,0.0,0.0,0.0,0.0,0.0,0.0,0.0,0.0
Be5540990f551,S38533928bb7e,front,4323.0,drowsy,1.0,0.0,1.0,0.0,0.0,0.0,0.0,0.0,0.0,0.0,0.0,0.0,0.0,0.0,0.0,0.0
Be5540990f551,S38533928bb7e,front,4324.0,drowsy,1.0,0.0,1.0,0.0,0.0,0.0,1.0,0.0,1.0,1.0,0.0,1.0,0.0,0.0,0.0,0.0
Be5540990f551,S38533928bb7e,overhead,4315.0,drowsy,0.0,1.0,0.0,0.0,0.0,1.0,0.0,0.0,0.0,0.0,1.0,0.0,0.0,0.0,0.0,0.0
Be5540990f551,S38533928bb7e,overhead,4316.0,drowsy,0.0,1.0,0.0,0.0,0.0,1.0,0.0,0.0,0.0,0.0,1.0,0.0,0.0,0.0,0.0,0.0
Be5540990f551,S38533928bb7e,overhead,4317.0,drowsy,0.0,1.0,0.0,0.0,0.0,1.0,0.0,0.0,0.0,0.0,1.0,0.0,0.0,0.0,0.0,0.0
Be5540990f551,S38533928bb7e,overhead,4318.0,drowsy,0.0,1.0,0.0,0.0,0.0,1.0,0.0,0.0,0.0,0.0,1.0,0.0,0.0,0.0,0.0,0.0
Be5540990f551,S38533928bb7e,overhead,4319.0,drowsy,0.0,1.0,0.0,0.0,0.0,1.0,0.0,0.0,0.0,0.0,1.0,0.0,0.0,0.0,0.0,0.0
Be5540990f551,S38533928bb7e,overhead,4320.0,drowsy,0.0,1.0,0.0,0.0,0.0,0.0,0.0,0.0,0.0,0.0,0.0,0.0,0.0,0.0,0.0,0.0
Be5540990f551,S38533928bb7e,overhead,4321.0,drowsy,0.0,1.0,0.0,0.0,0.0,0.0,0.0,0.0,0.0,0.0,0.0,0.0,0.0,0.0,0.0,0.0
Be5540990f551,S38533928bb7e,overhead,4322.0,drowsy,0.0,1.0,0.0,0.0,0.0,0.0,0.0,0.0,0.0,0.0,0.0,0.0,0.0,0.0,0.0,0.0
Be5540990f551,S38533928bb7e,overhead,4323.0,drowsy,0.0,1.0,0.0,0.0,0.0,0.0,0.0,0.0,0.0,0.0,0.0,0.0,0.0,0.0,0.0,0.0
Be5540990f551,S38533928bb7e,overhead,4324.0,drowsy,0.0,1.0,0.0,0.0,0.0,0.0,0.0,0.0,0.0,0.0,0.0,0.0,0.0,0.0,0.0,0.0
Beac1d2795264,Se9ae4c661219,front,0.0,focus,1.0,0.0,0.0,0.0,0.0,1.0,0.0,0.0,0.0,0.0,1.0,0.0,0.0,0.0,0.0,0.0
Beac1d2795264,Se9ae4c661219,front,1.0,focus,1.0,0.0,0.0,0.0,0.0,1.0,0.0,0.0,0.0,0.0,1.0,0.0,0.0,0.0,0.0,0.0
Beac1d2795264,Se9ae4c661219,front,2.0,focus,1.0,0.0,1.0,0.0,0.0,1.0,0.0,0.0,0.0,0.0,1.0,0.0,0.0,0.0,0.0,0.0
Beac1d2795264,Se9ae4c661219,front,3.0,focus,1.0,0.0,0.0,0.0,0.0,1.0,0.0,0.0,0.0,0.0,1.0,0.0,0.0,0.0,0.0,0.0
Beac1d2795264,Se9ae4c661219,front,4.0,focus,1.0,0.0,1.0,0.0,0.0,1.0,0.0,0.0,0.0,0.0,1.0,0.0,0.0,0.0,0.0,0.0
Beac1d2795264,Se9ae4c661219,front,5.0,focus,1.0,0.0,1.0,0.0,0.0,0.0,0.0,0.0,0.0,0.0,1.0,0.0,0.0,0.0,0.0,0.0
Beac1d2795264,Se9ae4c661219,front,6.0,focus,1.0,0.0,1.0,0.0,0.0,0.0,0.0,0.0,0.0,0.0,1.0,0.0,0.0,0.0,0.0,0.0
Beac1d2795264,Se9ae4c661219,front,7.0,focus,1.0,0.0,1.0,0.0,0.0,0.0,0.0,0.0,0.0,0.0,1.0,0.0,0.0,0.0,0.0,0.0
Beac1d2795264,Se9ae4c661219,front,8.0,focus,1.0,0.0,1.0,0.0,0.0,0.0,0.0,0.0,0.0,0.0,1.0,0.0,0.0,0.0,0.0,0.0
Beac1d2795264,Se9ae4c661219,front,9.0,focus,1.0,0.0,1.0,0.0,0.0,0.0,0.0,0.0,0.0,0.0,1.0,0.0,0.0,0.0,0.0,0.0
Beac1d2795264,Se9ae4c661219,overhead,0.0,focus,0.0,1.0,0.0,0.0,0.0,0.0,0.0,0.0,0.0,0.0,0.0,0.0,0.0,0.0,0.0,0.0
Beac1d2795264,Se9ae4c661219,overhead,1.0,focus,0.0,1.0,0.0,0.0,0.0,0.0,0.0,0.0,0.0,0.0,0.0,0.0,0.0,0.0,0.0,0.0
Beac1d2795264,Se9ae4c661219,overhead,2.0,focus,0.0,1.0,0.0,0.0,0.0,0.0,0.0,0.0,0.0,0.0,0.0,0.0,0.0,0.0,0.0,0.0
Beac1d2795264,Se9ae4c661219,overhead,3.0,focus,0.0,1.0,0.0,0.0,0.0,0.0,0.0,0.0,0.0,0.0,0.0,0.0,0.0,0.0,0.0,0.0
Beac1d2795264,Se9ae4c661219,overhead,4.0,focus,0.0,1.0,0.0,0.0,0.0,1.0,0.0,0.0,0.0,0.0,1.0,0.0,0.0,0.0,0.0,0.0
Beac1d2795264,Se9ae4c661219,overhead,5.0,focus,0.0,1.0,0.0,0.0,0.0,1.0,0.0,0.0,0.0,0.0,1.0,0.0,0.0,0.0,0.0,0.0
Beac1d2795264,Se9ae4c661219,overhead,6.0,focus,0.0,1.0,0.0,0.0,0.0,1.0,0.0,0.0,0.0,0.0,1.0,0.0,0.0,0.0,0.0,0.0
Beac1d2795264,Se9ae4c661219,overhead,7.0,focus,0.0,1.0,0.0,0.0,0.0,1.0,0.0,0.0,0.0,0.0,1.0,0.0,0.0,0.0,0.0,0.0
Beac1d2795264,Se9ae4c661219,overhead,8.0,focus,0.0,1.0,0.0,0.0,0.0,1.0,0.0,0.0,0.0,0.0,1.0,0.0,0.0,0.0,0.0,0.0
Beac1d2795264,Se9ae4c661219,overhead,9.0,focus,0.0,1.0,0.0,0.0,0.0,1.0,0.0,0.0,0.0,0.0,1.0,0.0,0.0,0.0,0.0,0.0
Bebe350ce09cb,Sb97749af3711,front,0.0,unknown,1.0,0.0,0.0,0.0,0.0,0.0,0.0,0.0,0.0,0.0,0.0,0.0,0.0,0.0,0.0,0.0
Bebe350ce09cb,Sb97749af3711,front,1.0,unknown,1.0,0.0,0.0,0.0,0.0,0.0,0.0,0.0,0.0,0.0,0.0,0.0,0.0,0.0,0.0,0.0
Bebe350ce09cb,Sb97749af3711,front,2.0,unknown,1.0,0.0,0.0,0.0,0.0,0.0,0.0,0.0,0.0,0.0,0.0,0.0,0.0,0.0,0.0,0.0
Bebe350ce09cb,Sb97749af3711,front,3.0,unknown,1.0,0.0,0.0,0.0,0.0,0.0,0.0,0.0,0.0,0.0,0.0,0.0,0.0,0.0,0.0,0.0
Bebe350ce09cb,Sb97749af3711,front,4.0,unknown,1.0,0.0,0.0,0.0,0.0,0.0,0.0,0.0,0.0,0.0,0.0,0.0,0.0,0.0,0.0,0.0
Bebe350ce09cb,Sb97749af3711,front,5.0,unknown,1.0,0.0,0.0,0.0,0.0,0.0,0.0,0.0,0.0,0.0,0.0,0.0,0.0,0.0,0.0,0.0
Bebe350ce09cb,Sb97749af3711,front,6.0,unknown,1.0,0.0,0.0,0.0,0.0,0.0,0.0,0.0,0.0,0.0,0.0,0.0,0.0,0.0,0.0,0.0
Bebe350ce09cb,Sb97749af3711,front,7.0,unknown,1.0,0.0,0.0,0.0,0.0,0.0,0.0,0.0,0.0,0.0,0.0,0.0,0.0,0.0,0.0,0.0
Bebe350ce09cb,Sb97749af3711,front,8.0,unknown,1.0,0.0,0.0,0.0,0.0,0.0,0.0,0.0,0.0,0.0,0.0,0.0,0.0,0.0,0.0,0.0
Bebe350ce09cb,Sb97749af3711,front,9.0,unknown,1.0,0.0,0.0,0.0,0.0,0.0,0.0,0.0,0.0,0.0,0.0,0.0,0.0,0.0,0.0,0.0
Bebe350ce09cb,Sb97749af3711,overhead,0.0,unknown,0.0,1.0,0.0,0.0,0.0,0.0,0.0,0.0,0.0,0.0,0.0,0.0,0.0,0.0,0.0,0.0
Bebe350ce09cb,Sb97749af3711,overhead,1.0,unknown,0.0,1.0,0.0,0.0,0.0,0.0,0.0,0.0,0.0,0.0,0.0,0.0,0.0,0.0,0.0,0.0
Bebe350ce09cb,Sb97749af3711,overhead,2.0,unknown,0.0,1.0,0.0,0.0,0.0,0.0,0.0,0.0,0.0,0.0,0.0,0.0,0.0,0.0,0.0,0.0
Bebe350ce09cb,Sb97749af3711,overhead,3.0,unknown,0.0,1.0,0.0,0.0,0.0,0.0,0.0,0.0,0.0,0.0,0.0,0.0,0.0,0.0,0.0,0.0
Bebe350ce09cb,Sb97749af3711,overhead,4.0,unknown,0.0,1.0,0.0,0.0,0.0,0.0,0.0,0.0,0.0,0.0,0.0,0.0,0.0,0.0,0.0,0.0
Bebe350ce09cb,Sb97749af3711,overhead,5.0,unknown,0.0,1.0,0.0,0.0,0.0,0.0,0.0,0.0,0.0,0.0,0.0,0.0,0.0,0.0,0.0,0.0
Bebe350ce09cb,Sb97749af3711,overhead,6.0,unknown,0.0,1.0,0.0,0.0,0.0,0.0,0.0,0.0,0.0,0.0,0.0,0.0,0.0,0.0,0.0,0.0
Bebe350ce09cb,Sb97749af3711,overhead,7.0,unknown,0.0,1.0,0.0,0.0,0.0,0.0,0.0,0.0,0.0,0.0,0.0,0.0,0.0,0.0,0.0,0.0
Bebe350ce09cb,Sb97749af3711,overhead,8.0,unknown,0.0,1.0,0.0,0.0,0.0,0.0,0.0,0.0,0.0,0.0,0.0,0.0,0.0,0.0,0.0,0.0
Bebe350ce09cb,Sb97749af3711,overhead,9.0,unknown,0.0,1.0,0.0,0.0,0.0,0.0,0.0,0.0,0.0,0.0,0.0,0.0,0.0,0.0,0.0,0.0
Bec4c1f6f9489,Sf8cdbc0a93cc,front,0.0,focus,1.0,0.0,1.0,0.0,0.0,0.0,0.0,0.0,0.0,0.0,0.0,0.0,0.0,0.0,0.0,0.0
Bec4c1f6f9489,Sf8cdbc0a93cc,front,1.0,focus,1.0,0.0,1.0,0.0,0.0,0.0,0.0,0.0,0.0,0.0,0.0,0.0,0.0,0.0,0.0,0.0
Bec4c1f6f9489,Sf8cdbc0a93cc,front,2.0,focus,1.0,0.0,1.0,0.0,0.0,0.0,0.0,0.0,0.0,0.0,0.0,0.0,0.0,0.0,0.0,0.0
Bec4c1f6f9489,Sf8cdbc0a93cc,front,3.0,focus,1.0,0.0,1.0,0.0,0.0,0.0,1.0,1.0,0.0,1.0,0.0,0.0,0.0,0.0,0.0,0.0
Bec4c1f6f9489,Sf8cdbc0a93cc,front,4.0,focus,1.0,0.0,1.0,0.0,0.0,0.0,0.0,0.0,0.0,0.0,0.0,0.0,0.0,0.0,0.0,0.0
Bec4c1f6f9489,Sf8cdbc0a93cc,front,5.0,focus,1.0,0.0,1.0,0.0,0.0,0.0,0.0,0.0,0.0,0.0,0.0,0.0,0.0,0.0,0.0,0.0
Bec4c1f6f9489,Sf8cdbc0a93cc,front,6.0,focus,1.0,0.0,1.0,0.0,0.0,0.0,1.0,0.0,0.0,1.0,0.0,0.0,0.0,0.0,0.0,0.0
Bec4c1f6f9489,Sf8cdbc0a93cc,front,7.0,focus,1.0,0.0,1.0,0.0,0.0,0.0,1.0,0.0,0.0,1.0,0.0,0.0,0.0,0.0,0.0,0.0
Bec4c1f6f9489,Sf8cdbc0a93cc,front,8.0,focus,1.0,0.0,1.0,0.0,0.0,0.0,0.0,0.0,0.0,0.0,0.0,0.0,0.0,0.0,0.0,0.0
Bec4c1f6f9489,Sf8cdbc0a93cc,front,9.0,focus,1.0,0.0,1.0,0.0,0.0,0.0,0.0,0.0,0.0,0.0,0.0,0.0,0.0,0.0,0.0,0.0
Bec4c1f6f9489,Sf8cdbc0a93cc,overhead,0.0,focus,0.0,1.0,0.0,0.0,0.0,0.0,0.0,0.0,0.0,0.0,0.0,0.0,0.0,0.0,0.0,0.0
Bec4c1f6f9489,Sf8cdbc0a93cc,overhead,1.0,focus,0.0,1.0,0.0,0.0,0.0,0.0,0.0,0.0,0.0,0.0,0.0,0.0,0.0,0.0,0.0,0.0
Bec4c1f6f9489,Sf8cdbc0a93cc,overhead,2.0,focus,0.0,1.0,0.0,0.0,0.0,0.0,0.0,0.0,0.0,0.0,0.0,0.0,0.0,0.0,0.0,0.0
Bec4c1f6f9489,Sf8cdbc0a93cc,overhead,3.0,focus,0.0,1.0,0.0,0.0,0.0,0.0,0.0,0.0,0.0,0.0,0.0,0.0,0.0,0.0,0.0,0.0
Bec4c1f6f9489,Sf8cdbc0a93cc,overhead,4.0,focus,0.0,1.0,0.0,0.0,0.0,0.0,0.0,0.0,0.0,0.0,0.0,0.0,0.0,0.0,0.0,0.0
Bec4c1f6f9489,Sf8cdbc0a93cc,overhead,5.0,focus,0.0,1.0,0.0,0.0,0.0,0.0,0.0,0.0,0.0,0.0,0.0,0.0,0.0,0.0,0.0,0.0
Bec4c1f6f9489,Sf8cdbc0a93cc,overhead,6.0,focus,0.0,1.0,0.0,0.0,0.0,0.0,0.0,0.0,0.0,0.0,0.0,0.0,0.0,0.0,0.0,0.0
Bec4c1f6f9489,Sf8cdbc0a93cc,overhead,7.0,focus,0.0,1.0,0.0,0.0,0.0,0.0,0.0,0.0,0.0,0.0,0.0,0.0,0.0,0.0,0.0,0.0
Bec4c1f6f9489,Sf8cdbc0a93cc,overhead,8.0,focus,0.0,1.0,0.0,0.0,0.0,0.0,0.0,0.0,0.0,0.0,0.0,0.0,0.0,0.0,0.0,0.0
Bec4c1f6f9489,Sf8cdbc0a93cc,overhead,9.0,focus,0.0,1.0,0.0,0.0,0.0,0.0,0.0,0.0,0.0,0.0,0.0,0.0,0.0,0.0,0.0,0.0
Becfe7a43f9f7,Sb97749af3711,front,0.0,unknown,1.0,0.0,0.0,0.0,0.0,0.0,0.0,0.0,0.0,0.0,0.0,0.0,0.0,0.0,0.0,0.0
Becfe7a43f9f7,Sb97749af3711,front,1.0,unknown,1.0,0.0,0.0,0.0,0.0,0.0,0.0,0.0,0.0,0.0,0.0,0.0,0.0,0.0,0.0,0.0
Becfe7a43f9f7,Sb97749af3711,front,2.0,unknown,1.0,0.0,0.0,0.0,0.0,0.0,0.0,0.0,0.0,0.0,0.0,0.0,0.0,0.0,0.0,0.0
Becfe7a43f9f7,Sb97749af3711,front,3.0,unknown,1.0,0.0,0.0,0.0,0.0,0.0,0.0,0.0,0.0,0.0,0.0,0.0,0.0,0.0,0.0,0.0
Becfe7a43f9f7,Sb97749af3711,front,4.0,unknown,1.0,0.0,0.0,0.0,0.0,0.0,0.0,0.0,0.0,0.0,0.0,0.0,0.0,0.0,0.0,0.0
Becfe7a43f9f7,Sb97749af3711,front,5.0,unknown,1.0,0.0,0.0,0.0,0.0,0.0,0.0,0.0,0.0,0.0,0.0,0.0,0.0,0.0,0.0,0.0
Becfe7a43f9f7,Sb97749af3711,front,6.0,unknown,1.0,0.0,0.0,0.0,0.0,0.0,0.0,0.0,0.0,0.0,0.0,0.0,0.0,0.0,0.0,0.0
Becfe7a43f9f7,Sb97749af3711,front,7.0,unknown,1.0,0.0,0.0,0.0,0.0,0.0,0.0,0.0,0.0,0.0,0.0,0.0,0.0,0.0,0.0,0.0
Becfe7a43f9f7,Sb97749af3711,front,8.0,unknown,1.0,0.0,0.0,0.0,0.0,0.0,0.0,0.0,0.0,0.0,0.0,0.0,0.0,0.0,0.0,0.0
Becfe7a43f9f7,Sb97749af3711,front,9.0,unknown,1.0,0.0,0.0,0.0,0.0,0.0,0.0,0.0,0.0,0.0,0.0,0.0,0.0,0.0,0.0,0.0
Becfe7a43f9f7,Sb97749af3711,overhead,0.0,unknown,0.0,1.0,0.0,0.0,0.0,0.0,0.0,0.0,0.0,0.0,0.0,0.0,0.0,0.0,0.0,0.0
Becfe7a43f9f7,Sb97749af3711,overhead,1.0,unknown,0.0,1.0,0.0,0.0,0.0,0.0,0.0,0.0,0.0,0.0,0.0,0.0,0.0,0.0,0.0,0.0
Becfe7a43f9f7,Sb97749af3711,overhead,2.0,unknown,0.0,1.0,0.0,0.0,0.0,0.0,0.0,0.0,0.0,0.0,0.0,0.0,0.0,0.0,0.0,0.0
Becfe7a43f9f7,Sb97749af3711,overhead,3.0,unknown,0.0,1.0,0.0,0.0,0.0,0.0,0.0,0.0,0.0,0.0,0.0,0.0,0.0,0.0,0.0,0.0
Becfe7a43f9f7,Sb97749af3711,overhead,4.0,unknown,0.0,1.0,0.0,0.0,0.0,0.0,0.0,0.0,0.0,0.0,0.0,0.0,0.0,0.0,0.0,0.0
Becfe7a43f9f7,Sb97749af3711,overhead,5.0,unknown,0.0,1.0,0.0,0.0,0.0,0.0,0.0,0.0,0.0,0.0,0.0,0.0,0.0,0.0,0.0,0.0
Becfe7a43f9f7,Sb97749af3711,overhead,6.0,unknown,0.0,1.0,0.0,0.0,0.0,0.0,0.0,0.0,0.0,0.0,0.0,0.0,0.0,0.0,0.0,0.0
Becfe7a43f9f7,Sb97749af3711,overhead,7.0,unknown,0.0,1.0,0.0,0.0,0.0,0.0,0.0,0.0,0.0,0.0,0.0,0.0,0.0,0.0,0.0,0.0
Becfe7a43f9f7,Sb97749af3711,overhead,8.0,unknown,0.0,1.0,0.0,0.0,0.0,0.0,0.0,0.0,0.0,0.0,0.0,0.0,0.0,0.0,0.0,0.0
Becfe7a43f9f7,Sb97749af3711,overhead,9.0,unknown,0.0,1.0,0.0,0.0,0.0,0.0,0.0,0.0,0.0,0.0,0.0,0.0,0.0,0.0,0.0,0.0
Bed12510f6767,Sb97749af3711,front,0.0,unknown,1.0,0.0,0.0,0.0,0.0,0.0,0.0,0.0,0.0,0.0,0.0,0.0,0.0,0.0,0.0,0.0
Bed12510f6767,Sb97749af3711,front,1.0,unknown,1.0,0.0,0.0,0.0,0.0,0.0,0.0,0.0,0.0,0.0,0.0,0.0,0.0,0.0,0.0,0.0
Bed12510f6767,Sb97749af3711,front,2.0,unknown,1.0,0.0,0.0,0.0,0.0,0.0,0.0,0.0,0.0,0.0,0.0,0.0,0.0,0.0,0.0,0.0
Bed12510f6767,Sb97749af3711,front,3.0,unknown,1.0,0.0,0.0,0.0,0.0,0.0,0.0,0.0,0.0,0.0,0.0,0.0,0.0,0.0,0.0,0.0
Bed12510f6767,Sb97749af3711,front,4.0,unknown,1.0,0.0,0.0,0.0,0.0,0.0,0.0,0.0,0.0,0.0,0.0,0.0,0.0,0.0,0.0,0.0
Bed12510f6767,Sb97749af3711,front,5.0,unknown,1.0,0.0,0.0,0.0,0.0,0.0,0.0,0.0,0.0,0.0,0.0,0.0,0.0,0.0,0.0,0.0
Bed12510f6767,Sb97749af3711,front,6.0,unknown,1.0,0.0,0.0,0.0,0.0,0.0,0.0,0.0,0.0,0.0,0.0,0.0,0.0,0.0,0.0,0.0
Bed12510f6767,Sb97749af3711,front,7.0,unknown,1.0,0.0,0.0,0.0,0.0,0.0,0.0,0.0,0.0,0.0,0.0,0.0,0.0,0.0,0.0,0.0
Bed12510f6767,Sb97749af3711,front,8.0,unknown,1.0,0.0,0.0,0.0,0.0,0.0,0.0,0.0,0.0,0.0,0.0,0.0,0.0,0.0,0.0,0.0
Bed12510f6767,Sb97749af3711,front,9.0,unknown,1.0,0.0,0.0,0.0,0.0,0.0,0.0,0.0,0.0,0.0,0.0,0.0,0.0,0.0,0.0,0.0
Bed12510f6767,Sb97749af3711,overhead,0.0,unknown,0.0,1.0,0.0,0.0,0.0,0.0,0.0,0.0,0.0,0.0,0.0,0.0,0.0,0.0,0.0,0.0
Bed12510f6767,Sb97749af3711,overhead,1.0,unknown,0.0,1.0,0.0,0.0,0.0,0.0,0.0,0.0,0.0,0.0,0.0,0.0,0.0,0.0,0.0,0.0
Bed12510f6767,Sb97749af3711,overhead,2.0,unknown,0.0,1.0,0.0,0.0,0.0,0.0,0.0,0.0,0.0,0.0,0.0,0.0,0.0,0.0,0.0,0.0
Bed12510f6767,Sb97749af3711,overhead,3.0,unknown,0.0,1.0,0.0,0.0,0.0,0.0,0.0,0.0,0.0,0.0,0.0,0.0,0.0,0.0,0.0,0.0
Bed12510f6767,Sb97749af3711,overhead,4.0,unknown,0.0,1.0,0.0,0.0,0.0,0.0,0.0,0.0,0.0,0.0,0.0,0.0,0.0,0.0,0.0,0.0
Bed12510f6767,Sb97749af3711,overhead,5.0,unknown,0.0,1.0,0.0,0.0,0.0,0.0,0.0,0.0,0.0,0.0,0.0,0.0,0.0,0.0,0.0,0.0
Bed12510f6767,Sb97749af3711,overhead,6.0,unknown,0.0,1.0,0.0,0.0,0.0,0.0,0.0,0.0,0.0,0.0,0.0,0.0,0.0,0.0,0.0,0.0
Bed12510f6767,Sb97749af3711,overhead,7.0,unknown,0.0,1.0,0.0,0.0,0.0,0.0,0.0,0.0,0.0,0.0,0.0,0.0,0.0,0.0,0.0,0.0
Bed12510f6767,Sb97749af3711,overhead,8.0,unknown,0.0,1.0,0.0,0.0,0.0,0.0,0.0,0.0,0.0,0.0,0.0,0.0,0.0,0.0,0.0,0.0
Bed12510f6767,Sb97749af3711,overhead,9.0,unknown,0.0,1.0,0.0,0.0,0.0,0.0,0.0,0.0,0.0,0.0,0.0,0.0,0.0,0.0,0.0,0.0
Beddf4f1442f6,Sf8cdbc0a93cc,front,0.0,focus,1.0,0.0,1.0,0.0,0.0,0.0,0.0,0.0,0.0,0.0,0.0,0.0,0.0,0.0,0.0,0.0
Beddf4f1442f6,Sf8cdbc0a93cc,front,1.0,focus,1.0,0.0,1.0,0.0,0.0,0.0,0.0,0.0,0.0,0.0,0.0,0.0,0.0,0.0,0.0,0.0
Beddf4f1442f6,Sf8cdbc0a93cc,front,2.0,focus,1.0,0.0,1.0,0.0,0.0,0.0,0.0,0.0,0.0,0.0,0.0,0.0,0.0,0.0,0.0,0.0
Beddf4f1442f6,Sf8cdbc0a93cc,front,3.0,focus,1.0,0.0,1.0,0.0,0.0,0.0,0.0,0.0,0.0,0.0,0.0,0.0,0.0,0.0,0.0,0.0
Beddf4f1442f6,Sf8cdbc0a93cc,front,4.0,focus,1.0,0.0,1.0,0.0,0.0,0.0,0.0,0.0,0.0,0.0,0.0,0.0,0.0,0.0,0.0,0.0
Beddf4f1442f6,Sf8cdbc0a93cc,front,5.0,focus,1.0,0.0,1.0,0.0,0.0,0.0,0.0,0.0,0.0,0.0,0.0,0.0,0.0,0.0,0.0,0.0
Beddf4f1442f6,Sf8cdbc0a93cc,front,6.0,focus,1.0,0.0,1.0,0.0,0.0,0.0,0.0,0.0,0.0,0.0,0.0,0.0,0.0,0.0,0.0,0.0
Beddf4f1442f6,Sf8cdbc0a93cc,front,7.0,focus,1.0,0.0,1.0,0.0,0.0,0.0,1.0,1.0,0.0,1.0,1.0,0.0,0.0,0.0,0.0,0.0
Beddf4f1442f6,Sf8cdbc0a93cc,front,8.0,focus,1.0,0.0,1.0,0.0,0.0,0.0,0.0,0.0,0.0,0.0,1.0,0.0,0.0,0.0,0.0,0.0
Beddf4f1442f6,Sf8cdbc0a93cc,front,9.0,focus,1.0,0.0,1.0,0.0,0.0,0.0,0.0,0.0,0.0,0.0,1.0,0.0,0.0,0.0,0.0,0.0
Beddf4f1442f6,Sf8cdbc0a93cc,overhead,0.0,focus,0.0,1.0,0.0,0.0,0.0,0.0,0.0,0.0,0.0,0.0,0.0,0.0,0.0,0.0,0.0,0.0
Beddf4f1442f6,Sf8cdbc0a93cc,overhead,1.0,focus,0.0,1.0,0.0,0.0,0.0,0.0,0.0,0.0,0.0,0.0,0.0,0.0,0.0,0.0,0.0,0.0
Beddf4f1442f6,Sf8cdbc0a93cc,overhead,2.0,focus,0.0,1.0,0.0,0.0,0.0,0.0,0.0,0.0,0.0,0.0,0.0,0.0,0.0,0.0,0.0,0.0
Beddf4f1442f6,Sf8cdbc0a93cc,overhead,3.0,focus,0.0,1.0,0.0,0.0,0.0,0.0,0.0,0.0,0.0,0.0,0.0,0.0,0.0,0.0,0.0,0.0
Beddf4f1442f6,Sf8cdbc0a93cc,overhead,4.0,focus,0.0,1.0,0.0,0.0,0.0,0.0,0.0,0.0,0.0,0.0,0.0,0.0,0.0,0.0,0.0,0.0
Beddf4f1442f6,Sf8cdbc0a93cc,overhead,5.0,focus,0.0,1.0,0.0,0.0,0.0,0.0,0.0,0.0,0.0,0.0,0.0,0.0,0.0,0.0,0.0,0.0
Beddf4f1442f6,Sf8cdbc0a93cc,overhead,6.0,focus,0.0,1.0,0.0,0.0,0.0,0.0,0.0,0.0,0.0,0.0,0.0,0.0,0.0,0.0,0.0,0.0
Beddf4f1442f6,Sf8cdbc0a93cc,overhead,7.0,focus,0.0,1.0,0.0,0.0,0.0,0.0,0.0,0.0,0.0,0.0,0.0,0.0,0.0,0.0,0.0,0.0
Beddf4f1442f6,Sf8cdbc0a93cc,overhead,8.0,focus,0.0,1.0,0.0,0.0,0.0,0.0,0.0,0.0,0.0,0.0,0.0,0.0,0.0,0.0,0.0,0.0
Beddf4f1442f6,Sf8cdbc0a93cc,overhead,9.0,focus,0.0,1.0,0.0,0.0,0.0,0.0,0.0,0.0,0.0,0.0,0.0,0.0,0.0,0.0,0.0,0.0
Befe5013d742e,S08ea3e793bb0,front,0.0,focus,1.0,0.0,1.0,0.0,0.0,0.0,0.0,0.0,0.0,0.0,1.0,0.0,0.0,0.0,0.0,0.0
Befe5013d742e,S08ea3e793bb0,front,1.0,focus,1.0,0.0,1.0,0.0,0.0,0.0,1.0,0.0,0.0,0.0,1.0,0.0,0.0,0.0,0.0,0.0
Befe5013d742e,S08ea3e793bb0,front,2.0,focus,1.0,0.0,1.0,0.0,0.0,0.0,1.0,0.0,0.0,0.0,1.0,0.0,0.0,0.0,0.0,0.0
Befe5013d742e,S08ea3e793bb0,front,3.0,focus,1.0,0.0,1.0,0.0,0.0,0.0,0.0,0.0,0.0,0.0,1.0,0.0,0.0,0.0,0.0,0.0
Befe5013d742e,S08ea3e793bb0,front,4.0,focus,1.0,0.0,1.0,0.0,0.0,0.0,0.0,0.0,0.0,0.0,1.0,0.0,0.0,0.0,0.0,0.0
Befe5013d742e,S08ea3e793bb0,front,5.0,focus,1.0,0.0,1.0,0.0,0.0,0.0,0.0,0.0,0.0,0.0,1.0,0.0,0.0,0.0,0.0,0.0
Befe5013d742e,S08ea3e793bb0,front,6.0,focus,1.0,0.0,1.0,0.0,0.0,0.0,1.0,1.0,0.0,1.0,1.0,0.0,0.0,0.0,0.0,0.0
Befe5013d742e,S08ea3e793bb0,front,7.0,focus,1.0,0.0,1.0,0.0,0.0,0.0,0.0,0.0,0.0,0.0,1.0,0.0,0.0,0.0,0.0,0.0
Befe5013d742e,S08ea3e793bb0,front,8.0,focus,1.0,0.0,1.0,0.0,0.0,0.0,0.0,0.0,0.0,0.0,1.0,0.0,0.0,0.0,0.0,0.0
Befe5013d742e,S08ea3e793bb0,front,9.0,focus,1.0,0.0,1.0,0.0,0.0,0.0,0.0,0.0,0.0,0.0,1.0,0.0,0.0,0.0,0.0,0.0
Befe5013d742e,S08ea3e793bb0,overhead,0.0,focus,0.0,1.0,0.0,0.0,0.0,0.0,0.0,0.0,0.0,0.0,0.0,0.0,0.0,0.0,0.0,0.0
Befe5013d742e,S08ea3e793bb0,overhead,1.0,focus,0.0,1.0,0.0,0.0,0.0,0.0,0.0,0.0,0.0,0.0,0.0,0.0,0.0,0.0,0.0,0.0
Befe5013d742e,S08ea3e793bb0,overhead,2.0,focus,0.0,1.0,0.0,0.0,0.0,0.0,0.0,0.0,0.0,0.0,0.0,0.0,0.0,0.0,0.0,0.0
Befe5013d742e,S08ea3e793bb0,overhead,3.0,focus,0.0,1.0,0.0,0.0,0.0,0.0,0.0,0.0,0.0,0.0,0.0,0.0,0.0,0.0,0.0,0.0
Befe5013d742e,S08ea3e793bb0,overhead,4.0,focus,0.0,1.0,0.0,0.0,0.0,0.0,0.0,0.0,0.0,0.0,0.0,0.0,0.0,0.0,0.0,0.0
Befe5013d742e,S08ea3e793bb0,overhead,5.0,focus,0.0,1.0,0.0,0.0,0.0,0.0,0.0,0.0,0.0,0.0,0.0,0.0,0.0,0.0,0.0,0.0
Befe5013d742e,S08ea3e793bb0,overhead,6.0,focus,0.0,1.0,0.0,0.0,0.0,0.0,0.0,0.0,0.0,0.0,0.0,0.0,0.0,0.0,0.0,0.0
Befe5013d742e,S08ea3e793bb0,overhead,7.0,focus,0.0,1.0,0.0,0.0,0.0,0.0,0.0,0.0,0.0,0.0,0.0,0.0,0.0,0.0,0.0,0.0
Befe5013d742e,S08ea3e793bb0,overhead,8.0,focus,0.0,1.0,0.0,0.0,0.0,0.0,0.0,0.0,0.0,0.0,0.0,0.0,0.0,0.0,0.0,0.0
Befe5013d742e,S08ea3e793bb0,overhead,9.0,focus,0.0,1.0,0.0,0.0,0.0,0.0,0.0,0.0,0.0,0.0,0.0,0.0,0.0,0.0,0.0,0.0
Beffeaac9e785,S38533928bb7e,front,2597.0,gaze_side,1.0,0.0,0.0,0.0,0.0,1.0,0.0,0.0,0.0,0.0,1.0,0.0,0.0,0.0,0.0,0.0
Beffeaac9e785,S38533928bb7e,front,2598.0,gaze_side,1.0,0.0,1.0,0.0,0.0,1.0,0.0,0.0,0.0,0.0,1.0,0.0,0.0,0.0,0.0,0.0
Beffeaac9e785,S38533928bb7e,front,2599.0,gaze_side,1.0,0.0,1.0,1.0,0.0,1.0,0.0,0.0,0.0,0.0,1.0,0.0,0.0,0.0,0.0,0.0
Beffeaac9e785,S38533928bb7e,front,2600.0,gaze_side,1.0,0.0,1.0,1.0,0.0,0.0,0.0,0.0,0.0,0.0,1.0,0.0,0.0,0.0,0.0,0.0
Beffeaac9e785,S38533928bb7e,front,2601.0,gaze_side,1.0,0.0,1.0,1.0,0.0,1.0,0.0,0.0,0.0,0.0,1.0,0.0,0.0,0.0,0.0,0.0
Beffeaac9e785,S38533928bb7e,front,2602.0,gaze_side,1.0,0.0,1.0,1.0,0.0,1.0,0.0,0.0,0.0,0.0,1.0,0.0,0.0,0.0,0.0,0.0
Beffeaac9e785,S38533928bb7e,front,2603.0,gaze_side,1.0,0.0,1.0,1.0,0.0,1.0,0.0,0.0,0.0,0.0,1.0,0.0,0.0,0.0,0.0,0.0
Beffeaac9e785,S38533928bb7e,front,2604.0,gaze_side,1.0,0.0,1.0,1.0,0.0,0.0,0.0,0.0,0.0,0.0,1.0,0.0,0.0,0.0,0.0,0.0
Beffeaac9e785,S38533928bb7e,front,2605.0,gaze_side,1.0,0.0,1.0,1.0,0.0,1.0,0.0,0.0,0.0,0.0,1.0,0.0,0.0,0.0,0.0,0.0
Beffeaac9e785,S38533928bb7e,front,2606.0,gaze_side,1.0,0.0,1.0,1.0,0.0,1.0,0.0,0.0,0.0,0.0,1.0,0.0,0.0,0.0,0.0,0.0
Beffeaac9e785,S38533928bb7e,overhead,2597.0,gaze_side,0.0,1.0,0.0,0.0,0.0,0.0,0.0,0.0,0.0,0.0,0.0,0.0,0.0,0.0,0.0,0.0
Beffeaac9e785,S38533928bb7e,overhead,2598.0,gaze_side,0.0,1.0,0.0,0.0,0.0,0.0,0.0,0.0,0.0,0.0,0.0,0.0,0.0,0.0,0.0,0.0
Beffeaac9e785,S38533928bb7e,overhead,2599.0,gaze_side,0.0,1.0,0.0,0.0,0.0,0.0,0.0,0.0,0.0,0.0,0.0,0.0,0.0,0.0,0.0,0.0
Beffeaac9e785,S38533928bb7e,overhead,2600.0,gaze_side,0.0,1.0,0.0,0.0,0.0,0.0,0.0,0.0,0.0,0.0,0.0,0.0,0.0,0.0,0.0,0.0
Beffeaac9e785,S38533928bb7e,overhead,2601.0,gaze_side,0.0,1.0,0.0,0.0,0.0,0.0,0.0,0.0,0.0,0.0,0.0,0.0,0.0,0.0,0.0,0.0
Beffeaac9e785,S38533928bb7e,overhead,2602.0,gaze_side,0.0,1.0,0.0,0.0,0.0,0.0,0.0,0.0,0.0,0.0,0.0,0.0,0.0,0.0,0.0,0.0
Beffeaac9e785,S38533928bb7e,overhead,2603.0,gaze_side,0.0,1.0,0.0,0.0,0.0,0.0,0.0,0.0,0.0,0.0,0.0,0.0,0.0,0.0,0.0,0.0
Beffeaac9e785,S38533928bb7e,overhead,2604.0,gaze_side,0.0,1.0,0.0,0.0,0.0,0.0,0.0,0.0,0.0,0.0,0.0,0.0,0.0,0.0,0.0,0.0
Beffeaac9e785,S38533928bb7e,overhead,2605.0,gaze_side,0.0,1.0,0.0,0.0,0.0,0.0,0.0,0.0,0.0,0.0,0.0,0.0,0.0,0.0,0.0,0.0
Beffeaac9e785,S38533928bb7e,overhead,2606.0,gaze_side,0.0,1.0,0.0,0.0,0.0,0.0,0.0,0.0,0.0,0.0,0.0,0.0,0.0,0.0,0.0,0.0
Bf0ca9052c30f,S38533928bb7e,front,5545.0,gaze_side,1.0,0.0,1.0,1.0,0.0,1.0,0.0,0.0,0.0,0.0,1.0,0.0,0.0,0.0,0.0,0.0
Bf0ca9052c30f,S38533928bb7e,front,5546.0,gaze_side,1.0,0.0,1.0,1.0,0.0,1.0,0.0,0.0,0.0,0.0,1.0,0.0,0.0,0.0,0.0,0.0
Bf0ca9052c30f,S38533928bb7e,front,5547.0,gaze_side,1.0,0.0,1.0,1.0,0.0,1.0,0.0,0.0,0.0,0.0,1.0,0.0,0.0,0.0,0.0,0.0
Bf0ca9052c30f,S38533928bb7e,front,5548.0,gaze_side,1.0,0.0,1.0,1.0,0.0,1.0,0.0,0.0,0.0,0.0,1.0,0.0,0.0,0.0,0.0,0.0
Bf0ca9052c30f,S38533928bb7e,front,5549.0,gaze_side,1.0,0.0,1.0,1.0,0.0,1.0,0.0,0.0,0.0,0.0,1.0,0.0,0.0,0.0,0.0,0.0
Bf0ca9052c30f,S38533928bb7e,overhead,5545.0,gaze_side,0.0,1.0,0.0,0.0,0.0,0.0,0.0,0.0,0.0,0.0,0.0,0.0,0.0,0.0,0.0,0.0
Bf0ca9052c30f,S38533928bb7e,overhead,5546.0,gaze_side,0.0,1.0,0.0,0.0,0.0,0.0,0.0,0.0,0.0,0.0,0.0,0.0,0.0,0.0,0.0,0.0
Bf0ca9052c30f,S38533928bb7e,overhead,5547.0,gaze_side,0.0,1.0,0.0,0.0,0.0,1.0,0.0,0.0,0.0,0.0,1.0,0.0,0.0,0.0,0.0,0.0
Bf0ca9052c30f,S38533928bb7e,overhead,5548.0,gaze_side,0.0,1.0,0.0,0.0,0.0,1.0,0.0,0.0,0.0,0.0,1.0,0.0,0.0,0.0,0.0,0.0
Bf0ca9052c30f,S38533928bb7e,overhead,5549.0,gaze_side,0.0,1.0,0.0,0.0,0.0,1.0,0.0,0.0,0.0,0.0,1.0,0.0,0.0,0.0,0.0,0.0
Bf1153e89ccce,Sb97749af3711,front,0.0,unknown,1.0,0.0,0.0,0.0,0.0,0.0,0.0,0.0,0.0,0.0,0.0,0.0,0.0,0.0,0.0,0.0
Bf1153e89ccce,Sb97749af3711,front,1.0,unknown,1.0,0.0,0.0,0.0,0.0,0.0,0.0,0.0,0.0,0.0,0.0,0.0,0.0,0.0,0.0,0.0
Bf1153e89ccce,Sb97749af3711,front,2.0,unknown,1.0,0.0,0.0,0.0,0.0,0.0,0.0,0.0,0.0,0.0,0.0,0.0,0.0,0.0,0.0,0.0
Bf1153e89ccce,Sb97749af3711,front,3.0,unknown,1.0,0.0,0.0,0.0,0.0,0.0,0.0,0.0,0.0,0.0,0.0,0.0,0.0,0.0,0.0,0.0
Bf1153e89ccce,Sb97749af3711,front,4.0,unknown,1.0,0.0,0.0,0.0,0.0,0.0,0.0,0.0,0.0,0.0,0.0,0.0,0.0,0.0,0.0,0.0
Bf1153e89ccce,Sb97749af3711,front,5.0,unknown,1.0,0.0,0.0,0.0,0.0,0.0,0.0,0.0,0.0,0.0,0.0,0.0,0.0,0.0,0.0,0.0
Bf1153e89ccce,Sb97749af3711,front,6.0,unknown,1.0,0.0,0.0,0.0,0.0,0.0,0.0,0.0,0.0,0.0,0.0,0.0,0.0,0.0,0.0,0.0
Bf1153e89ccce,Sb97749af3711,front,7.0,unknown,1.0,0.0,0.0,0.0,0.0,0.0,0.0,0.0,0.0,0.0,0.0,0.0,0.0,0.0,0.0,0.0
Bf1153e89ccce,Sb97749af3711,front,8.0,unknown,1.0,0.0,0.0,0.0,0.0,0.0,0.0,0.0,0.0,0.0,0.0,0.0,0.0,0.0,0.0,0.0
Bf1153e89ccce,Sb97749af3711,front,9.0,unknown,1.0,0.0,0.0,0.0,0.0,0.0,0.0,0.0,0.0,0.0,0.0,0.0,0.0,0.0,0.0,0.0
Bf1153e89ccce,Sb97749af3711,overhead,0.0,unknown,0.0,1.0,0.0,0.0,0.0,0.0,0.0,0.0,0.0,0.0,0.0,0.0,0.0,0.0,0.0,0.0
Bf1153e89ccce,Sb97749af3711,overhead,1.0,unknown,0.0,1.0,0.0,0.0,0.0,0.0,0.0,0.0,0.0,0.0,0.0,0.0,0.0,0.0,0.0,0.0
Bf1153e89ccce,Sb97749af3711,overhead,2.0,unknown,0.0,1.0,0.0,0.0,0.0,0.0,0.0,0.0,0.0,0.0,0.0,0.0,0.0,0.0,0.0,0.0
Bf1153e89ccce,Sb97749af3711,overhead,3.0,unknown,0.0,1.0,0.0,0.0,0.0,0.0,0.0,0.0,0.0,0.0,0.0,0.0,0.0,0.0,0.0,0.0
Bf1153e89ccce,Sb97749af3711,overhead,4.0,unknown,0.0,1.0,0.0,0.0,0.0,0.0,0.0,0.0,0.0,0.0,0.0,0.0,0.0,0.0,0.0,0.0
Bf1153e89ccce,Sb97749af3711,overhead,5.0,unknown,0.0,1.0,0.0,0.0,0.0,0.0,0.0,0.0,0.0,0.0,0.0,0.0,0.0,0.0,0.0,0.0
Bf1153e89ccce,Sb97749af3711,overhead,6.0,unknown,0.0,1.0,0.0,0.0,0.0,0.0,0.0,0.0,0.0,0.0,0.0,0.0,0.0,0.0,0.0,0.0
Bf1153e89ccce,Sb97749af3711,overhead,7.0,unknown,0.0,1.0,0.0,0.0,0.0,0.0,0.0,0.0,0.0,0.0,0.0,0.0,0.0,0.0,0.0,0.0
Bf1153e89ccce,Sb97749af3711,overhead,8.0,unknown,0.0,1.0,0.0,0.0,0.0,0.0,0.0,0.0,0.0,0.0,0.0,0.0,0.0,0.0,0.0,0.0
Bf1153e89ccce,Sb97749af3711,overhead,9.0,unknown,0.0,1.0,0.0,0.0,0.0,0.0,0.0,0.0,0.0,0.0,0.0,0.0,0.0,0.0,0.0,0.0
Bf120d6f70853,S38533928bb7e,front,39.0,focus,1.0,0.0,1.0,0.0,0.0,0.0,1.0,0.0,1.0,1.0,0.0,1.0,0.0,0.0,0.0,0.0
Bf120d6f70853,S38533928bb7e,front,40.0,focus,1.0,0.0,1.0,0.0,0.0,0.0,1.0,0.0,1.0,1.0,0.0,1.0,0.0,0.0,0.0,0.0
Bf120d6f70853,S38533928bb7e,front,41.0,focus,1.0,0.0,1.0,0.0,0.0,0.0,1.0,0.0,1.0,1.0,0.0,1.0,0.0,0.0,0.0,0.0
Bf120d6f70853,S38533928bb7e,front,42.0,focus,1.0,0.0,1.0,0.0,0.0,0.0,1.0,0.0,1.0,1.0,0.0,1.0,0.0,0.0,0.0,0.0
Bf120d6f70853,S38533928bb7e,front,43.0,focus,1.0,0.0,1.0,0.0,0.0,0.0,1.0,0.0,1.0,1.0,0.0,1.0,0.0,0.0,0.0,0.0
Bf120d6f70853,S38533928bb7e,front,44.0,focus,1.0,0.0,1.0,0.0,0.0,0.0,1.0,0.0,1.0,1.0,0.0,1.0,0.0,0.0,0.0,0.0
Bf120d6f70853,S38533928bb7e,front,45.0,focus,1.0,0.0,1.0,0.0,0.0,0.0,1.0,0.0,1.0,1.0,0.0,1.0,0.0,0.0,0.0,0.0
Bf120d6f70853,S38533928bb7e,front,46.0,focus,1.0,0.0,1.0,0.0,0.0,0.0,1.0,0.0,1.0,1.0,0.0,1.0,0.0,0.0,0.0,0.0
Bf120d6f70853,S38533928bb7e,front,47.0,focus,1.0,0.0,1.0,0.0,0.0,0.0,1.0,0.0,1.0,0.0,0.0,0.0,0.0,0.0,0.0,0.0
Bf120d6f70853,S38533928bb7e,front,48.0,focus,1.0,0.0,1.0,0.0,0.0,0.0,1.0,0.0,1.0,1.0,0.0,1.0,0.0,0.0,0.0,0.0
Bf120d6f70853,S38533928bb7e,overhead,39.0,focus,0.0,1.0,0.0,0.0,0.0,1.0,0.0,0.0,0.0,0.0,1.0,0.0,0.0,0.0,0.0,0.0
Bf120d6f70853,S38533928bb7e,overhead,40.0,focus,0.0,1.0,0.0,0.0,0.0,1.0,0.0,0.0,0.0,0.0,1.0,0.0,0.0,0.0,0.0,0.0
Bf120d6f70853,S38533928bb7e,overhead,41.0,focus,0.0,1.0,0.0,0.0,0.0,1.0,0.0,0.0,0.0,0.0,1.0,0.0,0.0,0.0,0.0,0.0
Bf120d6f70853,S38533928bb7e,overhead,42.0,focus,0.0,1.0,0.0,0.0,0.0,1.0,0.0,0.0,0.0,0.0,1.0,0.0,0.0,0.0,0.0,0.0
Bf120d6f70853,S38533928bb7e,overhead,43.0,focus,0.0,1.0,0.0,0.0,0.0,1.0,0.0,0.0,0.0,0.0,1.0,0.0,0.0,0.0,0.0,0.0
Bf120d6f70853,S38533928bb7e,overhead,44.0,focus,0.0,1.0,0.0,0.0,0.0,0.0,0.0,0.0,0.0,0.0,1.0,0.0,0.0,0.0,0.0,0.0
Bf120d6f70853,S38533928bb7e,overhead,45.0,focus,0.0,1.0,0.0,0.0,0.0,1.0,0.0,0.0,0.0,0.0,1.0,0.0,0.0,0.0,0.0,0.0
Bf120d6f70853,S38533928bb7e,overhead,46.0,focus,0.0,1.0,0.0,0.0,0.0,1.0,0.0,0.0,0.0,0.0,1.0,0.0,0.0,0.0,0.0,0.0
Bf120d6f70853,S38533928bb7e,overhead,47.0,focus,0.0,1.0,0.0,0.0,0.0,0.0,0.0,0.0,0.0,0.0,0.0,0.0,0.0,0.0,0.0,0.0
Bf120d6f70853,S38533928bb7e,overhead,48.0,focus,0.0,1.0,0.0,0.0,0.0,0.0,0.0,0.0,0.0,0.0,0.0,0.0,0.0,0.0,0.0,0.0
Bf2b093b34fd5,Sc17507c06476,front,0.0,focus,1.0,0.0,1.0,0.0,0.0,0.0,0.0,0.0,0.0,0.0,0.0,0.0,0.0,0.0,0.0,0.0
Bf2b093b34fd5,Sc17507c06476,front,1.0,focus,1.0,0.0,1.0,0.0,0.0,0.0,0.0,0.0,0.0,0.0,0.0,0.0,0.0,0.0,0.0,0.0
Bf2b093b34fd5,Sc17507c06476,front,2.0,focus,1.0,0.0,1.0,0.0,0.0,1.0,0.0,0.0,0.0,0.0,1.0,0.0,0.0,0.0,0.0,0.0
Bf2b093b34fd5,Sc17507c06476,front,3.0,focus,1.0,0.0,1.0,0.0,0.0,1.0,0.0,0.0,0.0,0.0,1.0,0.0,0.0,0.0,0.0,0.0
Bf2b093b34fd5,Sc17507c06476,front,4.0,focus,1.0,0.0,1.0,0.0,0.0,0.0,0.0,0.0,0.0,0.0,0.0,0.0,0.0,0.0,0.0,0.0
Bf2b093b34fd5,Sc17507c06476,front,5.0,focus,1.0,0.0,1.0,0.0,0.0,0.0,0.0,0.0,0.0,0.0,1.0,0.0,0.0,0.0,0.0,0.0
Bf2b093b34fd5,Sc17507c06476,front,6.0,focus,1.0,0.0,1.0,0.0,0.0,0.0,0.0,0.0,0.0,0.0,1.0,0.0,0.0,0.0,0.0,0.0
Bf2b093b34fd5,Sc17507c06476,front,7.0,focus,1.0,0.0,1.0,0.0,0.0,0.0,0.0,0.0,0.0,0.0,1.0,0.0,0.0,0.0,0.0,0.0
Bf2b093b34fd5,Sc17507c06476,front,8.0,focus,1.0,0.0,1.0,0.0,0.0,0.0,0.0,0.0,0.0,0.0,1.0,0.0,0.0,0.0,0.0,0.0
Bf2b093b34fd5,Sc17507c06476,front,9.0,focus,1.0,0.0,1.0,0.0,0.0,0.0,0.0,0.0,0.0,0.0,1.0,0.0,0.0,0.0,0.0,0.0
Bf2b093b34fd5,Sc17507c06476,overhead,0.0,focus,0.0,1.0,0.0,0.0,0.0,0.0,0.0,0.0,0.0,0.0,0.0,0.0,0.0,0.0,0.0,0.0
Bf2b093b34fd5,Sc17507c06476,overhead,1.0,focus,0.0,1.0,0.0,0.0,0.0,0.0,0.0,0.0,0.0,0.0,0.0,0.0,0.0,0.0,0.0,0.0
Bf2b093b34fd5,Sc17507c06476,overhead,2.0,focus,0.0,1.0,0.0,0.0,0.0,0.0,0.0,0.0,0.0,0.0,0.0,0.0,0.0,0.0,0.0,0.0
Bf2b093b34fd5,Sc17507c06476,overhead,3.0,focus,0.0,1.0,0.0,0.0,0.0,0.0,0.0,0.0,0.0,0.0,0.0,0.0,0.0,0.0,0.0,0.0
Bf2b093b34fd5,Sc17507c06476,overhead,4.0,focus,0.0,1.0,0.0,0.0,0.0,1.0,0.0,0.0,0.0,0.0,1.0,0.0,0.0,0.0,0.0,0.0
Bf2b093b34fd5,Sc17507c06476,overhead,5.0,focus,0.0,1.0,0.0,0.0,0.0,1.0,0.0,0.0,0.0,0.0,1.0,0.0,0.0,0.0,0.0,0.0
Bf2b093b34fd5,Sc17507c06476,overhead,6.0,focus,0.0,1.0,0.0,0.0,0.0,1.0,0.0,0.0,0.0,0.0,1.0,0.0,0.0,0.0,0.0,0.0
Bf2b093b34fd5,Sc17507c06476,overhead,7.0,focus,0.0,1.0,0.0,0.0,0.0,1.0,0.0,0.0,0.0,0.0,1.0,0.0,0.0,0.0,0.0,0.0
Bf2b093b34fd5,Sc17507c06476,overhead,8.0,focus,0.0,1.0,0.0,0.0,0.0,0.0,0.0,0.0,0.0,0.0,0.0,0.0,0.0,0.0,0.0,0.0
Bf2b093b34fd5,Sc17507c06476,overhead,9.0,focus,0.0,1.0,0.0,0.0,0.0,0.0,0.0,0.0,0.0,0.0,1.0,0.0,0.0,0.0,0.0,0.0
Bf3a55c8f5671,Sb97749af3711,front,0.0,unknown,1.0,0.0,0.0,0.0,0.0,0.0,0.0,0.0,0.0,0.0,0.0,0.0,0.0,0.0,0.0,0.0
Bf3a55c8f5671,Sb97749af3711,front,1.0,unknown,1.0,0.0,0.0,0.0,0.0,0.0,0.0,0.0,0.0,0.0,0.0,0.0,0.0,0.0,0.0,0.0
Bf3a55c8f5671,Sb97749af3711,front,2.0,unknown,1.0,0.0,0.0,0.0,0.0,0.0,0.0,0.0,0.0,0.0,0.0,0.0,0.0,0.0,0.0,0.0
Bf3a55c8f5671,Sb97749af3711,front,3.0,unknown,1.0,0.0,0.0,0.0,0.0,0.0,0.0,0.0,0.0,0.0,0.0,0.0,0.0,0.0,0.0,0.0
Bf3a55c8f5671,Sb97749af3711,front,4.0,unknown,1.0,0.0,0.0,0.0,0.0,0.0,0.0,0.0,0.0,0.0,0.0,0.0,0.0,0.0,0.0,0.0
Bf3a55c8f5671,Sb97749af3711,overhead,0.0,unknown,0.0,1.0,0.0,0.0,0.0,0.0,0.0,0.0,0.0,0.0,0.0,0.0,0.0,0.0,0.0,0.0
Bf3a55c8f5671,Sb97749af3711,overhead,1.0,unknown,0.0,1.0,0.0,0.0,0.0,0.0,0.0,0.0,0.0,0.0,0.0,0.0,0.0,0.0,0.0,0.0
Bf3a55c8f5671,Sb97749af3711,overhead,2.0,unknown,0.0,1.0,0.0,0.0,0.0,0.0,0.0,0.0,0.0,0.0,0.0,0.0,0.0,0.0,0.0,0.0
Bf3a55c8f5671,Sb97749af3711,overhead,3.0,unknown,0.0,1.0,0.0,0.0,0.0,0.0,0.0,0.0,0.0,0.0,0.0,0.0,0.0,0.0,0.0,0.0
Bf3a55c8f5671,Sb97749af3711,overhead,4.0,unknown,0.0,1.0,0.0,0.0,0.0,0.0,0.0,0.0,0.0,0.0,0.0,0.0,0.0,0.0,0.0,0.0
Bf468ec3e7949,S38533928bb7e,front,1574.0,gaze_side,1.0,0.0,0.0,0.0,0.0,1.0,0.0,0.0,0.0,0.0,1.0,0.0,0.0,0.0,0.0,0.0
Bf468ec3e7949,S38533928bb7e,front,1575.0,gaze_side,1.0,0.0,0.0,0.0,0.0,0.0,0.0,0.0,0.0,0.0,0.0,0.0,0.0,0.0,0.0,0.0
Bf468ec3e7949,S38533928bb7e,front,1576.0,gaze_side,1.0,0.0,1.0,1.0,0.0,0.0,0.0,0.0,0.0,0.0,1.0,0.0,0.0,0.0,0.0,0.0
Bf468ec3e7949,S38533928bb7e,front,1577.0,gaze_side,1.0,0.0,1.0,1.0,0.0,0.0,0.0,0.0,0.0,0.0,0.0,0.0,0.0,0.0,0.0,0.0
Bf468ec3e7949,S38533928bb7e,front,1578.0,gaze_side,1.0,0.0,1.0,1.0,0.0,0.0,0.0,0.0,0.0,0.0,0.0,0.0,0.0,0.0,0.0,0.0
Bf468ec3e7949,S38533928bb7e,front,1579.0,gaze_side,1.0,0.0,1.0,1.0,0.0,0.0,0.0,0.0,0.0,0.0,1.0,0.0,0.0,0.0,0.0,0.0
Bf468ec3e7949,S38533928bb7e,front,1580.0,gaze_side,1.0,0.0,1.0,1.0,0.0,1.0,0.0,0.0,0.0,0.0,1.0,0.0,0.0,0.0,0.0,0.0
Bf468ec3e7949,S38533928bb7e,front,1581.0,gaze_side,1.0,0.0,1.0,1.0,0.0,1.0,0.0,0.0,0.0,0.0,1.0,0.0,0.0,0.0,0.0,0.0
Bf468ec3e7949,S38533928bb7e,front,1582.0,gaze_side,1.0,0.0,1.0,1.0,0.0,0.0,0.0,0.0,0.0,0.0,1.0,0.0,0.0,0.0,0.0,0.0
Bf468ec3e7949,S38533928bb7e,overhead,1574.0,gaze_side,0.0,1.0,0.0,0.0,0.0,0.0,0.0,0.0,0.0,0.0,0.0,0.0,0.0,0.0,0.0,0.0
Bf468ec3e7949,S38533928bb7e,overhead,1575.0,gaze_side,0.0,1.0,0.0,0.0,0.0,0.0,0.0,0.0,0.0,0.0,0.0,0.0,0.0,0.0,0.0,0.0
Bf468ec3e7949,S38533928bb7e,overhead,1576.0,gaze_side,0.0,1.0,0.0,0.0,0.0,0.0,0.0,0.0,0.0,0.0,1.0,0.0,0.0,0.0,0.0,0.0
Bf468ec3e7949,S38533928bb7e,overhead,1577.0,gaze_side,0.0,1.0,0.0,0.0,0.0,0.0,0.0,0.0,0.0,0.0,0.0,0.0,0.0,0.0,0.0,0.0
Bf468ec3e7949,S38533928bb7e,overhead,1578.0,gaze_side,0.0,1.0,0.0,0.0,0.0,0.0,0.0,0.0,0.0,0.0,0.0,0.0,0.0,0.0,0.0,0.0
Bf468ec3e7949,S38533928bb7e,overhead,1579.0,gaze_side,0.0,1.0,0.0,0.0,0.0,0.0,0.0,0.0,0.0,0.0,0.0,0.0,0.0,0.0,0.0,0.0
Bf468ec3e7949,S38533928bb7e,overhead,1580.0,gaze_side,0.0,1.0,0.0,0.0,0.0,0.0,0.0,0.0,0.0,0.0,0.0,0.0,0.0,0.0,0.0,0.0
Bf468ec3e7949,S38533928bb7e,overhead,1581.0,gaze_side,0.0,1.0,0.0,0.0,0.0,0.0,0.0,0.0,0.0,0.0,0.0,0.0,0.0,0.0,0.0,0.0
Bf468ec3e7949,S38533928bb7e,overhead,1582.0,gaze_side,0.0,1.0,0.0,0.0,0.0,0.0,0.0,0.0,0.0,0.0,0.0,0.0,0.0,0.0,0.0,0.0
Bf4a4d4bf1831,S38533928bb7e,front,5227.0,drowsy,1.0,0.0,1.0,0.0,0.0,0.0,0.0,0.0,0.0,0.0,1.0,0.0,0.0,0.0,0.0,0.0
Bf4a4d4bf1831,S38533928bb7e,front,5228.0,drowsy,1.0,0.0,0.0,0.0,0.0,0.0,0.0,0.0,0.0,0.0,1.0,0.0,0.0,0.0,0.0,1.0
Bf4a4d4bf1831,S38533928bb7e,front,5229.0,drowsy,1.0,0.0,1.0,0.0,1.0,0.0,0.0,0.0,0.0,0.0,1.0,0.0,0.0,0.0,0.0,0.0
Bf4a4d4bf1831,S38533928bb7e,front,5230.0,drowsy,1.0,0.0,1.0,0.0,1.0,0.0,0.0,0.0,0.0,0.0,1.0,0.0,0.0,0.0,0.0,0.0
Bf4a4d4bf1831,S38533928bb7e,front,5231.0,drowsy,1.0,0.0,1.0,0.0,1.0,0.0,0.0,0.0,0.0,0.0,1.0,0.0,0.0,0.0,0.0,0.0
Bf4a4d4bf1831,S38533928bb7e,front,5232.0,drowsy,1.0,0.0,0.0,0.0,0.0,0.0,0.0,0.0,0.0,0.0,0.0,1.0,0.0,0.0,0.0,1.0
Bf4a4d4bf1831,S38533928bb7e,front,5233.0,drowsy,1.0,0.0,1.0,0.0,0.0,0.0,1.0,1.0,0.0,1.0,0.0,0.0,0.0,0.0,0.0,0.0
Bf4a4d4bf1831,S38533928bb7e,overhead,5227.0,drowsy,0.0,1.0,0.0,0.0,0.0,0.0,0.0,0.0,0.0,0.0,0.0,0.0,0.0,0.0,0.0,0.0
Bf4a4d4bf1831,S38533928bb7e,overhead,5228.0,drowsy,0.0,1.0,0.0,0.0,0.0,0.0,0.0,0.0,0.0,0.0,0.0,0.0,0.0,0.0,0.0,0.0
Bf4a4d4bf1831,S38533928bb7e,overhead,5229.0,drowsy,0.0,1.0,0.0,0.0,0.0,0.0,0.0,0.0,0.0,0.0,0.0,0.0,0.0,0.0,0.0,0.0
Bf4a4d4bf1831,S38533928bb7e,overhead,5230.0,drowsy,0.0,1.0,0.0,0.0,0.0,0.0,0.0,0.0,0.0,0.0,0.0,0.0,0.0,0.0,0.0,0.0
Bf4a4d4bf1831,S38533928bb7e,overhead,5231.0,drowsy,0.0,1.0,0.0,0.0,0.0,0.0,0.0,0.0,0.0,0.0,0.0,0.0,0.0,0.0,0.0,0.0
Bf4a4d4bf1831,S38533928bb7e,overhead,5232.0,drowsy,0.0,1.0,0.0,0.0,0.0,0.0,0.0,0.0,0.0,0.0,0.0,0.0,0.0,0.0,0.0,0.0
Bf4a4d4bf1831,S38533928bb7e,overhead,5233.0,drowsy,0.0,1.0,0.0,0.0,0.0,0.0,0.0,0.0,0.0,0.0,0.0,0.0,0.0,0.0,0.0,0.0
Bf4e46daf9ec0,S08ea3e793bb0,front,0.0,focus,1.0,0.0,0.0,0.0,0.0,0.0,0.0,0.0,0.0,0.0,0.0,0.0,0.0,0.0,0.0,0.0
Bf4e46daf9ec0,S08ea3e793bb0,front,1.0,focus,1.0,0.0,0.0,0.0,0.0,0.0,0.0,0.0,0.0,0.0,0.0,0.0,0.0,0.0,0.0,0.0
Bf4e46daf9ec0,S08ea3e793bb0,front,2.0,focus,1.0,0.0,0.0,0.0,0.0,0.0,0.0,0.0,0.0,0.0,0.0,0.0,0.0,0.0,0.0,0.0
Bf4e46daf9ec0,S08ea3e793bb0,front,3.0,focus,1.0,0.0,0.0,0.0,0.0,0.0,0.0,0.0,0.0,0.0,0.0,0.0,0.0,0.0,0.0,0.0
Bf4e46daf9ec0,S08ea3e793bb0,front,4.0,focus,1.0,0.0,0.0,0.0,0.0,0.0,0.0,0.0,0.0,0.0,0.0,0.0,0.0,0.0,0.0,0.0
Bf4e46daf9ec0,S08ea3e793bb0,front,5.0,focus,1.0,0.0,0.0,0.0,0.0,0.0,0.0,0.0,0.0,0.0,0.0,0.0,0.0,0.0,0.0,0.0
Bf4e46daf9ec0,S08ea3e793bb0,front,6.0,focus,1.0,0.0,0.0,0.0,0.0,0.0,0.0,0.0,0.0,0.0,0.0,0.0,0.0,0.0,0.0,0.0
Bf4e46daf9ec0,S08ea3e793bb0,front,7.0,focus,1.0,0.0,0.0,0.0,0.0,0.0,0.0,0.0,0.0,0.0,0.0,0.0,0.0,0.0,0.0,0.0
Bf4e46daf9ec0,S08ea3e793bb0,front,8.0,focus,1.0,0.0,0.0,0.0,0.0,0.0,0.0,0.0,0.0,0.0,0.0,0.0,0.0,0.0,0.0,0.0
Bf4e46daf9ec0,S08ea3e793bb0,front,9.0,focus,1.0,0.0,0.0,0.0,0.0,0.0,0.0,0.0,0.0,0.0,0.0,0.0,0.0,0.0,0.0,0.0
Bf4e46daf9ec0,S08ea3e793bb0,overhead,0.0,focus,0.0,1.0,0.0,0.0,0.0,0.0,0.0,0.0,0.0,0.0,1.0,0.0,0.0,0.0,0.0,0.0
Bf4e46daf9ec0,S08ea3e793bb0,overhead,1.0,focus,0.0,1.0,0.0,0.0,0.0,0.0,0.0,0.0,0.0,0.0,0.0,0.0,0.0,0.0,0.0,0.0
Bf4e46daf9ec0,S08ea3e793bb0,overhead,2.0,focus,0.0,1.0,0.0,0.0,0.0,0.0,0.0,0.0,0.0,0.0,1.0,0.0,0.0,0.0,0.0,0.0
Bf4e46daf9ec0,S08ea3e793bb0,overhead,3.0,focus,0.0,1.0,0.0,0.0,0.0,0.0,0.0,0.0,0.0,0.0,1.0,0.0,0.0,0.0,0.0,0.0
Bf4e46daf9ec0,S08ea3e793bb0,overhead,4.0,focus,0.0,1.0,0.0,0.0,0.0,0.0,0.0,0.0,0.0,0.0,0.0,0.0,0.0,0.0,0.0,0.0
Bf4e46daf9ec0,S08ea3e793bb0,overhead,5.0,focus,0.0,1.0,0.0,0.0,0.0,0.0,0.0,0.0,0.0,0.0,0.0,0.0,0.0,0.0,0.0,0.0
Bf4e46daf9ec0,S08ea3e793bb0,overhead,6.0,focus,0.0,1.0,0.0,0.0,0.0,0.0,0.0,0.0,0.0,0.0,0.0,0.0,0.0,0.0,0.0,0.0
Bf4e46daf9ec0,S08ea3e793bb0,overhead,7.0,focus,0.0,1.0,0.0,0.0,0.0,0.0,0.0,0.0,0.0,0.0,1.0,0.0,0.0,0.0,0.0,0.0
Bf4e46daf9ec0,S08ea3e793bb0,overhead,8.0,focus,0.0,1.0,0.0,0.0,0.0,0.0,0.0,0.0,0.0,0.0,0.0,0.0,0.0,0.0,0.0,0.0
Bf4e46daf9ec0,S08ea3e793bb0,overhead,9.0,focus,0.0,1.0,0.0,0.0,0.0,0.0,0.0,0.0,0.0,0.0,1.0,0.0,0.0,0.0,0.0,0.0
Bf56cd77bbc4a,S38533928bb7e,front,5785.0,drowsy,1.0,0.0,1.0,0.0,0.0,0.0,1.0,0.0,1.0,1.0,0.0,1.0,0.0,0.0,0.0,0.0
Bf56cd77bbc4a,S38533928bb7e,front,5786.0,drowsy,1.0,0.0,1.0,0.0,0.0,0.0,1.0,0.0,1.0,1.0,0.0,1.0,0.0,0.0,0.0,0.0
Bf56cd77bbc4a,S38533928bb7e,front,5787.0,drowsy,1.0,0.0,1.0,0.0,0.0,0.0,1.0,0.0,1.0,1.0,0.0,1.0,0.0,0.0,0.0,0.0
Bf56cd77bbc4a,S38533928bb7e,front,5788.0,drowsy,1.0,0.0,1.0,0.0,0.0,0.0,1.0,0.0,1.0,1.0,0.0,1.0,0.0,0.0,0.0,0.0
Bf56cd77bbc4a,S38533928bb7e,front,5789.0,drowsy,1.0,0.0,1.0,0.0,0.0,0.0,1.0,0.0,1.0,1.0,0.0,1.0,0.0,0.0,0.0,0.0
Bf56cd77bbc4a,S38533928bb7e,front,5790.0,drowsy,1.0,0.0,1.0,0.0,0.0,0.0,1.0,0.0,1.0,1.0,0.0,1.0,0.0,0.0,0.0,0.0
Bf56cd77bbc4a,S38533928bb7e,front,5791.0,drowsy,1.0,0.0,1.0,0.0,0.0,0.0,1.0,0.0,1.0,1.0,0.0,1.0,0.0,0.0,0.0,0.0
Bf56cd77bbc4a,S38533928bb7e,front,5792.0,drowsy,1.0,0.0,1.0,0.0,0.0,0.0,1.0,0.0,1.0,1.0,0.0,1.0,0.0,0.0,0.0,0.0
Bf56cd77bbc4a,S38533928bb7e,front,5793.0,drowsy,1.0,0.0,1.0,0.0,0.0,0.0,1.0,0.0,1.0,1.0,0.0,1.0,0.0,0.0,0.0,0.0
Bf56cd77bbc4a,S38533928bb7e,front,5794.0,drowsy,1.0,0.0,1.0,0.0,0.0,0.0,0.0,0.0,0.0,0.0,0.0,0.0,0.0,0.0,0.0,0.0
Bf56cd77bbc4a,S38533928bb7e,overhead,5785.0,drowsy,0.0,1.0,0.0,0.0,0.0,0.0,0.0,0.0,0.0,0.0,0.0,0.0,0.0,0.0,0.0,0.0
Bf56cd77bbc4a,S38533928bb7e,overhead,5786.0,drowsy,0.0,1.0,0.0,0.0,0.0,0.0,0.0,0.0,0.0,0.0,0.0,0.0,0.0,0.0,0.0,0.0
Bf56cd77bbc4a,S38533928bb7e,overhead,5787.0,drowsy,0.0,1.0,0.0,0.0,0.0,0.0,0.0,0.0,0.0,0.0,0.0,0.0,0.0,0.0,0.0,0.0
Bf56cd77bbc4a,S38533928bb7e,overhead,5788.0,drowsy,0.0,1.0,0.0,0.0,0.0,0.0,0.0,0.0,0.0,0.0,0.0,0.0,0.0,0.0,0.0,0.0
Bf56cd77bbc4a,S38533928bb7e,overhead,5789.0,drowsy,0.0,1.0,0.0,0.0,0.0,0.0,0.0,0.0,0.0,0.0,0.0,0.0,0.0,0.0,0.0,0.0
Bf56cd77bbc4a,S38533928bb7e,overhead,5790.0,drowsy,0.0,1.0,0.0,0.0,0.0,0.0,0.0,0.0,0.0,0.0,0.0,0.0,0.0,0.0,0.0,0.0
Bf56cd77bbc4a,S38533928bb7e,overhead,5791.0,drowsy,0.0,1.0,0.0,0.0,0.0,0.0,0.0,0.0,0.0,0.0,0.0,0.0,0.0,0.0,0.0,0.0
Bf56cd77bbc4a,S38533928bb7e,overhead,5792.0,drowsy,0.0,1.0,0.0,0.0,0.0,0.0,0.0,0.0,0.0,0.0,1.0,0.0,0.0,0.0,0.0,0.0
Bf56cd77bbc4a,S38533928bb7e,overhead,5793.0,drowsy,0.0,1.0,0.0,0.0,0.0,0.0,0.0,0.0,0.0,0.0,0.0,0.0,0.0,0.0,0.0,0.0
Bf56cd77bbc4a,S38533928bb7e,overhead,5794.0,drowsy,0.0,1.0,0.0,0.0,0.0,0.0,0.0,0.0,0.0,0.0,0.0,0.0,0.0,0.0,0.0,0.0
Bf63b1ae242e5,Se9ae4c661219,front,0.0,focus,1.0,0.0,0.0,0.0,0.0,1.0,0.0,0.0,0.0,0.0,0.0,0.0,0.0,0.0,0.0,0.0
Bf63b1ae242e5,Se9ae4c661219,front,1.0,focus,1.0,0.0,0.0,0.0,0.0,1.0,0.0,0.0,0.0,0.0,0.0,0.0,0.0,0.0,0.0,0.0
Bf63b1ae242e5,Se9ae4c661219,front,2.0,focus,1.0,0.0,1.0,0.0,0.0,1.0,0.0,0.0,0.0,0.0,1.0,0.0,0.0,0.0,0.0,0.0
Bf63b1ae242e5,Se9ae4c661219,front,3.0,focus,1.0,0.0,1.0,0.0,0.0,0.0,0.0,0.0,0.0,0.0,1.0,0.0,0.0,0.0,0.0,0.0
Bf63b1ae242e5,Se9ae4c661219,front,4.0,focus,1.0,0.0,0.0,0.0,0.0,0.0,0.0,0.0,0.0,0.0,0.0,0.0,0.0,0.0,0.0,0.0
Bf63b1ae242e5,Se9ae4c661219,front,5.0,focus,1.0,0.0,0.0,0.0,0.0,0.0,0.0,0.0,0.0,0.0,0.0,0.0,0.0,0.0,0.0,0.0
Bf63b1ae242e5,Se9ae4c661219,front,6.0,focus,1.0,0.0,0.0,0.0,0.0,0.0,0.0,0.0,0.0,0.0,0.0,0.0,0.0,0.0,0.0,0.0
Bf63b1ae242e5,Se9ae4c661219,front,7.0,focus,1.0,0.0,0.0,0.0,0.0,0.0,0.0,0.0,0.0,0.0,0.0,0.0,0.0,0.0,0.0,0.0
Bf63b1ae242e5,Se9ae4c661219,front,8.0,focus,1.0,0.0,0.0,0.0,0.0,0.0,0.0,0.0,0.0,0.0,0.0,0.0,0.0,0.0,0.0,0.0
Bf63b1ae242e5,Se9ae4c661219,front,9.0,focus,1.0,0.0,0.0,0.0,0.0,0.0,0.0,0.0,0.0,0.0,0.0,0.0,0.0,0.0,0.0,0.0
Bf63b1ae242e5,Se9ae4c661219,overhead,0.0,focus,0.0,1.0,0.0,0.0,0.0,0.0,0.0,0.0,0.0,0.0,0.0,0.0,0.0,0.0,0.0,0.0
Bf63b1ae242e5,Se9ae4c661219,overhead,1.0,focus,0.0,1.0,0.0,0.0,0.0,0.0,0.0,0.0,0.0,0.0,1.0,0.0,0.0,0.0,0.0,0.0
Bf63b1ae242e5,Se9ae4c661219,overhead,2.0,focus,0.0,1.0,0.0,0.0,0.0,0.0,0.0,0.0,0.0,0.0,0.0,0.0,0.0,0.0,0.0,0.0
Bf63b1ae242e5,Se9ae4c661219,overhead,3.0,focus,0.0,1.0,0.0,0.0,0.0,0.0,0.0,0.0,0.0,0.0,1.0,0.0,0.0,0.0,0.0,0.0
Bf63b1ae242e5,Se9ae4c661219,overhead,4.0,focus,0.0,1.0,0.0,0.0,0.0,0.0,0.0,0.0,0.0,0.0,0.0,0.0,0.0,0.0,0.0,0.0
Bf63b1ae242e5,Se9ae4c661219,overhead,5.0,focus,0.0,1.0,0.0,0.0,0.0,0.0,0.0,0.0,0.0,0.0,1.0,0.0,0.0,0.0,0.0,0.0
Bf63b1ae242e5,Se9ae4c661219,overhead,6.0,focus,0.0,1.0,0.0,0.0,0.0,0.0,0.0,0.0,0.0,0.0,0.0,0.0,0.0,0.0,0.0,0.0
Bf63b1ae242e5,Se9ae4c661219,overhead,7.0,focus,0.0,1.0,0.0,0.0,0.0,0.0,0.0,0.0,0.0,0.0,0.0,0.0,0.0,0.0,0.0,0.0
Bf63b1ae242e5,Se9ae4c661219,overhead,8.0,focus,0.0,1.0,0.0,0.0,0.0,0.0,0.0,0.0,0.0,0.0,0.0,0.0,0.0,0.0,0.0,0.0
Bf63b1ae242e5,Se9ae4c661219,overhead,9.0,focus,0.0,1.0,0.0,0.0,0.0,0.0,0.0,0.0,0.0,0.0,1.0,0.0,0.0,0.0,0.0,0.0
Bf6b513da8c87,S8bb31e565816,front,0.0,gaze_side,1.0,0.0,1.0,0.0,0.0,1.0,0.0,0.0,0.0,0.0,1.0,0.0,0.0,0.0,0.0,0.0
Bf6b513da8c87,S8bb31e565816,front,1.0,gaze_side,1.0,0.0,1.0,0.0,0.0,1.0,0.0,0.0,0.0,0.0,1.0,0.0,0.0,0.0,0.0,0.0
Bf6b513da8c87,S8bb31e565816,front,2.0,gaze_side,1.0,0.0,1.0,0.0,0.0,1.0,0.0,0.0,0.0,0.0,1.0,0.0,0.0,0.0,0.0,0.0
Bf6b513da8c87,S8bb31e565816,front,3.0,gaze_side,1.0,0.0,0.0,0.0,0.0,1.0,0.0,0.0,0.0,0.0,1.0,0.0,0.0,0.0,0.0,0.0
Bf6b513da8c87,S8bb31e565816,front,4.0,gaze_side,1.0,0.0,0.0,0.0,0.0,1.0,0.0,0.0,0.0,0.0,1.0,0.0,0.0,0.0,0.0,0.0
Bf6b513da8c87,S8bb31e565816,front,5.0,gaze_side,1.0,0.0,0.0,0.0,0.0,1.0,0.0,0.0,0.0,0.0,1.0,0.0,0.0,0.0,0.0,0.0
Bf6b513da8c87,S8bb31e565816,front,6.0,gaze_side,1.0,0.0,1.0,0.0,0.0,1.0,0.0,0.0,0.0,0.0,1.0,0.0,0.0,0.0,0.0,0.0
Bf6b513da8c87,S8bb31e565816,front,7.0,gaze_side,1.0,0.0,1.0,0.0,0.0,1.0,0.0,0.0,0.0,0.0,1.0,0.0,0.0,0.0,0.0,0.0
Bf6b513da8c87,S8bb31e565816,front,8.0,gaze_side,1.0,0.0,1.0,0.0,0.0,1.0,0.0,0.0,0.0,0.0,1.0,0.0,0.0,0.0,0.0,0.0
Bf6b513da8c87,S8bb31e565816,front,9.0,gaze_side,1.0,0.0,0.0,0.0,0.0,1.0,0.0,0.0,0.0,0.0,1.0,0.0,0.0,0.0,0.0,0.0
Bf6b513da8c87,S8bb31e565816,overhead,0.0,gaze_side,0.0,1.0,0.0,0.0,0.0,0.0,0.0,0.0,0.0,0.0,0.0,0.0,0.0,0.0,0.0,0.0
Bf6b513da8c87,S8bb31e565816,overhead,1.0,gaze_side,0.0,1.0,0.0,0.0,0.0,0.0,0.0,0.0,0.0,0.0,0.0,0.0,0.0,0.0,0.0,0.0
Bf6b513da8c87,S8bb31e565816,overhead,2.0,gaze_side,0.0,1.0,0.0,0.0,0.0,0.0,0.0,0.0,0.0,0.0,0.0,0.0,0.0,0.0,0.0,0.0
Bf6b513da8c87,S8bb31e565816,overhead,3.0,gaze_side,0.0,1.0,0.0,0.0,0.0,0.0,0.0,0.0,0.0,0.0,0.0,0.0,0.0,0.0,0.0,0.0
Bf6b513da8c87,S8bb31e565816,overhead,4.0,gaze_side,0.0,1.0,0.0,0.0,0.0,0.0,0.0,0.0,0.0,0.0,0.0,0.0,0.0,0.0,0.0,0.0
Bf6b513da8c87,S8bb31e565816,overhead,5.0,gaze_side,0.0,1.0,0.0,0.0,0.0,0.0,0.0,0.0,0.0,0.0,0.0,0.0,0.0,0.0,0.0,0.0
Bf6b513da8c87,S8bb31e565816,overhead,6.0,gaze_side,0.0,1.0,0.0,0.0,0.0,0.0,0.0,0.0,0.0,0.0,0.0,0.0,0.0,0.0,0.0,0.0
Bf6b513da8c87,S8bb31e565816,overhead,7.0,gaze_side,0.0,1.0,0.0,0.0,0.0,0.0,0.0,0.0,0.0,0.0,0.0,0.0,0.0,0.0,0.0,0.0
Bf6b513da8c87,S8bb31e565816,overhead,8.0,gaze_side,0.0,1.0,0.0,0.0,0.0,0.0,0.0,0.0,0.0,0.0,0.0,0.0,0.0,0.0,0.0,0.0
Bf6b513da8c87,S8bb31e565816,overhead,9.0,gaze_side,0.0,1.0,0.0,0.0,0.0,0.0,0.0,0.0,0.0,0.0,0.0,0.0,0.0,0.0,0.0,0.0
Bf7624958fab3,Se9ae4c661219,front,0.0,focus,1.0,0.0,0.0,0.0,0.0,0.0,0.0,0.0,0.0,0.0,0.0,0.0,0.0,0.0,0.0,0.0
Bf7624958fab3,Se9ae4c661219,front,1.0,focus,1.0,0.0,0.0,0.0,0.0,0.0,0.0,0.0,0.0,0.0,0.0,0.0,0.0,0.0,0.0,0.0
Bf7624958fab3,Se9ae4c661219,front,2.0,focus,1.0,0.0,0.0,0.0,0.0,0.0,0.0,0.0,0.0,0.0,1.0,0.0,0.0,0.0,0.0,0.0
Bf7624958fab3,Se9ae4c661219,front,3.0,focus,1.0,0.0,0.0,0.0,0.0,0.0,0.0,0.0,0.0,0.0,0.0,0.0,0.0,0.0,0.0,0.0
Bf7624958fab3,Se9ae4c661219,front,4.0,focus,1.0,0.0,0.0,0.0,0.0,1.0,0.0,0.0,0.0,0.0,1.0,0.0,0.0,0.0,0.0,0.0
Bf7624958fab3,Se9ae4c661219,front,5.0,focus,1.0,0.0,0.0,0.0,0.0,1.0,0.0,0.0,0.0,0.0,1.0,0.0,0.0,0.0,0.0,0.0
Bf7624958fab3,Se9ae4c661219,front,6.0,focus,1.0,0.0,0.0,0.0,0.0,1.0,0.0,0.0,0.0,0.0,1.0,0.0,0.0,0.0,0.0,0.0
Bf7624958fab3,Se9ae4c661219,front,7.0,focus,1.0,0.0,0.0,0.0,0.0,1.0,0.0,0.0,0.0,0.0,1.0,0.0,0.0,0.0,0.0,0.0
Bf7624958fab3,Se9ae4c661219,front,8.0,focus,1.0,0.0,0.0,0.0,0.0,0.0,0.0,0.0,0.0,0.0,0.0,0.0,0.0,0.0,0.0,0.0
Bf7624958fab3,Se9ae4c661219,front,9.0,focus,1.0,0.0,0.0,0.0,0.0,0.0,0.0,0.0,0.0,0.0,1.0,0.0,0.0,0.0,0.0,0.0
Bf7624958fab3,Se9ae4c661219,overhead,0.0,focus,0.0,1.0,0.0,0.0,0.0,0.0,0.0,0.0,0.0,0.0,0.0,0.0,0.0,0.0,0.0,0.0
Bf7624958fab3,Se9ae4c661219,overhead,1.0,focus,0.0,1.0,0.0,0.0,0.0,1.0,0.0,0.0,0.0,0.0,1.0,0.0,0.0,0.0,0.0,0.0
Bf7624958fab3,Se9ae4c661219,overhead,2.0,focus,0.0,1.0,0.0,0.0,0.0,1.0,0.0,0.0,0.0,0.0,1.0,0.0,0.0,0.0,0.0,0.0
Bf7624958fab3,Se9ae4c661219,overhead,3.0,focus,0.0,1.0,0.0,0.0,0.0,0.0,0.0,0.0,0.0,0.0,0.0,0.0,0.0,0.0,0.0,0.0
Bf7624958fab3,Se9ae4c661219,overhead,4.0,focus,0.0,1.0,0.0,0.0,0.0,0.0,0.0,0.0,0.0,0.0,0.0,0.0,0.0,0.0,0.0,0.0
Bf7624958fab3,Se9ae4c661219,overhead,5.0,focus,0.0,1.0,0.0,0.0,0.0,0.0,0.0,0.0,0.0,0.0,0.0,0.0,0.0,0.0,0.0,0.0
Bf7624958fab3,Se9ae4c661219,overhead,6.0,focus,0.0,1.0,0.0,0.0,0.0,1.0,0.0,0.0,0.0,0.0,1.0,0.0,0.0,0.0,0.0,0.0
Bf7624958fab3,Se9ae4c661219,overhead,7.0,focus,0.0,1.0,0.0,0.0,0.0,1.0,0.0,0.0,0.0,0.0,1.0,0.0,0.0,0.0,0.0,0.0
Bf7624958fab3,Se9ae4c661219,overhead,8.0,focus,0.0,1.0,0.0,0.0,0.0,0.0,0.0,0.0,0.0,0.0,0.0,0.0,0.0,0.0,0.0,0.0
Bf7624958fab3,Se9ae4c661219,overhead,9.0,focus,0.0,1.0,0.0,0.0,0.0,0.0,0.0,0.0,0.0,0.0,0.0,0.0,0.0,0.0,0.0,0.0
Bf77ccb3d916b,S08ea3e793bb0,front,0.0,focus,1.0,0.0,0.0,0.0,0.0,0.0,0.0,0.0,0.0,0.0,0.0,0.0,0.0,0.0,0.0,0.0
Bf77ccb3d916b,S08ea3e793bb0,front,1.0,focus,1.0,0.0,0.0,0.0,0.0,0.0,0.0,0.0,0.0,0.0,0.0,0.0,0.0,0.0,0.0,0.0
Bf77ccb3d916b,S08ea3e793bb0,front,2.0,focus,1.0,0.0,0.0,0.0,0.0,0.0,0.0,0.0,0.0,0.0,0.0,0.0,0.0,0.0,0.0,0.0
Bf77ccb3d916b,S08ea3e793bb0,front,3.0,focus,1.0,0.0,0.0,0.0,0.0,0.0,0.0,0.0,0.0,0.0,0.0,0.0,0.0,0.0,0.0,0.0
Bf77ccb3d916b,S08ea3e793bb0,front,4.0,focus,1.0,0.0,0.0,0.0,0.0,0.0,0.0,0.0,0.0,0.0,0.0,0.0,0.0,0.0,0.0,0.0
Bf77ccb3d916b,S08ea3e793bb0,front,5.0,focus,1.0,0.0,0.0,0.0,0.0,0.0,0.0,0.0,0.0,0.0,0.0,0.0,0.0,0.0,0.0,0.0
Bf77ccb3d916b,S08ea3e793bb0,front,6.0,focus,1.0,0.0,0.0,0.0,0.0,0.0,0.0,0.0,0.0,0.0,0.0,0.0,0.0,0.0,0.0,0.0
Bf77ccb3d916b,S08ea3e793bb0,front,7.0,focus,1.0,0.0,0.0,0.0,0.0,0.0,0.0,0.0,0.0,0.0,0.0,0.0,0.0,0.0,0.0,0.0
Bf77ccb3d916b,S08ea3e793bb0,front,8.0,focus,1.0,0.0,0.0,0.0,0.0,0.0,0.0,0.0,0.0,0.0,0.0,0.0,0.0,0.0,0.0,0.0
Bf77ccb3d916b,S08ea3e793bb0,front,9.0,focus,1.0,0.0,0.0,0.0,0.0,0.0,0.0,0.0,0.0,0.0,0.0,0.0,0.0,0.0,0.0,0.0
Bf77ccb3d916b,S08ea3e793bb0,overhead,0.0,focus,0.0,1.0,0.0,0.0,0.0,0.0,0.0,0.0,0.0,0.0,1.0,0.0,0.0,0.0,0.0,0.0
Bf77ccb3d916b,S08ea3e793bb0,overhead,1.0,focus,0.0,1.0,0.0,0.0,0.0,0.0,0.0,0.0,0.0,0.0,1.0,0.0,0.0,0.0,0.0,0.0
Bf77ccb3d916b,S08ea3e793bb0,overhead,2.0,focus,0.0,1.0,0.0,0.0,0.0,0.0,0.0,0.0,0.0,0.0,1.0,0.0,0.0,0.0,0.0,0.0
Bf77ccb3d916b,S08ea3e793bb0,overhead,3.0,focus,0.0,1.0,0.0,0.0,0.0,0.0,0.0,0.0,0.0,0.0,0.0,0.0,0.0,0.0,0.0,0.0
Bf77ccb3d916b,S08ea3e793bb0,overhead,4.0,focus,0.0,1.0,0.0,0.0,0.0,0.0,0.0,0.0,0.0,0.0,1.0,0.0,0.0,0.0,0.0,0.0
Bf77ccb3d916b,S08ea3e793bb0,overhead,5.0,focus,0.0,1.0,0.0,0.0,0.0,0.0,0.0,0.0,0.0,0.0,1.0,0.0,0.0,0.0,0.0,0.0
Bf77ccb3d916b,S08ea3e793bb0,overhead,6.0,focus,0.0,1.0,0.0,0.0,0.0,0.0,0.0,0.0,0.0,0.0,1.0,0.0,0.0,0.0,0.0,0.0
Bf77ccb3d916b,S08ea3e793bb0,overhead,7.0,focus,0.0,1.0,0.0,0.0,0.0,0.0,0.0,0.0,0.0,0.0,0.0,0.0,0.0,0.0,0.0,0.0
Bf77ccb3d916b,S08ea3e793bb0,overhead,8.0,focus,0.0,1.0,0.0,0.0,0.0,0.0,0.0,0.0,0.0,0.0,1.0,0.0,0.0,0.0,0.0,0.0
Bf77ccb3d916b,S08ea3e793bb0,overhead,9.0,focus,0.0,1.0,0.0,0.0,0.0,0.0,0.0,0.0,0.0,0.0,0.0,0.0,0.0,0.0,0.0,0.0
Bf983293e2109,S38533928bb7e,front,1438.0,gaze_side,1.0,0.0,1.0,1.0,0.0,0.0,0.0,0.0,0.0,0.0,1.0,0.0,0.0,0.0,0.0,0.0
Bf983293e2109,S38533928bb7e,front,1439.0,gaze_side,1.0,0.0,1.0,1.0,0.0,0.0,0.0,0.0,0.0,0.0,1.0,0.0,0.0,0.0,0.0,0.0
Bf983293e2109,S38533928bb7e,front,1440.0,gaze_side,1.0,0.0,1.0,1.0,0.0,0.0,0.0,0.0,0.0,0.0,1.0,0.0,0.0,0.0,0.0,0.0
Bf983293e2109,S38533928bb7e,front,1441.0,gaze_side,1.0,0.0,1.0,1.0,0.0,0.0,0.0,0.0,0.0,0.0,1.0,0.0,0.0,0.0,0.0,0.0
Bf983293e2109,S38533928bb7e,front,1442.0,gaze_side,1.0,0.0,1.0,1.0,0.0,0.0,0.0,0.0,0.0,0.0,1.0,0.0,0.0,0.0,0.0,0.0
Bf983293e2109,S38533928bb7e,front,1443.0,gaze_side,1.0,0.0,1.0,1.0,0.0,0.0,0.0,0.0,0.0,0.0,1.0,0.0,0.0,0.0,0.0,0.0
Bf983293e2109,S38533928bb7e,front,1444.0,gaze_side,1.0,0.0,1.0,1.0,0.0,0.0,0.0,0.0,0.0,0.0,1.0,0.0,0.0,0.0,0.0,0.0
Bf983293e2109,S38533928bb7e,front,1445.0,gaze_side,1.0,0.0,1.0,1.0,0.0,0.0,0.0,0.0,0.0,0.0,1.0,0.0,0.0,0.0,0.0,0.0
Bf983293e2109,S38533928bb7e,front,1446.0,gaze_side,1.0,0.0,1.0,1.0,0.0,0.0,0.0,0.0,0.0,0.0,1.0,0.0,0.0,0.0,0.0,0.0
Bf983293e2109,S38533928bb7e,front,1447.0,gaze_side,1.0,0.0,1.0,1.0,0.0,0.0,0.0,0.0,0.0,0.0,1.0,0.0,0.0,0.0,0.0,0.0
Bf983293e2109,S38533928bb7e,overhead,1438.0,gaze_side,0.0,1.0,0.0,0.0,0.0,0.0,0.0,0.0,0.0,0.0,0.0,0.0,0.0,0.0,0.0,0.0
Bf983293e2109,S38533928bb7e,overhead,1439.0,gaze_side,0.0,1.0,0.0,0.0,0.0,0.0,0.0,0.0,0.0,0.0,0.0,0.0,0.0,0.0,0.0,0.0
Bf983293e2109,S38533928bb7e,overhead,1440.0,gaze_side,0.0,1.0,0.0,0.0,0.0,0.0,0.0,0.0,0.0,0.0,0.0,0.0,0.0,0.0,0.0,0.0
Bf983293e2109,S38533928bb7e,overhead,1441.0,gaze_side,0.0,1.0,0.0,0.0,0.0,0.0,0.0,0.0,0.0,0.0,0.0,0.0,0.0,0.0,0.0,0.0
Bf983293e2109,S38533928bb7e,overhead,1442.0,gaze_side,0.0,1.0,0.0,0.0,0.0,0.0,0.0,0.0,0.0,0.0,0.0,0.0,0.0,0.0,0.0,0.0
Bf983293e2109,S38533928bb7e,overhead,1443.0,gaze_side,0.0,1.0,0.0,0.0,0.0,0.0,0.0,0.0,0.0,0.0,0.0,0.0,0.0,0.0,0.0,0.0
Bf983293e2109,S38533928bb7e,overhead,1444.0,gaze_side,0.0,1.0,0.0,0.0,0.0,0.0,0.0,0.0,0.0,0.0,0.0,0.0,0.0,0.0,0.0,0.0
Bf983293e2109,S38533928bb7e,overhead,1445.0,gaze_side,0.0,1.0,0.0,0.0,0.0,0.0,0.0,0.0,0.0,0.0,0.0,0.0,0.0,0.0,0.0,0.0
Bf983293e2109,S38533928bb7e,overhead,1446.0,gaze_side,0.0,1.0,0.0,0.0,0.0,0.0,0.0,0.0,0.0,0.0,0.0,0.0,0.0,0.0,0.0,0.0
Bf983293e2109,S38533928bb7e,overhead,1447.0,gaze_side,0.0,1.0,0.0,0.0,0.0,0.0,0.0,0.0,0.0,0.0,0.0,0.0,0.0,0.0,0.0,0.0
Bf9a084b6b05f,Sf8cdbc0a93cc,front,0.0,focus,1.0,0.0,1.0,0.0,0.0,0.0,0.0,0.0,0.0,0.0,0.0,0.0,0.0,0.0,0.0,0.0
Bf9a084b6b05f,Sf8cdbc0a93cc,front,1.0,focus,1.0,0.0,1.0,0.0,0.0,0.0,0.0,0.0,0.0,0.0,0.0,0.0,0.0,0.0,0.0,0.0
Bf9a084b6b05f,Sf8cdbc0a93cc,front,2.0,focus,1.0,0.0,1.0,0.0,0.0,0.0,0.0,0.0,0.0,0.0,0.0,0.0,0.0,0.0,0.0,0.0
Bf9a084b6b05f,Sf8cdbc0a93cc,front,3.0,focus,1.0,0.0,1.0,0.0,0.0,0.0,0.0,0.0,0.0,0.0,0.0,0.0,0.0,0.0,0.0,0.0
Bf9a084b6b05f,Sf8cdbc0a93cc,front,4.0,focus,1.0,0.0,1.0,0.0,0.0,0.0,0.0,0.0,0.0,0.0,0.0,0.0,0.0,0.0,0.0,0.0
Bf9a084b6b05f,Sf8cdbc0a93cc,front,5.0,focus,1.0,0.0,1.0,0.0,0.0,0.0,0.0,0.0,0.0,0.0,0.0,0.0,0.0,0.0,0.0,0.0
Bf9a084b6b05f,Sf8cdbc0a93cc,front,6.0,focus,1.0,0.0,1.0,0.0,0.0,0.0,0.0,0.0,0.0,0.0,0.0,0.0,0.0,0.0,0.0,0.0
Bf9a084b6b05f,Sf8cdbc0a93cc,front,7.0,focus,1.0,0.0,1.0,0.0,0.0,0.0,1.0,1.0,0.0,1.0,0.0,0.0,0.0,0.0,0.0,0.0
Bf9a084b6b05f,Sf8cdbc0a93cc,front,8.0,focus,1.0,0.0,1.0,0.0,0.0,0.0,0.0,0.0,0.0,0.0,0.0,0.0,0.0,0.0,0.0,0.0
Bf9a084b6b05f,Sf8cdbc0a93cc,front,9.0,focus,1.0,0.0,1.0,0.0,0.0,0.0,0.0,0.0,0.0,0.0,0.0,0.0,0.0,0.0,0.0,0.0
Bf9a084b6b05f,Sf8cdbc0a93cc,overhead,0.0,focus,0.0,1.0,0.0,0.0,0.0,0.0,0.0,0.0,0.0,0.0,0.0,0.0,0.0,0.0,0.0,0.0
Bf9a084b6b05f,Sf8cdbc0a93cc,overhead,1.0,focus,0.0,1.0,0.0,0.0,0.0,0.0,0.0,0.0,0.0,0.0,0.0,0.0,0.0,0.0,0.0,0.0
Bf9a084b6b05f,Sf8cdbc0a93cc,overhead,2.0,focus,0.0,1.0,0.0,0.0,0.0,0.0,0.0,0.0,0.0,0.0,0.0,0.0,0.0,0.0,0.0,0.0
Bf9a084b6b05f,Sf8cdbc0a93cc,overhead,3.0,focus,0.0,1.0,0.0,0.0,0.0,0.0,0.0,0.0,0.0,0.0,0.0,0.0,0.0,0.0,0.0,0.0
Bf9a084b6b05f,Sf8cdbc0a93cc,overhead,4.0,focus,0.0,1.0,0.0,0.0,0.0,0.0,0.0,0.0,0.0,0.0,0.0,0.0,0.0,0.0,0.0,0.0
Bf9a084b6b05f,Sf8cdbc0a93cc,overhead,5.0,focus,0.0,1.0,0.0,0.0,0.0,0.0,0.0,0.0,0.0,0.0,0.0,0.0,0.0,0.0,0.0,0.0
Bf9a084b6b05f,Sf8cdbc0a93cc,overhead,6.0,focus,0.0,1.0,0.0,0.0,0.0,0.0,0.0,0.0,0.0,0.0,0.0,0.0,0.0,0.0,0.0,0.0
Bf9a084b6b05f,Sf8cdbc0a93cc,overhead,7.0,focus,0.0,1.0,0.0,0.0,0.0,0.0,0.0,0.0,0.0,0.0,0.0,0.0,0.0,0.0,0.0,0.0
Bf9a084b6b05f,Sf8cdbc0a93cc,overhead,8.0,focus,0.0,1.0,0.0,0.0,0.0,0.0,0.0,0.0,0.0,0.0,0.0,0.0,0.0,0.0,0.0,0.0
Bf9a084b6b05f,Sf8cdbc0a93cc,overhead,9.0,focus,0.0,1.0,0.0,0.0,0.0,0.0,0.0,0.0,0.0,0.0,0.0,0.0,0.0,0.0,0.0,0.0
Bfb793b4fecc1,Sd507e72fb21a,front,0.0,unknown,1.0,0.0,0.0,0.0,0.0,0.0,0.0,0.0,0.0,0.0,0.0,0.0,0.0,0.0,0.0,0.0
Bfb793b4fecc1,Sd507e72fb21a,front,1.0,unknown,1.0,0.0,0.0,0.0,0.0,0.0,0.0,0.0,0.0,0.0,0.0,0.0,0.0,0.0,0.0,0.0
Bfb793b4fecc1,Sd507e72fb21a,front,2.0,unknown,1.0,0.0,0.0,0.0,0.0,0.0,0.0,0.0,0.0,0.0,0.0,0.0,0.0,0.0,0.0,0.0
Bfb793b4fecc1,Sd507e72fb21a,front,3.0,unknown,1.0,0.0,0.0,0.0,0.0,0.0,0.0,0.0,0.0,0.0,0.0,0.0,0.0,0.0,0.0,0.0
Bfb793b4fecc1,Sd507e72fb21a,front,4.0,unknown,1.0,0.0,0.0,0.0,0.0,0.0,0.0,0.0,0.0,0.0,0.0,0.0,0.0,0.0,0.0,0.0
Bfb793b4fecc1,Sd507e72fb21a,front,5.0,unknown,1.0,0.0,0.0,0.0,0.0,0.0,0.0,0.0,0.0,0.0,0.0,0.0,0.0,0.0,0.0,0.0
Bfb793b4fecc1,Sd507e72fb21a,front,6.0,unknown,1.0,0.0,0.0,0.0,0.0,0.0,0.0,0.0,0.0,0.0,0.0,0.0,0.0,0.0,0.0,0.0
Bfb793b4fecc1,Sd507e72fb21a,front,7.0,unknown,1.0,0.0,0.0,0.0,0.0,0.0,0.0,0.0,0.0,0.0,0.0,0.0,0.0,0.0,0.0,0.0
Bfb793b4fecc1,Sd507e72fb21a,front,8.0,unknown,1.0,0.0,0.0,0.0,0.0,0.0,0.0,0.0,0.0,0.0,0.0,0.0,0.0,0.0,0.0,0.0
Bfb793b4fecc1,Sd507e72fb21a,front,9.0,unknown,1.0,0.0,0.0,0.0,0.0,0.0,0.0,0.0,0.0,0.0,0.0,0.0,0.0,0.0,0.0,0.0
Bfb793b4fecc1,Sd507e72fb21a,overhead,0.0,unknown,0.0,1.0,0.0,0.0,0.0,0.0,0.0,0.0,0.0,0.0,0.0,0.0,0.0,0.0,0.0,0.0
Bfb793b4fecc1,Sd507e72fb21a,overhead,1.0,unknown,0.0,1.0,0.0,0.0,0.0,0.0,0.0,0.0,0.0,0.0,0.0,0.0,0.0,0.0,0.0,0.0
Bfb793b4fecc1,Sd507e72fb21a,overhead,2.0,unknown,0.0,1.0,0.0,0.0,0.0,0.0,0.0,0.0,0.0,0.0,0.0,0.0,0.0,0.0,0.0,0.0
Bfb793b4fecc1,Sd507e72fb21a,overhead,3.0,unknown,0.0,1.0,0.0,0.0,0.0,0.0,0.0,0.0,0.0,0.0,0.0,0.0,0.0,0.0,0.0,0.0
Bfb793b4fecc1,Sd507e72fb21a,overhead,4.0,unknown,0.0,1.0,0.0,0.0,0.0,0.0,0.0,0.0,0.0,0.0,0.0,0.0,0.0,0.0,0.0,0.0
Bfb793b4fecc1,Sd507e72fb21a,overhead,5.0,unknown,0.0,1.0,0.0,0.0,0.0,0.0,0.0,0.0,0.0,0.0,0.0,0.0,0.0,0.0,0.0,0.0
Bfb793b4fecc1,Sd507e72fb21a,overhead,6.0,unknown,0.0,1.0,0.0,0.0,0.0,0.0,0.0,0.0,0.0,0.0,0.0,0.0,0.0,0.0,0.0,0.0
Bfb793b4fecc1,Sd507e72fb21a,overhead,7.0,unknown,0.0,1.0,0.0,0.0,0.0,0.0,0.0,0.0,0.0,0.0,0.0,0.0,0.0,0.0,0.0,0.0
Bfb793b4fecc1,Sd507e72fb21a,overhead,8.0,unknown,0.0,1.0,0.0,0.0,0.0,0.0,0.0,0.0,0.0,0.0,0.0,0.0,0.0,0.0,0.0,0.0
Bfb793b4fecc1,Sd507e72fb21a,overhead,9.0,unknown,0.0,1.0,0.0,0.0,0.0,0.0,0.0,0.0,0.0,0.0,0.0,0.0,0.0,0.0,0.0,0.0
Bfbc7742df914,S8bb31e565816,front,0.0,focus,1.0,0.0,1.0,0.0,0.0,0.0,0.0,0.0,0.0,0.0,0.0,0.0,0.0,0.0,0.0,0.0
Bfbc7742df914,S8bb31e565816,front,1.0,focus,1.0,0.0,1.0,0.0,0.0,0.0,0.0,0.0,0.0,0.0,0.0,0.0,0.0,0.0,0.0,0.0
Bfbc7742df914,S8bb31e565816,front,2.0,focus,1.0,0.0,1.0,0.0,0.0,0.0,0.0,0.0,0.0,0.0,0.0,0.0,0.0,0.0,0.0,0.0
Bfbc7742df914,S8bb31e565816,front,3.0,focus,1.0,0.0,1.0,0.0,0.0,0.0,0.0,0.0,0.0,0.0,0.0,0.0,0.0,0.0,0.0,0.0
Bfbc7742df914,S8bb31e565816,front,4.0,focus,1.0,0.0,1.0,0.0,0.0,0.0,0.0,0.0,0.0,0.0,0.0,0.0,0.0,0.0,0.0,0.0
Bfbc7742df914,S8bb31e565816,front,5.0,focus,1.0,0.0,1.0,0.0,0.0,0.0,0.0,0.0,0.0,0.0,0.0,0.0,0.0,0.0,0.0,0.0
Bfbc7742df914,S8bb31e565816,front,6.0,focus,1.0,0.0,1.0,0.0,0.0,0.0,0.0,0.0,0.0,0.0,1.0,0.0,0.0,0.0,0.0,0.0
Bfbc7742df914,S8bb31e565816,front,7.0,focus,1.0,0.0,1.0,0.0,0.0,0.0,0.0,0.0,0.0,0.0,0.0,0.0,0.0,0.0,0.0,0.0
Bfbc7742df914,S8bb31e565816,front,8.0,focus,1.0,0.0,1.0,0.0,0.0,0.0,0.0,0.0,0.0,0.0,0.0,0.0,0.0,0.0,0.0,0.0
Bfbc7742df914,S8bb31e565816,front,9.0,focus,1.0,0.0,1.0,0.0,0.0,0.0,0.0,0.0,0.0,0.0,0.0,0.0,0.0,0.0,0.0,0.0
Bfbc7742df914,S8bb31e565816,overhead,0.0,focus,0.0,1.0,0.0,0.0,0.0,0.0,0.0,0.0,0.0,0.0,0.0,0.0,0.0,0.0,0.0,0.0
Bfbc7742df914,S8bb31e565816,overhead,1.0,focus,0.0,1.0,0.0,0.0,0.0,0.0,0.0,0.0,0.0,0.0,0.0,0.0,0.0,0.0,0.0,0.0
Bfbc7742df914,S8bb31e565816,overhead,2.0,focus,0.0,1.0,0.0,0.0,0.0,0.0,0.0,0.0,0.0,0.0,0.0,0.0,0.0,0.0,0.0,0.0
Bfbc7742df914,S8bb31e565816,overhead,3.0,focus,0.0,1.0,0.0,0.0,0.0,0.0,0.0,0.0,0.0,0.0,0.0,0.0,0.0,0.0,0.0,0.0
Bfbc7742df914,S8bb31e565816,overhead,4.0,focus,0.0,1.0,0.0,0.0,0.0,0.0,0.0,0.0,0.0,0.0,0.0,0.0,0.0,0.0,0.0,0.0
Bfbc7742df914,S8bb31e565816,overhead,5.0,focus,0.0,1.0,0.0,0.0,0.0,0.0,0.0,0.0,0.0,0.0,0.0,0.0,0.0,0.0,0.0,0.0
Bfbc7742df914,S8bb31e565816,overhead,6.0,focus,0.0,1.0,0.0,0.0,0.0,0.0,0.0,0.0,0.0,0.0,0.0,0.0,0.0,0.0,0.0,0.0
Bfbc7742df914,S8bb31e565816,overhead,7.0,focus,0.0,1.0,0.0,0.0,0.0,0.0,0.0,0.0,0.0,0.0,0.0,0.0,0.0,0.0,0.0,0.0
Bfbc7742df914,S8bb31e565816,overhead,8.0,focus,0.0,1.0,0.0,0.0,0.0,0.0,0.0,0.0,0.0,0.0,0.0,0.0,0.0,0.0,0.0,0.0
Bfbc7742df914,S8bb31e565816,overhead,9.0,focus,0.0,1.0,0.0,0.0,0.0,0.0,0.0,0.0,0.0,0.0,0.0,0.0,0.0,0.0,0.0,0.0
Bfc5341bc5651,Sd507e72fb21a,front,0.0,unknown,1.0,0.0,0.0,0.0,0.0,0.0,0.0,0.0,0.0,0.0,0.0,0.0,0.0,0.0,0.0,0.0
Bfc5341bc5651,Sd507e72fb21a,front,1.0,unknown,1.0,0.0,0.0,0.0,0.0,0.0,0.0,0.0,0.0,0.0,0.0,0.0,0.0,0.0,0.0,0.0
Bfc5341bc5651,Sd507e72fb21a,front,2.0,unknown,1.0,0.0,0.0,0.0,0.0,0.0,0.0,0.0,0.0,0.0,0.0,0.0,0.0,0.0,0.0,0.0
Bfc5341bc5651,Sd507e72fb21a,front,3.0,unknown,1.0,0.0,0.0,0.0,0.0,0.0,0.0,0.0,0.0,0.0,0.0,0.0,0.0,0.0,0.0,0.0
Bfc5341bc5651,Sd507e72fb21a,front,4.0,unknown,1.0,0.0,0.0,0.0,0.0,0.0,0.0,0.0,0.0,0.0,0.0,0.0,0.0,0.0,0.0,0.0
Bfc5341bc5651,Sd507e72fb21a,front,5.0,unknown,1.0,0.0,0.0,0.0,0.0,0.0,0.0,0.0,0.0,0.0,0.0,0.0,0.0,0.0,0.0,0.0
Bfc5341bc5651,Sd507e72fb21a,front,6.0,unknown,1.0,0.0,0.0,0.0,0.0,0.0,0.0,0.0,0.0,0.0,0.0,0.0,0.0,0.0,0.0,0.0
Bfc5341bc5651,Sd507e72fb21a,front,7.0,unknown,1.0,0.0,0.0,0.0,0.0,0.0,0.0,0.0,0.0,0.0,0.0,0.0,0.0,0.0,0.0,0.0
Bfc5341bc5651,Sd507e72fb21a,front,8.0,unknown,1.0,0.0,0.0,0.0,0.0,0.0,0.0,0.0,0.0,0.0,0.0,0.0,0.0,0.0,0.0,0.0
Bfc5341bc5651,Sd507e72fb21a,front,9.0,unknown,1.0,0.0,0.0,0.0,0.0,0.0,0.0,0.0,0.0,0.0,0.0,0.0,0.0,0.0,0.0,0.0
Bfc5341bc5651,Sd507e72fb21a,overhead,0.0,unknown,0.0,1.0,0.0,0.0,0.0,0.0,0.0,0.0,0.0,0.0,0.0,0.0,0.0,0.0,0.0,0.0
Bfc5341bc5651,Sd507e72fb21a,overhead,1.0,unknown,0.0,1.0,0.0,0.0,0.0,0.0,0.0,0.0,0.0,0.0,0.0,0.0,0.0,0.0,0.0,0.0
Bfc5341bc5651,Sd507e72fb21a,overhead,2.0,unknown,0.0,1.0,0.0,0.0,0.0,0.0,0.0,0.0,0.0,0.0,0.0,0.0,0.0,0.0,0.0,0.0
Bfc5341bc5651,Sd507e72fb21a,overhead,3.0,unknown,0.0,1.0,0.0,0.0,0.0,0.0,0.0,0.0,0.0,0.0,0.0,0.0,0.0,0.0,0.0,0.0
Bfc5341bc5651,Sd507e72fb21a,overhead,4.0,unknown,0.0,1.0,0.0,0.0,0.0,0.0,0.0,0.0,0.0,0.0,0.0,0.0,0.0,0.0,0.0,0.0
Bfc5341bc5651,Sd507e72fb21a,overhead,5.0,unknown,0.0,1.0,0.0,0.0,0.0,0.0,0.0,0.0,0.0,0.0,0.0,0.0,0.0,0.0,0.0,0.0
Bfc5341bc5651,Sd507e72fb21a,overhead,6.0,unknown,0.0,1.0,0.0,0.0,0.0,0.0,0.0,0.0,0.0,0.0,0.0,0.0,0.0,0.0,0.0,0.0
Bfc5341bc5651,Sd507e72fb21a,overhead,7.0,unknown,0.0,1.0,0.0,0.0,0.0,0.0,0.0,0.0,0.0,0.0,0.0,0.0,0.0,0.0,0.0,0.0
Bfc5341bc5651,Sd507e72fb21a,overhead,8.0,unknown,0.0,1.0,0.0,0.0,0.0,0.0,0.0,0.0,0.0,0.0,0.0,0.0,0.0,0.0,0.0,0.0
Bfc5341bc5651,Sd507e72fb21a,overhead,9.0,unknown,0.0,1.0,0.0,0.0,0.0,0.0,0.0,0.0,0.0,0.0,0.0,0.0,0.0,0.0,0.0,0.0
Bfcbb5325c214,S8bb31e565816,front,0.0,gaze_side,1.0,0.0,0.0,0.0,0.0,1.0,0.0,0.0,0.0,0.0,1.0,0.0,0.0,0.0,0.0,0.0
Bfcbb5325c214,S8bb31e565816,front,1.0,gaze_side,1.0,0.0,0.0,0.0,0.0,1.0,0.0,0.0,0.0,0.0,1.0,0.0,0.0,0.0,0.0,0.0
Bfcbb5325c214,S8bb31e565816,front,2.0,gaze_side,1.0,0.0,0.0,0.0,0.0,1.0,0.0,0.0,0.0,0.0,1.0,0.0,0.0,0.0,0.0,0.0
Bfcbb5325c214,S8bb31e565816,front,3.0,gaze_side,1.0,0.0,0.0,0.0,0.0,1.0,0.0,0.0,0.0,0.0,1.0,0.0,0.0,0.0,0.0,0.0
Bfcbb5325c214,S8bb31e565816,front,4.0,gaze_side,1.0,0.0,1.0,0.0,0.0,0.0,0.0,0.0,0.0,0.0,0.0,0.0,0.0,0.0,0.0,0.0
Bfcbb5325c214,S8bb31e565816,front,5.0,gaze_side,1.0,0.0,1.0,0.0,0.0,1.0,0.0,0.0,0.0,0.0,1.0,0.0,0.0,0.0,0.0,0.0
Bfcbb5325c214,S8bb31e565816,front,6.0,gaze_side,1.0,0.0,0.0,0.0,0.0,1.0,0.0,0.0,0.0,0.0,1.0,0.0,0.0,0.0,0.0,0.0
Bfcbb5325c214,S8bb31e565816,front,7.0,gaze_side,1.0,0.0,0.0,0.0,0.0,1.0,0.0,0.0,0.0,0.0,1.0,0.0,0.0,0.0,0.0,0.0
Bfcbb5325c214,S8bb31e565816,front,8.0,gaze_side,1.0,0.0,0.0,0.0,0.0,1.0,0.0,0.0,0.0,0.0,1.0,0.0,0.0,0.0,0.0,0.0
Bfcbb5325c214,S8bb31e565816,front,9.0,gaze_side,1.0,0.0,1.0,0.0,0.0,1.0,0.0,0.0,0.0,0.0,1.0,0.0,0.0,0.0,0.0,0.0
Bfcbb5325c214,S8bb31e565816,overhead,0.0,gaze_side,0.0,1.0,0.0,0.0,0.0,0.0,0.0,0.0,0.0,0.0,0.0,0.0,0.0,0.0,0.0,0.0
Bfcbb5325c214,S8bb31e565816,overhead,1.0,gaze_side,0.0,1.0,0.0,0.0,0.0,0.0,0.0,0.0,0.0,0.0,0.0,0.0,0.0,0.0,0.0,0.0
Bfcbb5325c214,S8bb31e565816,overhead,2.0,gaze_side,0.0,1.0,0.0,0.0,0.0,0.0,0.0,0.0,0.0,0.0,1.0,0.0,0.0,0.0,0.0,0.0
Bfcbb5325c214,S8bb31e565816,overhead,3.0,gaze_side,0.0,1.0,0.0,0.0,0.0,0.0,0.0,0.0,0.0,0.0,0.0,0.0,0.0,0.0,0.0,0.0
Bfcbb5325c214,S8bb31e565816,overhead,4.0,gaze_side,0.0,1.0,0.0,0.0,0.0,0.0,0.0,0.0,0.0,0.0,0.0,0.0,0.0,0.0,0.0,0.0
Bfcbb5325c214,S8bb31e565816,overhead,5.0,gaze_side,0.0,1.0,0.0,0.0,0.0,0.0,0.0,0.0,0.0,0.0,0.0,0.0,0.0,0.0,0.0,0.0
Bfcbb5325c214,S8bb31e565816,overhead,6.0,gaze_side,0.0,1.0,0.0,0.0,0.0,0.0,0.0,0.0,0.0,0.0,0.0,0.0,0.0,0.0,0.0,0.0
Bfcbb5325c214,S8bb31e565816,overhead,7.0,gaze_side,0.0,1.0,0.0,0.0,0.0,0.0,0.0,0.0,0.0,0.0,0.0,0.0,0.0,0.0,0.0,0.0
Bfcbb5325c214,S8bb31e565816,overhead,8.0,gaze_side,0.0,1.0,0.0,0.0,0.0,0.0,0.0,0.0,0.0,0.0,0.0,0.0,0.0,0.0,0.0,0.0
Bfcbb5325c214,S8bb31e565816,overhead,9.0,gaze_side,0.0,1.0,0.0,0.0,0.0,0.0,0.0,0.0,0.0,0.0,0.0,0.0,0.0,0.0,0.0,0.0
Bfd25b7b7a70a,Sd507e72fb21a,front,0.0,unknown,1.0,0.0,0.0,0.0,0.0,0.0,0.0,0.0,0.0,0.0,0.0,0.0,0.0,0.0,0.0,0.0
Bfd25b7b7a70a,Sd507e72fb21a,front,1.0,unknown,1.0,0.0,0.0,0.0,0.0,0.0,0.0,0.0,0.0,0.0,0.0,0.0,0.0,0.0,0.0,0.0
Bfd25b7b7a70a,Sd507e72fb21a,front,2.0,unknown,1.0,0.0,0.0,0.0,0.0,0.0,0.0,0.0,0.0,0.0,0.0,0.0,0.0,0.0,0.0,0.0
Bfd25b7b7a70a,Sd507e72fb21a,front,3.0,unknown,1.0,0.0,0.0,0.0,0.0,0.0,0.0,0.0,0.0,0.0,0.0,0.0,0.0,0.0,0.0,0.0
Bfd25b7b7a70a,Sd507e72fb21a,front,4.0,unknown,1.0,0.0,0.0,0.0,0.0,0.0,0.0,0.0,0.0,0.0,0.0,0.0,0.0,0.0,0.0,0.0
Bfd25b7b7a70a,Sd507e72fb21a,front,5.0,unknown,1.0,0.0,0.0,0.0,0.0,0.0,0.0,0.0,0.0,0.0,0.0,0.0,0.0,0.0,0.0,0.0
Bfd25b7b7a70a,Sd507e72fb21a,front,6.0,unknown,1.0,0.0,0.0,0.0,0.0,0.0,0.0,0.0,0.0,0.0,0.0,0.0,0.0,0.0,0.0,0.0
Bfd25b7b7a70a,Sd507e72fb21a,front,7.0,unknown,1.0,0.0,0.0,0.0,0.0,0.0,0.0,0.0,0.0,0.0,0.0,0.0,0.0,0.0,0.0,0.0
Bfd25b7b7a70a,Sd507e72fb21a,front,8.0,unknown,1.0,0.0,0.0,0.0,0.0,0.0,0.0,0.0,0.0,0.0,0.0,0.0,0.0,0.0,0.0,0.0
Bfd25b7b7a70a,Sd507e72fb21a,front,9.0,unknown,1.0,0.0,0.0,0.0,0.0,0.0,0.0,0.0,0.0,0.0,0.0,0.0,0.0,0.0,0.0,0.0
Bfd25b7b7a70a,Sd507e72fb21a,overhead,0.0,unknown,0.0,1.0,0.0,0.0,0.0,0.0,0.0,0.0,0.0,0.0,0.0,0.0,0.0,0.0,0.0,0.0
Bfd25b7b7a70a,Sd507e72fb21a,overhead,1.0,unknown,0.0,1.0,0.0,0.0,0.0,0.0,0.0,0.0,0.0,0.0,0.0,0.0,0.0,0.0,0.0,0.0
Bfd25b7b7a70a,Sd507e72fb21a,overhead,2.0,unknown,0.0,1.0,0.0,0.0,0.0,0.0,0.0,0.0,0.0,0.0,0.0,0.0,0.0,0.0,0.0,0.0
Bfd25b7b7a70a,Sd507e72fb21a,overhead,3.0,unknown,0.0,1.0,0.0,0.0,0.0,0.0,0.0,0.0,0.0,0.0,0.0,0.0,0.0,0.0,0.0,0.0
Bfd25b7b7a70a,Sd507e72fb21a,overhead,4.0,unknown,0.0,1.0,0.0,0.0,0.0,0.0,0.0,0.0,0.0,0.0,0.0,0.0,0.0,0.0,0.0,0.0
Bfd25b7b7a70a,Sd507e72fb21a,overhead,5.0,unknown,0.0,1.0,0.0,0.0,0.0,0.0,0.0,0.0,0.0,0.0,0.0,0.0,0.0,0.0,0.0,0.0
Bfd25b7b7a70a,Sd507e72fb21a,overhead,6.0,unknown,0.0,1.0,0.0,0.0,0.0,0.0,0.0,0.0,0.0,0.0,0.0,0.0,0.0,0.0,0.0,0.0
Bfd25b7b7a70a,Sd507e72fb21a,overhead,7.0,unknown,0.0,1.0,0.0,0.0,0.0,0.0,0.0,0.0,0.0,0.0,0.0,0.0,0.0,0.0,0.0,0.0
Bfd25b7b7a70a,Sd507e72fb21a,overhead,8.0,unknown,0.0,1.0,0.0,0.0,0.0,0.0,0.0,0.0,0.0,0.0,0.0,0.0,0.0,0.0,0.0,0.0
Bfd25b7b7a70a,Sd507e72fb21a,overhead,9.0,unknown,0.0,1.0,0.0,0.0,0.0,0.0,0.0,0.0,0.0,0.0,0.0,0.0,0.0,0.0,0.0,0.0
Bfebb98439f6f,S38533928bb7e,front,4335.0,drowsy,1.0,0.0,1.0,0.0,0.0,0.0,1.0,0.0,1.0,1.0,0.0,1.0,0.0,0.0,0.0,0.0
Bfebb98439f6f,S38533928bb7e,front,4336.0,drowsy,1.0,0.0,1.0,0.0,0.0,0.0,1.0,0.0,1.0,1.0,0.0,1.0,0.0,0.0,0.0,0.0
Bfebb98439f6f,S38533928bb7e,front,4337.0,drowsy,1.0,0.0,1.0,0.0,0.0,0.0,1.0,0.0,1.0,1.0,0.0,1.0,0.0,0.0,0.0,0.0
Bfebb98439f6f,S38533928bb7e,front,4338.0,drowsy,1.0,0.0,1.0,0.0,0.0,0.0,1.0,0.0,1.0,1.0,0.0,1.0,0.0,0.0,0.0,0.0
Bfebb98439f6f,S38533928bb7e,front,4339.0,drowsy,1.0,0.0,1.0,0.0,0.0,0.0,1.0,0.0,1.0,1.0,0.0,1.0,0.0,0.0,0.0,0.0
Bfebb98439f6f,S38533928bb7e,front,4340.0,drowsy,1.0,0.0,1.0,0.0,0.0,0.0,0.0,0.0,0.0,0.0,0.0,0.0,0.0,0.0,0.0,0.0
Bfebb98439f6f,S38533928bb7e,front,4341.0,drowsy,1.0,0.0,1.0,0.0,0.0,0.0,1.0,0.0,0.0,1.0,0.0,0.0,0.0,0.0,0.0,0.0
Bfebb98439f6f,S38533928bb7e,front,4342.0,drowsy,1.0,0.0,1.0,0.0,0.0,0.0,1.0,0.0,0.0,1.0,0.0,0.0,0.0,0.0,0.0,0.0
Bfebb98439f6f,S38533928bb7e,overhead,4335.0,drowsy,0.0,1.0,0.0,0.0,0.0,0.0,0.0,0.0,0.0,0.0,0.0,0.0,0.0,0.0,0.0,0.0
Bfebb98439f6f,S38533928bb7e,overhead,4336.0,drowsy,0.0,1.0,0.0,0.0,0.0,0.0,0.0,0.0,0.0,0.0,0.0,0.0,0.0,0.0,0.0,0.0
Bfebb98439f6f,S38533928bb7e,overhead,4337.0,drowsy,0.0,1.0,0.0,0.0,0.0,0.0,0.0,0.0,0.0,0.0,0.0,0.0,0.0,0.0,0.0,0.0
Bfebb98439f6f,S38533928bb7e,overhead,4338.0,drowsy,0.0,1.0,0.0,0.0,0.0,0.0,0.0,0.0,0.0,0.0,0.0,0.0,0.0,0.0,0.0,0.0
Bfebb98439f6f,S38533928bb7e,overhead,4339.0,drowsy,0.0,1.0,0.0,0.0,0.0,0.0,0.0,0.0,0.0,0.0,0.0,0.0,0.0,0.0,0.0,0.0
Bfebb98439f6f,S38533928bb7e,overhead,4340.0,drowsy,0.0,1.0,0.0,0.0,0.0,0.0,0.0,0.0,0.0,0.0,0.0,0.0,0.0,0.0,0.0,0.0
Bfebb98439f6f,S38533928bb7e,overhead,4341.0,drowsy,0.0,1.0,0.0,0.0,0.0,0.0,0.0,0.0,0.0,0.0,0.0,0.0,0.0,0.0,0.0,0.0
Bfebb98439f6f,S38533928bb7e,overhead,4342.0,drowsy,0.0,1.0,0.0,0.0,0.0,0.0,0.0,0.0,0.0,0.0,0.0,0.0,0.0,0.0,0.0,0.0
Bfee3f95bff1f,S38533928bb7e,front,4325.0,drowsy,1.0,0.0,1.0,0.0,0.0,0.0,1.0,0.0,1.0,1.0,0.0,1.0,0.0,0.0,0.0,0.0
Bfee3f95bff1f,S38533928bb7e,front,4326.0,drowsy,1.0,0.0,1.0,0.0,0.0,0.0,1.0,0.0,1.0,1.0,0.0,1.0,0.0,0.0,0.0,0.0
Bfee3f95bff1f,S38533928bb7e,front,4327.0,drowsy,1.0,0.0,1.0,0.0,0.0,0.0,1.0,0.0,1.0,1.0,0.0,1.0,0.0,0.0,0.0,0.0
Bfee3f95bff1f,S38533928bb7e,front,4328.0,drowsy,1.0,0.0,1.0,0.0,0.0,0.0,1.0,0.0,1.0,1.0,0.0,1.0,0.0,0.0,0.0,0.0
Bfee3f95bff1f,S38533928bb7e,front,4329.0,drowsy,1.0,0.0,1.0,0.0,0.0,0.0,1.0,0.0,1.0,1.0,0.0,1.0,0.0,0.0,0.0,0.0
Bfee3f95bff1f,S38533928bb7e,front,4330.0,drowsy,1.0,0.0,1.0,0.0,0.0,0.0,1.0,0.0,1.0,1.0,0.0,1.0,0.0,0.0,0.0,0.0
Bfee3f95bff1f,S38533928bb7e,front,4331.0,drowsy,1.0,0.0,1.0,0.0,0.0,0.0,1.0,0.0,1.0,1.0,0.0,1.0,0.0,0.0,0.0,0.0
Bfee3f95bff1f,S38533928bb7e,front,4332.0,drowsy,1.0,0.0,1.0,0.0,0.0,0.0,1.0,0.0,1.0,1.0,0.0,1.0,0.0,0.0,0.0,0.0
Bfee3f95bff1f,S38533928bb7e,front,4333.0,drowsy,1.0,0.0,1.0,0.0,0.0,0.0,1.0,0.0,1.0,1.0,0.0,1.0,0.0,0.0,0.0,0.0
Bfee3f95bff1f,S38533928bb7e,front,4334.0,drowsy,1.0,0.0,1.0,0.0,0.0,0.0,1.0,0.0,1.0,1.0,0.0,1.0,0.0,0.0,0.0,0.0
Bfee3f95bff1f,S38533928bb7e,overhead,4325.0,drowsy,0.0,1.0,0.0,0.0,0.0,0.0,0.0,0.0,0.0,0.0,0.0,0.0,0.0,0.0,0.0,0.0
Bfee3f95bff1f,S38533928bb7e,overhead,4326.0,drowsy,0.0,1.0,0.0,0.0,0.0,0.0,0.0,0.0,0.0,0.0,0.0,0.0,0.0,0.0,0.0,0.0
Bfee3f95bff1f,S38533928bb7e,overhead,4327.0,drowsy,0.0,1.0,0.0,0.0,0.0,0.0,0.0,0.0,0.0,0.0,0.0,0.0,0.0,0.0,0.0,0.0
Bfee3f95bff1f,S38533928bb7e,overhead,4328.0,drowsy,0.0,1.0,0.0,0.0,0.0,0.0,0.0,0.0,0.0,0.0,0.0,0.0,0.0,0.0,0.0,0.0
Bfee3f95bff1f,S38533928bb7e,overhead,4329.0,drowsy,0.0,1.0,0.0,0.0,0.0,0.0,0.0,0.0,0.0,0.0,0.0,0.0,0.0,0.0,0.0,0.0
Bfee3f95bff1f,S38533928bb7e,overhead,4330.0,drowsy,0.0,1.0,0.0,0.0,0.0,0.0,0.0,0.0,0.0,0.0,0.0,0.0,0.0,0.0,0.0,0.0
Bfee3f95bff1f,S38533928bb7e,overhead,4331.0,drowsy,0.0,1.0,0.0,0.0,0.0,0.0,0.0,0.0,0.0,0.0,0.0,0.0,0.0,0.0,0.0,0.0
Bfee3f95bff1f,S38533928bb7e,overhead,4332.0,drowsy,0.0,1.0,0.0,0.0,0.0,0.0,0.0,0.0,0.0,0.0,0.0,0.0,0.0,0.0,0.0,0.0
Bfee3f95bff1f,S38533928bb7e,overhead,4333.0,drowsy,0.0,1.0,0.0,0.0,0.0,0.0,0.0,0.0,0.0,0.0,0.0,0.0,0.0,0.0,0.0,0.0
Bfee3f95bff1f,S38533928bb7e,overhead,4334.0,drowsy,0.0,1.0,0.0,0.0,0.0,0.0,0.0,0.0,0.0,0.0,0.0,0.0,0.0,0.0,0.0,0.0
Bff0c016c818a,S38533928bb7e,front,3483.0,drowsy,1.0,0.0,1.0,0.0,0.0,0.0,1.0,0.0,1.0,1.0,0.0,1.0,0.0,0.0,0.0,0.0
Bff0c016c818a,S38533928bb7e,front,3484.0,drowsy,1.0,0.0,1.0,0.0,0.0,0.0,1.0,0.0,1.0,1.0,1.0,1.0,0.0,0.0,0.0,0.0
Bff0c016c818a,S38533928bb7e,front,3485.0,drowsy,1.0,0.0,1.0,0.0,0.0,0.0,1.0,0.0,1.0,1.0,0.0,1.0,0.0,0.0,0.0,0.0
Bff0c016c818a,S38533928bb7e,front,3486.0,drowsy,1.0,0.0,1.0,0.0,0.0,0.0,1.0,0.0,1.0,1.0,0.0,1.0,0.0,0.0,0.0,0.0
Bff0c016c818a,S38533928bb7e,front,3487.0,drowsy,1.0,0.0,1.0,0.0,0.0,0.0,1.0,0.0,1.0,1.0,0.0,1.0,0.0,0.0,0.0,0.0
Bff0c016c818a,S38533928bb7e,front,3488.0,drowsy,1.0,0.0,1.0,0.0,0.0,0.0,1.0,0.0,1.0,1.0,0.0,1.0,0.0,0.0,0.0,0.0
Bff0c016c818a,S38533928bb7e,front,3489.0,drowsy,1.0,0.0,1.0,0.0,0.0,0.0,0.0,0.0,0.0,0.0,0.0,0.0,0.0,0.0,0.0,0.0
Bff0c016c818a,S38533928bb7e,front,3490.0,drowsy,1.0,0.0,1.0,0.0,0.0,0.0,0.0,0.0,0.0,0.0,0.0,0.0,0.0,0.0,0.0,0.0
Bff0c016c818a,S38533928bb7e,overhead,3483.0,drowsy,0.0,1.0,0.0,0.0,0.0,0.0,0.0,0.0,0.0,0.0,0.0,0.0,0.0,0.0,0.0,0.0
Bff0c016c818a,S38533928bb7e,overhead,3484.0,drowsy,0.0,1.0,0.0,0.0,0.0,0.0,0.0,0.0,0.0,0.0,0.0,0.0,0.0,0.0,0.0,0.0
Bff0c016c818a,S38533928bb7e,overhead,3485.0,drowsy,0.0,1.0,0.0,0.0,0.0,0.0,0.0,0.0,0.0,0.0,0.0,0.0,0.0,0.0,0.0,0.0
Bff0c016c818a,S38533928bb7e,overhead,3486.0,drowsy,0.0,1.0,0.0,0.0,0.0,0.0,0.0,0.0,0.0,0.0,0.0,0.0,0.0,0.0,0.0,0.0
Bff0c016c818a,S38533928bb7e,overhead,3487.0,drowsy,0.0,1.0,0.0,0.0,0.0,0.0,0.0,0.0,0.0,0.0,0.0,0.0,0.0,0.0,0.0,0.0
Bff0c016c818a,S38533928bb7e,overhead,3488.0,drowsy,0.0,1.0,0.0,0.0,0.0,0.0,0.0,0.0,0.0,0.0,0.0,0.0,0.0,0.0,0.0,0.0
Bff0c016c818a,S38533928bb7e,overhead,3489.0,drowsy,0.0,1.0,0.0,0.0,0.0,0.0,0.0,0.0,0.0,0.0,0.0,0.0,0.0,0.0,0.0,0.0
Bff0c016c818a,S38533928bb7e,overhead,3490.0,drowsy,0.0,1.0,0.0,0.0,0.0,0.0,0.0,0.0,0.0,0.0,0.0,0.0,0.0,0.0,0.0,0.0
Bffee9d076d50,Sf8cdbc0a93cc,front,0.0,focus,1.0,0.0,1.0,0.0,0.0,0.0,0.0,0.0,0.0,0.0,1.0,0.0,0.0,0.0,0.0,0.0
Bffee9d076d50,Sf8cdbc0a93cc,front,1.0,focus,1.0,0.0,1.0,0.0,0.0,0.0,0.0,0.0,0.0,0.0,1.0,0.0,0.0,0.0,0.0,0.0
Bffee9d076d50,Sf8cdbc0a93cc,front,2.0,focus,1.0,0.0,1.0,0.0,0.0,0.0,0.0,0.0,0.0,0.0,0.0,0.0,0.0,0.0,0.0,0.0
Bffee9d076d50,Sf8cdbc0a93cc,front,3.0,focus,1.0,0.0,1.0,0.0,0.0,0.0,1.0,1.0,0.0,1.0,0.0,0.0,0.0,0.0,0.0,0.0
Bffee9d076d50,Sf8cdbc0a93cc,front,4.0,focus,1.0,0.0,1.0,0.0,0.0,0.0,0.0,0.0,0.0,0.0,0.0,0.0,0.0,0.0,0.0,0.0
Bffee9d076d50,Sf8cdbc0a93cc,front,5.0,focus,1.0,0.0,1.0,0.0,0.0,0.0,0.0,0.0,0.0,0.0,0.0,0.0,0.0,0.0,0.0,0.0
Bffee9d076d50,Sf8cdbc0a93cc,front,6.0,focus,1.0,0.0,1.0,0.0,0.0,0.0,1.0,0.0,0.0,1.0,0.0,0.0,0.0,0.0,0.0,0.0
Bffee9d076d50,Sf8cdbc0a93cc,front,7.0,focus,1.0,0.0,1.0,0.0,0.0,0.0,1.0,0.0,0.0,1.0,0.0,0.0,0.0,0.0,0.0,0.0
Bffee9d076d50,Sf8cdbc0a93cc,front,8.0,focus,1.0,0.0,1.0,0.0,0.0,0.0,0.0,0.0,0.0,0.0,1.0,0.0,0.0,0.0,0.0,0.0
Bffee9d076d50,Sf8cdbc0a93cc,front,9.0,focus,1.0,0.0,1.0,0.0,0.0,0.0,0.0,0.0,0.0,0.0,1.0,0.0,0.0,0.0,0.0,0.0
Bffee9d076d50,Sf8cdbc0a93cc,overhead,0.0,focus,0.0,1.0,0.0,0.0,0.0,0.0,0.0,0.0,0.0,0.0,0.0,0.0,0.0,0.0,0.0,0.0
Bffee9d076d50,Sf8cdbc0a93cc,overhead,1.0,focus,0.0,1.0,0.0,0.0,0.0,0.0,0.0,0.0,0.0,0.0,0.0,0.0,0.0,0.0,0.0,0.0
Bffee9d076d50,Sf8cdbc0a93cc,overhead,2.0,focus,0.0,1.0,0.0,0.0,0.0,0.0,0.0,0.0,0.0,0.0,0.0,0.0,0.0,0.0,0.0,0.0
Bffee9d076d50,Sf8cdbc0a93cc,overhead,3.0,focus,0.0,1.0,0.0,0.0,0.0,0.0,0.0,0.0,0.0,0.0,0.0,0.0,0.0,0.0,0.0,0.0
Bffee9d076d50,Sf8cdbc0a93cc,overhead,4.0,focus,0.0,1.0,0.0,0.0,0.0,0.0,0.0,0.0,0.0,0.0,0.0,0.0,0.0,0.0,0.0,0.0
Bffee9d076d50,Sf8cdbc0a93cc,overhead,5.0,focus,0.0,1.0,0.0,0.0,0.0,0.0,0.0,0.0,0.0,0.0,0.0,0.0,0.0,0.0,0.0,0.0
Bffee9d076d50,Sf8cdbc0a93cc,overhead,6.0,focus,0.0,1.0,0.0,0.0,0.0,0.0,0.0,0.0,0.0,0.0,0.0,0.0,0.0,0.0,0.0,0.0
Bffee9d076d50,Sf8cdbc0a93cc,overhead,7.0,focus,0.0,1.0,0.0,0.0,0.0,0.0,0.0,0.0,0.0,0.0,0.0,0.0,0.0,0.0,0.0,0.0
Bffee9d076d50,Sf8cdbc0a93cc,overhead,8.0,focus,0.0,1.0,0.0,0.0,0.0,0.0,0.0,0.0,0.0,0.0,0.0,0.0,0.0,0.0,0.0,0.0
Bffee9d076d50,Sf8cdbc0a93cc,overhead,9.0,focus,0.0,1.0,0.0,0.0,0.0,0.0,0.0,0.0,0.0,0.0,0.0,0.0,0.0,0.0,0.0,0.0
Bfffe3c1a58f4,S38533928bb7e,front,9066.0,gaze_side,1.0,0.0,0.0,0.0,0.0,1.0,0.0,0.0,0.0,0.0,1.0,1.0,0.0,0.0,0.0,0.0
Bfffe3c1a58f4,S38533928bb7e,front,9067.0,gaze_side,1.0,0.0,0.0,0.0,0.0,1.0,0.0,0.0,0.0,0.0,1.0,1.0,0.0,0.0,0.0,0.0
Bfffe3c1a58f4,S38533928bb7e,front,9068.0,gaze_side,1.0,0.0,0.0,0.0,0.0,0.0,0.0,0.0,0.0,0.0,0.0,1.0,0.0,0.0,0.0,1.0
Bfffe3c1a58f4,S38533928bb7e,front,9069.0,gaze_side,1.0,0.0,0.0,0.0,0.0,0.0,0.0,0.0,0.0,0.0,0.0,0.0,0.0,0.0,0.0,0.0
Bfffe3c1a58f4,S38533928bb7e,front,9070.0,gaze_side,1.0,0.0,0.0,0.0,0.0,0.0,0.0,0.0,0.0,0.0,0.0,0.0,0.0,0.0,0.0,0.0
Bfffe3c1a58f4,S38533928bb7e,overhead,9066.0,gaze_side,0.0,1.0,0.0,0.0,0.0,0.0,0.0,0.0,0.0,0.0,0.0,0.0,0.0,0.0,0.0,0.0
Bfffe3c1a58f4,S38533928bb7e,overhead,9067.0,gaze_side,0.0,1.0,0.0,0.0,0.0,0.0,0.0,0.0,0.0,0.0,0.0,0.0,0.0,0.0,0.0,0.0
Bfffe3c1a58f4,S38533928bb7e,overhead,9068.0,gaze_side,0.0,1.0,0.0,0.0,0.0,0.0,0.0,0.0,0.0,0.0,0.0,0.0,0.0,0.0,0.0,0.0
Bfffe3c1a58f4,S38533928bb7e,overhead,9069.0,gaze_side,0.0,1.0,0.0,0.0,0.0,0.0,0.0,0.0,0.0,0.0,0.0,0.0,0.0,0.0,0.0,0.0
Bfffe3c1a58f4,S38533928bb7e,overhead,9070.0,gaze_side,0.0,1.0,0.0,0.0,0.0,0.0,0.0,0.0,0.0,0.0,0.0,0.0,0.0,0.0,0.0,0.0
